:020000040800F2
:100000000040022021780108F1610108096201081D
:1000100000000000000000000000000000000000E0
:100020000000000000000000000000008B8B0108B1
:100030000000000000000000A18C0108F761010829
:10004000B1780108B1780108B1780108B1780108E8
:10005000B1780108B1780108B1780108B1780108D8
:10006000B1780108F5650108B1780108B178010897
:10007000B1780108B1780108B1780108DD6501089F
:10008000B1780108B1780108B1780108B1780108A8
:10009000B1780108B1780108B1780108B178010898
:1000A000B17801080D660108B178010849620108BC
:0C00B00079620108A9620108B17801081A
:1000C00010B5064C2378002B07D1054B002B02D02E
:1000D000044800E000BF0123237010BDB00D0020D4
:1000E0000000000060A40208044B10B5002B03D0F0
:1000F0000349044800E000BF10BDC04600000000F6
:10010000B40D002060A4020802780B78002A03D006
:10011000013001319A42F7D0D01A70470023C25CF7
:100120000133002AFBD1581E7047000002B471460B
:1001300049084900095C49008E4402BC7047C0462A
:1001400003B47146490840004900095A49008E44E9
:1001500003BC7047002243088B4274D303098B42CF
:100160005FD3030A8B4244D3030B8B4228D3030C87
:100170008B420DD3FF22090212BA030C8B4202D329
:100180001212090265D0030B8B4219D300E0090A51
:10019000C30B8B4201D3CB03C01A5241830B8B425A
:1001A00001D38B03C01A5241430B8B4201D34B0343
:1001B000C01A5241030B8B4201D30B03C01A5241A8
:1001C000C30A8B4201D3CB02C01A5241830A8B422D
:1001D00001D38B02C01A5241430A8B4201D34B0216
:1001E000C01A5241030A8B4201D30B02C01A52417A
:1001F000CDD2C3098B4201D3CB01C01A524183092E
:100200008B4201D38B01C01A524143098B4201D367
:100210004B01C01A524103098B4201D30B01C01A92
:100220005241C3088B4201D3CB00C01A524183080C
:100230008B4201D38B00C01A524143088B4201D339
:100240004B00C01A5241411A00D201465241104699
:100250007047FFE701B5002000F0F0F802BDC0468E
:100260000029F7D076E7704703460B437FD400227E
:1002700043088B4274D303098B425FD3030A8B423A
:1002800044D3030B8B4228D3030C8B420DD3FF22A4
:10029000090212BA030C8B4202D31212090265D072
:1002A000030B8B4219D300E0090AC30B8B4201D325
:1002B000CB03C01A5241830B8B4201D38B03C01A6C
:1002C0005241430B8B4201D34B03C01A5241030BE3
:1002D0008B4201D30B03C01A5241C30A8B4201D394
:1002E000CB02C01A5241830A8B4201D38B02C01A3F
:1002F0005241430A8B4201D34B02C01A5241030AB6
:100300008B4201D30B02C01A5241CDD2C3098B429A
:1003100001D3CB01C01A524183098B4201D38B0117
:10032000C01A524143098B4201D34B01C01A5241BA
:1003300003098B4201D30B01C01A5241C3088B42FF
:1003400001D3CB00C01A524183088B4201D38B00EA
:10035000C01A524143088B4201D34B00C01A52418C
:10036000411A00D201465241104670475DE0CA0F63
:1003700000D04942031000D34042534000229C4623
:1003800003098B422DD3030A8B4212D3FC2289012D
:1003900012BA030A8B420CD3890192118B4208D303
:1003A000890192118B4204D389013AD0921100E065
:1003B0008909C3098B4201D3CB01C01A5241830979
:1003C0008B4201D38B01C01A524143098B4201D3A6
:1003D0004B01C01A524103098B4201D30B01C01AD1
:1003E0005241C3088B4201D3CB00C01A524183084B
:1003F0008B4201D38B00C01A5241D9D243088B42A1
:1004000001D34B00C01A5241411A00D20146634643
:1004100052415B10104601D34042002B00D54942A7
:10042000704763465B1000D3404201B5002000F0E6
:1004300005F802BD0029F8D016E770477047C0469E
:100440008446100062468C461900634600E0C046B0
:100450001FB501F0D9FC002801D40021C8421FBDFE
:1004600010B501F029FC4042013010BD10B501F07B
:10047000CBFC002801DB002010BD012010BDC046D0
:1004800010B501F0C1FC002801DD002010BD0120E5
:1004900010BDC04610B501F051FC002801DC002061
:1004A00010BD012010BDC04610B501F047FC00286A
:1004B00001DA002010BD012010BDC04684460800AE
:1004C0006146FFE71FB500F04BFA002801D4002178
:1004D000C8421FBD10B500F0D7F94042013010BD31
:1004E00010B500F03DFA002801DB002010BD01200E
:1004F00010BDC04610B500F033FA002801DD002021
:1005000010BD012010BDC04610B500F0E3F9002871
:1005100001DC002010BD012010BDC04610B500F068
:10052000D9F9002801DA002010BD012010BDC04615
:10053000994201D1801A04D002D201204042704772
:1005400001207047002B11D1002A0FD1002900D1C2
:10055000002802D00021C943080007B4024802A1C4
:100560004018029003BDC046D5FEFFFF03B46846A5
:1005700001B5029800F0BCF8019B9E4602B00CBC8D
:100580007047C046F0B5CE46474680B5070099464D
:100590003B0C9C4613041B0C1D000E00614600041E
:1005A000140C000C45434B4360436143C0182C0CB2
:1005B00020188C46834203D980235B029846C444AA
:1005C000494679437243030C63442D042D0CC9182A
:1005D000000440198918C0BCB946B046F0BDC046F9
:1005E0009E2110B5C905041CFFF798FF002803D110
:1005F000201C00F0CDFC10BD9E21201CC90500F080
:1006000019FB00F0C5FC80231B069C466044F2E702
:1006100070B500220C4B04000D00FFF745FF0028C9
:1006200004D12000290002F06FFA70BD064B0022B1
:100630002000290001F0B8FE02F066FA80231B06B4
:100640009C466044F1E7C0460000E04170B50500FB
:100650000C000022002328002100FFF707FF0028DC
:1006600008D12800210000F00FF802000B00100054
:10067000190070BD80231B06E118280000F004F863
:10068000002342428B41F2E770B500220B4B0D0074
:10069000040001F01DFCFFF7BBFF060002F09AFA10
:1006A0000022074B01F014FC02000B00200029007F
:1006B00001F07AFEFFF7ACFF310070BD0000F03DA5
:1006C0000000F04170B50600080002F053FA002265
:1006D000064B01F0FDFB0D000400300002F07AFA39
:1006E0002B00220000F0B6FC70BDC0460000F041B7
:1006F000F0B557464E464546DE46E0B504000D00CF
:100700009246994683B08B4230D82DD04946504608
:1007100002F074FB29000600200002F06FFB331A80
:100720009846203B9B4633D45A4653469340424614
:100730001F00534693401E00AF423AD8AF4200D14B
:1007400078E05B46A41BBD41002B00DA75E0002277
:1007500000230092019301235A4693400193012301
:1007600042469340009328E08242CFD900220023E2
:10077000009201930C9B002B01D01C605D600098DF
:10078000019903B0F0BCBB46B246A946A046F0BDF5
:10079000424620239B1A5246DA40414613004A46FD
:1007A0008A40170042461F43534693401E00AF4203
:1007B000C4D900220023009201934346002BD9D0D4
:1007C000FB0772081A4346467B080EE0AB4201D194
:1007D000A2420CD8A41A9D41012024196D41002188
:1007E000013E24184D41002E06D0AB42EED9013E09
:1007F00024196D41002EF8D1009801995B4600192B
:100800006941002B24DB2B005A464446D3402A0082
:10081000E2401C005B461500002B2ADB26009E40B0
:10082000330026004746BE403200801A99410090AE
:1008300001919FE7A342BCD883E7424620230021D1
:100840009B1A0022009101920122DA40019286E770
:10085000424620239B1A2A0046469A402300F34032
:10086000444613432A00E2401C005B461500002B5F
:10087000D4DA42462F002023260097409B1ADE4000
:100880003B003343CDE7C04670B5420045024E02FF
:100890004C00C30F6D0A0120120E760A240EC90FF8
:1008A000FF2A06D0FF2C03D0A24201D1B54206D0C8
:1008B00070BD002DFCD1FF2CFAD1002EF8D18B4257
:1008C00006D00120002AF3D12800431E9841EFE70B
:1008D0000020EDE770B5420045024E024C00C30F08
:1008E0006D0A120E760A240EC80FFF2A1BD0FF2CA9
:1008F0000ED0002A1BD1002C01D1002E1CD0002DBF
:100900000CD083421CD00221581E0840013870BD13
:10091000002E22D1002AF4D1002DF2D10028F6D1E8
:1009200001204042F3E7002D17D1FF2CF0D0002C1E
:10093000E7D1002EE5D1E6E70020002DE7D0E2E781
:10094000A24205DCEADBB54202D8E7D30020DEE7AD
:100950004342584140000138D9E702204042D6E7DF
:1009600070B5420045024E024C00C30F6D0A120ED4
:10097000760A240EC80FFF2A0BD0FF2C0DD0002AB8
:100980001FD1002C16D1002E14D10020002D10D024
:1009900009E0002D0CD1FF2C13D1002E08D1002A24
:1009A00008D0834212D00221581E0840013800E0CE
:1009B000022070BD002DF4D10028FAD10120404260
:1009C000F7E7002CEDD1002EEBD1ECE7A24205DCDD
:1009D000F2DBB54202D8EFD30020EAE743425841A8
:1009E00040000138E5E7C046F0B54F464646D646DA
:1009F00044024500C0B5640A0F1C2D0EC60F002D21
:100A000000D18DE0FF2D00D192E000238020994697
:100A10009A46E400C00404437F3D7802430A9846A6
:100A20007B001B0EFF0F002B00D170E0FF2B00D1CD
:100A300086E04246D00080227F3BED180023D2049E
:100A4000024390469C4631004B467940681C0F2B70
:100A50001CD8764A9B00D3589F4639004446E2464C
:100A60005346022B0FD0032B00D1D7E0012B37D1F7
:100A700000200024C0052043C9070843E0BCBA4653
:100A8000B146A846F0BDFF200024F3E7260C24045D
:100A9000220C44462404240C434627001B0C5743D5
:100AA00074435A435E4312193B0C9B189C4203D972
:100AB00080225202944666443F041A043F0CD21925
:100AC0009401671EBC411B0C920E9B1914439B01A1
:100AD0001C431B0100D49BE0012362081C4014430B
:100AE00002007F32002A64DD630704D00F23234015
:100AF000042B00D00434230103D502004C4B803278
:100B00001C40FE2ABFDCA401640AD0B2B2E743460F
:100B1000002B3DD14A4601331A4391469C4692E749
:100B2000002C29D104239946033B00259A4674E7FB
:100B3000002C1BD108239946063BFF259A466CE7FB
:100B40004346FF35002B0BD102234A461A439146F8
:100B50009C4678E753463100022B00D083E792E7AA
:100B600003234A461A4391469C466CE70C23994658
:100B7000093BFF259A4650E7200002F021F976252F
:100B8000431F9C4000236D4299469A462D1A44E724
:100B9000404602F015F94246431F9A4000232D1AA1
:100BA00090469C46763D4EE780240021FF20E403DA
:100BB00060E701239B1A1B2B00DD59E722009E30C2
:100BC000DA4084401300621E94411C43630704D042
:100BD0000F232340042B00D0043463011AD50120D5
:100BE000002447E78020C003044209D04346034263
:100BF00006D14446044364023900FF20640A39E701
:100C00008020C003044364023100FF20640A31E7FE
:100C1000280065E7A4010020640A2BE78020C003B8
:100C200004436402FF20640A24E7C04610DA020885
:100C3000FFFFFFF7F8B5CE46474643025B0A4E0278
:100C4000DA009446720A914645004A0080B52D0E9E
:100C50001F00C40F120EC90FB609FF2A5BD0012076
:100C600041408C4239D0A81A00285ADD002A6AD0A7
:100C7000FF2D00D1D9E08022D20416431B2800DCCE
:100C8000E9E001206346181A430100D4B4E0800172
:100C90008709380002F094F805388740854200DC67
:100CA000CCE02D1AB5483840430704D00F23034049
:100CB000042B00D00430430100D4A0E06A1CFE2DB8
:100CC00000D18DE08001470AD2B2D0053843E40755
:100CD0002043C0BCB946B046F8BDA81A80460028DB
:100CE00045DD002A70D0FF2D00D19EE08023DB047B
:100CF0001E4343461B2B00DCD2E00120604443012D
:100D00007AD50135FF2D6BD001239D4A0340400861
:100D100010401843C8E7002E20D08C4223D0280072
:100D2000FF38002839D0571B002D00D09DE06346C6
:100D3000002B00D1DBE07B1E012F00D10DE1FF2F46
:100D400071D01F0098E0002E00D1A7E0421E0128BC
:100D500000D1E6E0FF2868D010008FE70120414075
:100D6000A14200D07FE7FF2040428046A844404691
:100D7000002838D0511B002D00D1AEE0FF2A00D151
:100D8000DFE080236046DB04184384461B2900DC37
:100D9000D9E0012015008019B1E7FE206A1C10423D
:100DA00071D1002D00D0A6E06346002B00D1D9E020
:100DB0000022002E00D188E7981B430100D4E1E017
:100DC00063460C00F01A6FE7002E00D1B7E0020076
:100DD000013A012800D19CE0FF2826D0904688E700
:100DE000FF22002771E7FE206A1C104264D0FF2A10
:100DF000F6D0150066447008430700D056E7C308D4
:100E0000FF2D12D05B025F0AEAB25EE76246002A5B
:100E100000D196E0002E08D08022D203134204D0E5
:100E20004846104201D10C004B46002BD8D08027F9
:100E3000FF031F437F02FF227F0A46E720233A0079
:100E4000451B38000135EA405D1BA840431E984110
:100E50000025104328E720231B1A32009E40C24081
:100E60003000431E984110430CE7FF2ADBD080235B
:100E70006046DB04184384461B2F56DD01200C001E
:100E80001500301A00E763469F1B7B013DD4002FFD
:100E900000D0FEE600240022002716E70500AFE799
:100EA000320043464146DA4020235B1A9E40300020
:100EB000431E9841104321E7002DA7D16346002B24
:100EC00059D00022002E00D1FFE6300060444301DB
:100ED00092D52A4B013518408EE76346002B47D048
:100EE0004B1E012915D0FF292BD019004EE70C000D
:100EF0004B463D0084E76246002A8BD1002E92D1FA
:100F000080270024FF22FF03DFE663460C00F71A68
:100F1000BFE6300060440125430100D46CE70225A0
:100F2000F2E663460125981BAEE620236446604640
:100F3000FC40DF1BB840431E984120439FE705005B
:100F40005EE74B4671E7202365466046CD40591A5F
:100F50008840431E984128431CE763460C00012546
:100F6000F01A91E6002E95D00C004F460022ACE618
:100F70004B460D0044E74F460022A6E6FFFFFFFB6D
:100F8000FFFFFF7D002800D036E7002400279CE605
:100F900041024200C30F490A0020120E7E2A03DDDF
:100FA0009D2A02DD094A98187047802000040143F9
:100FB000952A07DC9620821AD1404842002BF3D1B3
:100FC0000800F1E7963A9140F7E7C046FFFFFF7F40
:100FD00070B5051E0ED001F0F3FE9E2304001B1A0F
:100FE000962B0CDC082801DD083CA5406D026D0A3B
:100FF000D8B201E000200025C005284370BD992B20
:1010000009DD020029001B3291404A1E9141052250
:10101000121AD5400D43052C12DC29000C4E31402C
:101020006A0709D00F202840042805D004314A015E
:1010300002D59F2331401B1B89014D0AD8B2DBE743
:10104000621F95402900024E31406A07F4D0E9E75B
:10105000FFFFFFFBF0B54F464646D6460D000400A5
:10106000C0B51F0011002803620F400A10437A0028
:10107000520DE3003C039146640AFA0F4F0F6E00D5
:1010800027439246B846760DED0FC900954200D130
:1010900099E04C46341BA446002C00DC7CE04A4618
:1010A000002A00D1B8E0C54A964200D11CE1802256
:1010B0003C0012041443A0466246382A00DD61E178
:1010C0001F2A00DDCCE164462022121B44469440D6
:1010D0000F00A14664469140E7404C464A1E9141AC
:1010E0003C43424621436446E240801A5C1AA342D4
:1010F0009B415F42C71B3B0200D4D0E07F027F0AC6
:10110000002F00D1FFE0380001F05AFE010008393D
:10111000202322005B1A8F40DA408C401743B142F3
:1011200000DAFFE0891B4B1C1F2B00DDA8E020220A
:101130003900D21A200094409140D840621E944158
:10114000DF40002601430C43630709D00F232340EF
:10115000042B05D0231DA342A44164423F191C0067
:101160003B0200D49EE0954B01369E4200D1B7E091
:10117000934AE40817407B0771057F0223433F0B26
:101180004A0D12053A43ED072A4318001100E0BC4E
:10119000BA46B146A846F0BD002C4BD04C46A41B25
:1011A000A446002E00D023E104001C4300D1AFE18F
:1011B0006246541E012A00D115E2804DAC4500D193
:1011C000C8E1A4461BE14A46B21A9446002A00DC54
:1011D000ACE04A46002A43D0784A964200D1AFE1BB
:1011E00080223C0012041443A0466246382A67DC81
:1011F0001F2A00DC5FE14746203AD7406246202A9A
:1012000005D064464022121B4446944021434A1EA6
:1012100091410C003C4357E03A000A4300D105E1FC
:101220002200013A012C00D182E1644CA4455BD03C
:10123000944641E7634C771C274200D0C4E0040089
:101240001C43002E00D069E1002C00D1BFE14446D0
:101250000C4300D0D0E14207DB081343C00829E06B
:101260003A000A4300D170E162466446013A012C1B
:1012700000D1E0E0514CA44500D161E19446B4E7CF
:101280003A001F39CA401100202B03D04022D31A44
:101290009F403C43631E9C41002700260C4363078C
:1012A00000D053E7B446E4087B072343F808434AD9
:1012B00094451DD06246070352053F0B520D60E76F
:1012C00044460C43621E9441E4189C429B415F4299
:1012D0003F183B02E3D5394B01369E4200D0B5E0C2
:1012E0003200002700234CE74207DB081343C00805
:1012F0001A00024300D1E1E180273F0307433F0387
:101300002E4A3F0B3DE7200001F05AFD0100183145
:101310001F2900DCFCE60838844027000024B14285
:1013200000DBFFE6264A761A17400DE7002A2FD089
:101330004A46921B9446002E00D1ADE01F4A9145CB
:1013400000D10FE18022120410436246382A00DDEA
:101350000FE11F2A00DD80E1644620221E00121BDF
:101360006746040093409440FE405A1E9341F84063
:1013700034431C43804464188C42BF417F424E4634
:101380004744A6E742460A4311004A1E9141ADE692
:101390000C4C721C224200D0A1E002001A43002E25
:1013A00000D0FAE0002A00D145E13A000A4300D01B
:1013B00046E14207DB081343C0087BE7FF07000054
:1013C000FFFF7FFFFE07000047465C1AC21BA342D7
:1013D000BF417F42B94617004A46BF1A3A0200D5BC
:1013E0008DE023003B4300D08AE60020002561E722
:1013F000B44CA14500D1ADE08024240420436446D0
:10140000382C3DDC62461F2C00DDB7E020251E0095
:101410002D1B0400AB40AC40D640D04042465D1E80
:10142000AB413443121A904623432CE04207DB08B9
:101430001343C0083BE75C189C429B4140445B421D
:10144000C71801263B0200D429E702269E4A6308FA
:101450001740012214401C43FB071C437F0873E61E
:101460004446203AD4406246202A05D067464022AE
:10147000D21B4746974039434A1E9141214335E6E6
:101480000343581E8341CC1AA142BF4143467F42C9
:1014900055464E46DF1B2EE602001A4300D1BDE042
:1014A00062466446013A012C00D1E5E0854CA44532
:1014B00058D0944649E764462022121B4446944083
:1014C0000F00A14664469140E7404C464A1E9141B8
:1014D0003C4342460C436146CA408018F4E6794CCE
:1014E000A24200D1FDE6591899429B4140445F4217
:1014F000C719FC07490816000C437F08CFE6CC1A31
:10150000A142BF4143467F42181A5546C71BF7E523
:10151000C9087B0755460B43F808C8E6002C00D0E5
:1015200081E043460B4315D1802000250003E3E60C
:101530005C1AA3429B41C71B5B420126FF1ADAE5F6
:101540004207DB081343C008D2E64207DB08134317
:10155000C008ACE643464246C9085B0755460B4304
:10156000D008C5E6434642465B07C9080B43D0088E
:10157000BEE603431C00631E9C41FCE60200203CC7
:10158000E24014006246202A03D04025AD1AA8404C
:101590000343581E8341234375E7002AE2D03A00F3
:1015A0000A43CDD04207DB0813438022C008120350
:1015B000104206D0FC08144203D12000CB087A0761
:1015C00013435A0FDB005207DB08134390E64346F0
:1015D0000B4300D109E743464246C9085B0755461D
:1015E0000B43D00866E6CC1AA14289413F1A494212
:1015F000554601267F1A7EE542465C1A871AA342A9
:1016000092415242BF1A3A023DD5CC1AA1428941B9
:10161000434649421F1A55467F1A95E57B07C9087C
:101620000B43F80843E64446DB080C4330D142073D
:101630001343C0085CE67B07C9080B43F80839E68A
:101640005C189C429B4140445B42C7183B0200D45B
:1016500025E61D4B01261F4021E60400203AD44018
:101660006246202A04D040226646921B90400343E3
:101670005A1E93411C437EE65C188C4289414044CB
:1016800049424718DDE623003B4300D1ADE606E6BC
:10169000440723438024C0082403204208D0424644
:1016A000D608264204D155463000CB0851070B43DB
:1016B0005A0FDB00DB085207134319E60023014AE7
:1016C0001F005EE5FF070000FFFF7FFFF0B55746F4
:1016D0004E464546DE46E0B5814605000C0348000F
:1016E00092461F0085B0240B400DCE0F002800D17C
:1016F00056E1D44B984200D172E16B0FE4001C43D9
:1017000080231B0423439846CF4BED009B460023C8
:101710009946834400933C037B005046240B5B0DA9
:10172000FF0F002B00D11FE1C64A934200D162E1B6
:10173000C549420F8C46E400594614438022634455
:101740001204CB1A14439B46C200002033007B4096
:101750009A464B460F2B27D8BC499B00CB589F4637
:10176000B246009B022B16D0032B00D18EE2012B38
:1017700000D0D9E000230024002552461B05234356
:10178000D20713432800190005B0F0BCBB46B2468F
:10179000A946A046F0BD00240025AA4BEDE7BA46B5
:1017A000A04615000090DCE7444500D2C7E100D117
:1017B000C2E101235B429C462E0040460025E344E3
:1017C0002302140E1C431B0C994623041F0C120207
:1017D000494600920197FEF743FD02007A430B044D
:1017E000310C804619438A4207D901235B429C464B
:1017F0000919E0448C4200D807E2881A4946FEF7EE
:101800002FFD09048C4631046646019A090C4243B7
:10181000030031438A4204D90919013B8C4200D8A4
:10182000EDE1881A424612041A4390464146009B55
:101830000E041B0C1F000293009B360C1B04190C9A
:101840000B007343120C7E43039151437A431F0CE8
:10185000BC4676186644B14203D9802149028C46C1
:101860006244310C8A1831041E04360C8E199042E1
:1018700002D312D1B54210D24346591E009B9C465A
:1018800065441F009D429B415B421B19C018844266
:1018900000D2A0E100D19BE18846AE1BB542AD412C
:1018A000801A6D42401B844200D1D5E14946FEF7C3
:1018B000D7FC019A0B044243310C050019438A42BC
:1018C00000D96CE1881A4946FEF7CAFC019A360431
:1018D00042430904360C03000E43B24200D953E1DF
:1018E0000398B61A02002D041D43029F2B041B0C03
:1018F0005A437B439C46290C4843130C844463445D
:101900007943984203D98020400284466144180CF0
:1019100012041B04120C41189B188E4200D2FFE0E7
:1019200000D1FAE001231D43494A5A44002A00DC51
:10193000AAE06B0700D03DE1ED084346DB0106D588
:101940004246444B1A4090468022D2005A44424BB1
:101950009A4200DD1FE743465B071D43434652059D
:101960005C02240B530D08E75246224300D17BE072
:10197000002C00D1FAE0200001F022FA02000B3A1C
:101980001D2301009B1A52460839DA408C4014434B
:1019900052468A40314B58449B4683440020D5E64A
:1019A0004B462343984644D0002C00D1CEE0200083
:1019B00001F006FA010002000B391D235B1A4946AB
:1019C0001000D940083884400B004D462343984608
:1019D00085402348831A9B460023994600939AE644
:1019E0004B46234398461DD108239946063B0025C4
:1019F000834600938FE65246224309D1022349468B
:101A00001943184B89469C4600240220E3449DE676
:101A100003234A461A43134B91469C4652460320E1
:101A2000E34493E60C239946093BA0468346009382
:101A300071E60423994600239B4601330025009359
:101A400069E6C046FF07000001FCFFFF50DA02080C
:101A5000FF030000FFFFFFFEFE070000F30300008E
:101A60000DFCFFFF01F8FFFF49460123194389469A
:101A7000002401206AE6002380249A4600258A4B30
:101A800024037AE601256D4201239B1A382B00DDE1
:101A900070E61F2B00DCBFE01F2149428A1A414635
:101AA000D1400A00202B04D04146804B5B44994032
:101AB0000D436B1E9D4107232A431D000024154042
:101AC000134200D1D4E00F2100231140042900D19A
:101AD000CBE0111D9142924152429B180A0019021B
:101AE00000D4C2E001230024002546E680234146BD
:101AF0001B03194208D01C4206D11C432403BA46DA
:101B00001500694B240B38E68024434624031C430C
:101B10002403B246644B240B2FE6002B00D103E7CD
:101B2000A619681EA64200D28DE08E4200D2A3E024
:101B300000D1B3E00500F5E6AA4200D939E64346F4
:101B4000DE0758086B081E43ED0739E6484601F0EA
:101B500037F901000200153120321C2900DC2CE786
:101B60004B46083883400025984632E701F028F9B3
:101B700003001A00153220301C2A00DC00E754460E
:101B8000083B00229C4005E73619013BB44200D9CE
:101B9000A6E6B24200D8A3E6831E3619A0E60919CC
:101BA000013D8C4200D98DE68A4200D88AE6851E26
:101BB000091987E60F232B40042B00D1BCE605232F
:101BC0005B42AB429B4104355B42ED089844B4E66E
:101BD000AF4200D960E6824204D800D05CE6AE4253
:101BE00000D859E602235B429C46009BE0449C4699
:101BF00065449D429B415B421B19C0184DE68A42D9
:101C000000D80EE6831E09190BE68A4200D8F4E5D7
:101C1000831E98460919F0E52549280059448D404E
:101C200042468A40691E8D414146D840D940024310
:101C30002A430B00510700D151E70F21114004291D
:101C400000D046E74BE705008E4200D06AE6009AD6
:101C5000934200D066E667E6164A5A44002A00DC42
:101C600010E701230025984467E65D075B021C0B23
:101C7000D2080023154380E50098023D42008242CD
:101C8000BF417F423C1936190092DDE7802443466C
:101C900024031C432403044B240B6EE5009A9A4250
:101CA000EAD30500D3E7C046FF0700003E0400006A
:101CB0001E040000FF030000F0B54E464546DE4618
:101CC00057469046E0B517001A03120B05008446EC
:101CD00019480E034C0091465A00DB0F9B46360B09
:101CE000640DC90F520D844219D0824210D00120D8
:101CF00094420ED14E450CD10120C44509D159451D
:101D000017D0002C05D130002843431E984100E035
:101D10000120F0BCBB46B246A946A046F0BD330048
:101D200001202B43F5D1A242F3D14B463B43F0D1E6
:101D3000E2E70020EDE7C046FF070000F0B54746A8
:101D4000CE460400180016001B031B0B2D4D4A0045
:101D5000994680B543000F03A446B0463F0B520D91
:101D6000C90F5B0DC00FAA4221D0AB4213D0002A8D
:101D700022D13C43002B02D14D462E4322D0002CD1
:101D800010D0814222D00220013908400138C0BC65
:101D9000B946B046F0BD4D462E4329D1002AF0D1B8
:101DA0003C43EED10028F2D101204042EFE73D0054
:101DB00025431DD19342EED0002BE2D14C46264361
:101DC000DFD1E0E70020002CE1D0DCE79A420ADC1A
:101DD000E8DB4F45D7D80ED000204F45D7D2002999
:101DE000E2D00800D3E74342584140000138CEE733
:101DF00002204042CBE7C445C5D80020C445C6D226
:101E0000EDE7C046FF070000F0B54746CE460400A8
:101E1000180016001B031B0B2C4D4A00994680B579
:101E200043000F03A446B0463F0B520DC90F5B0D94
:101E3000C00FAA420DD0AB4210D0002A27D13C439C
:101E4000002B11D14D462E430ED10020002C15D071
:101E50000EE03D00254310D1934218D14D462E434C
:101E60000BD1002A02D13C43002C0BD0814214D06C
:101E7000022001390840013800E00220C0BCB94608
:101E8000B046F0BD0028F9D101204042F6E7002B12
:101E9000ECD14C462643E9D1EAE79A4204DD4342BD
:101EA000584140000138E9E79A42EBDB4F45DFD863
:101EB00006D000204F45E1D20029E5D00800DDE73B
:101EC000C445D5D80020C445D8D2F5E7FF070000A7
:101ED000F0B557464E464546DE46E0B598460C03FB
:101EE0004B000600924687B0240B5B0DCF0F002BF2
:101EF00000D15CE1D94A934200D175E1420FE40080
:101F00001443802212041443D54AC5009446634406
:101F10000093002399469B46434642461E03D20F38
:101F20005B0050469046360B5B0D00D120E1CB4A5A
:101F3000934200D162E1CA49420F8C460099634442
:101F4000F6008C46164380229C44120463461643D6
:101F5000C200002000930099434601318C46494657
:101F60007B4001930F2926D8BE4B890059588F46D4
:101F7000434601933400150083465B46022B16D07E
:101F8000032B00D103E2012B00D0CDE0002200247E
:101F90000025019B12052243DB071A43280011008C
:101FA00007B0F0BCBB46B246A946A046F0BD00242F
:101FB0000025AA4AEDE7280C2D042D0C2B00110C4E
:101FC0001204120C5343984613002F0043439946C2
:101FD0004F434F44BB4647460B003F0CBA46434372
:101FE000DA440293D14504D980277F02B9464B4495
:101FF000029353461B0C9B4653461F0443461B0447
:102000001B0C98463B0043440493330C3604360CB7
:102010009846330043439946434643432F009A462C
:10202000434677435D43380C4D444519A94503D9D0
:1020300080235B029946CA443F04280C3F0C2D04C0
:10204000ED19270C2404240C0300200050437A438C
:1020500091463A0053440593030C9A464A43614320
:1020600049445144AB44894503D980235B029946D6
:102070004A4400040B0C000C09040918200099467E
:10208000434670435C437E435F43030C9846A41968
:1020900044444A440397A64204D980235B029846ED
:1020A000474403972304029E9A46059B5E44984644
:1020B000AE42AD4176188E4289410004000C504476
:1020C00040446D424719B846934649428946C34445
:1020D000D94498428041A845AD41934592418945F4
:1020E00089416D4240422843240C524249420A43EE
:1020F000039B00198018C7184B46DC0D049B750222
:102100001D436A1E95414B46F60D7F0235435A0228
:102110003C431543FB0100D41CE101216A080D403A
:102120001543E207154364084F496144002900DC68
:10213000B0E06B0709D00F222A40042A05D02A1DDF
:10214000AA42AD416D4264191500E30104D5802116
:10215000464AC90014406144454A914200DD26E7E1
:102160006207ED08640249051543240B4A0D10E788
:102170005246324300D17FE0002E00D1DCE0300037
:1021800000F01EFE02000B3A1D2301009B1A52466E
:102190000839DA408E40164352468A40009B354942
:1021A000181A03008C46634400200093D3E62500F0
:1021B00005434AD0002C00D1B0E0200000F000FE22
:1021C000010002000B391D2310005B1A310035009D
:1021D00008388440D94085400C432648831A009330
:1021E000002399469B4697E60500254326D1082201
:1021F00000930223002491469B468DE65246009BA5
:10220000324310D1154900268C4663444946009359
:1022100002231943894602209DE65B460197022B63
:1022200000D0ADE6C3E60D4A0320944663444A4617
:10223000009303231A43914652468CE60C220093E6
:102240000323050091469B4666E604239946002336
:102250000093013300249B465EE6C046FF07000062
:1022600001FCFFFF90DA0208FF030000FFFFFFFE02
:10227000FE0700000DFCFFFF494601231943894674
:102280000026012067E6002380240025434A0193AD
:1022900024037EE60120401A382800DD76E61F2858
:1022A0005BDD1F2223005242511ACB401900202827
:1022B00003D03B4A6244944025436A1E95412A005C
:1022C0000A4307210D000024154011425BD00F2165
:1022D00000241140042953D0111D914292415242D1
:1022E000A4180A0023024BD501220024002550E641
:1022F00080231B031C4209D01E4207D133431C0319
:1023000043461500240B254A019342E6802212031E
:1023100014432403214A240B01973AE600F050FDB0
:1023200001000200153120321C2900DC4BE734008B
:1023300008380025844050E700F042FD03001A00F1
:10234000153220301C2A00DC1EE75646083B0022CE
:102350009E4023E7009B9C46E6E61249220061442A
:102360002E008D408A40C640691E8D4132432A436B
:10237000C4405307B6D00F2111400429ACD1B1E7B6
:1023800065076402240BD2081543002201E680226F
:10239000120314432403014A240BFAE5FF0700004B
:1023A0003E0400001E040000F8B557464E46454660
:1023B000DE46E0B51E0017004A000B03520D5B0A13
:1023C0009046420F1A43CD0FCD4C3103C3009446C3
:1023D00070007A0F490AFF009A46B946400DF60F81
:1023E0001143A04200D1B1E001225640B346B542AC
:1023F00000D188E04246121A002A00DCAEE0002834
:1024000000D1C1E0BE48804500D151E180200004E8
:102410000143382A00DD7BE11F2A00DDEEE12020A8
:102420003E00801A0C00D640D1408740624684406E
:10243000521A781E8741944634432743DC1BA3423B
:102440009B4162465B42D31A99464B461B0200D41D
:1024500018E14B465802430A99464B46002B00D1DF
:1024600037E1484600F0ACFC010008392023220087
:1024700048465B1ADA4088408C4043461043884502
:1024800000DD36E1C91A4B1C1F2B00DDEAE02022DB
:102490002600D21A01009440DE40D840002391402B
:1024A000621E94418146984631430C43630709D02C
:1024B0000F232340042B05D0231DA342A4416442D3
:1024C000A1441C004B461B0200D4DEE041468C4B6D
:1024D0000131994200D1E7E04B468A48E4080340C5
:1024E000180049055B07400223434A0D040B1205FF
:1024F000ED0722432A4318001100F0BCBB46B24648
:10250000A946A046F8BD4246121A002A52DD00280C
:1025100000D19CE0A04500D1CAE080200004014326
:10252000382A00DD49E11F2A00DC97E110000E0087
:102530002038C640202A04D04020821A91400F4300
:10254000B9464C46621E944134433AE10A003A438C
:1025500028D0B346B5422BD06B4A4244002A5DD006
:1025600042464446821A002C00D0F5E065461D43E1
:1025700000D19CE1551E012A00D1FBE1604CA24232
:1025800000D1BDE12A00F0E00800384300D1C3E0EB
:10259000501E012A00D1A8E1594CA24200D187E087
:1025A000020036E701225640B346B54200D021E78B
:1025B000554A4244002A00D1B5E042464446821AB8
:1025C000002C00D138E14E4EB04200D1DEE1802631
:1025D000644636043443A446382A00DD96E11F2AB7
:1025E00000DD24E22026B41AA24664465646B440D2
:1025F000A1461C004E46D440264334005646B34004
:102600005E1EB3411C436346D340C918E419BC4263
:10261000BF417F42B94680468944D8E040463B4CA2
:102620000130204200D0B4E04046002800D044E110
:102630006046184300D190E10800384300D0AAE179
:102640006146DB0849070B436146CC0827E00800D8
:10265000384361D0501E012A00D139E1A24227D06F
:1026600002005DE702001F39CA401100202B03D091
:102670004022D31A98400443631E9C41002399468C
:1026800098460C43630700D012E74B464A46E408DD
:102690005B072343D408424619498A420ED02403DB
:1026A0005205240B520D22E70A00002400231EE7E6
:1026B000DB086246520713436246D4081A002243DD
:1026C00000D1FCE180221203144324030C4A240BA2
:1026D0000DE7200000F074FB010018311F2900DC19
:1026E000C4E608388440434620000024884500DCC6
:1026F000C8E6044A5B1A104098468146D6E6C046B2
:10270000FF070000FFFF7FFF01F8FFFFFE0700004B
:102710000F437A1E974191E66146DB0849070B4358
:102720006146CC08B8E74046D34C0130204200D087
:10273000A2E04046002800D001E16046184300D1E5
:102740005EE10800384300D05FE16146DB084907DD
:102750000B436146CC08A2E7C84DA84200D1CFE0A8
:10276000802564462D042C43A446382A56DC1F2AB3
:1027700000DDD1E020251E00AD1A6446AB40AC4020
:10278000D6405D1EAB41344323436446D440091B0D
:1027900049E06046DC1B461AA34280414042814624
:1027A00030004E46801B8146000276D44B462343C0
:1027B00000D052E60024002571E739430C00621E68
:1027C0009441E4189C429B415B42634499464B46CA
:1027D0001B0200D456E701239C46A84BE0449845D1
:1027E00038D04B46A6480122034018006308144025
:1027F0001C43C3071C434308994657E610000E00CC
:102800002038C640202A04D04020821A91400F432D
:10281000B9464F467A1E974137430FE662461A4340
:1028200013005A1E9341FC1AA742BF417F42CB1BA3
:1028300099465D46804608E666461E4300D1BEE0E6
:10284000561E012A00D109E18C4CA24200D119E1A7
:102850003200C1E642460024002348E620200C0056
:10286000801A3E0087408440D640781E8741D14080
:1028700034433C438C44A4E7804A904200D1E9E0D1
:10288000DF199F429B4161445B42C918CC077F0816
:102890004B08994680463C43F4E6FC1AA742BF41E8
:1028A00063467F42C91ACB1B99465D46D5E5FF08B2
:1028B0004B075D463B43CC08EEE662461A4300D028
:1028C00082E00B003B431BD1802400252403F9E662
:1028D000DC199C429B41614489465B4299444B46CA
:1028E0001B0244D401239846CCE6DC1B6246A3427B
:1028F0009B41511A5B42CB1A994601239846A4E5A5
:10290000FF084B075D463B43CC08D7E662461A43B7
:102910001400631E9C4179E615006446203DEC409E
:10292000A046202A05D040256446AA1A9440234395
:102930009A465446631E9C414346234373E76246CE
:102940001A4323D00A003A4300D0A0E06246DB08D5
:10295000520713436246D408B0E60B003B4300D154
:1029600028E7FF084B075D463B43CC0897E6022368
:10297000984636E7FC1AA742BF4163467F42C91A10
:10298000CB1B994601235D4698465EE54B07FF0841
:102990003B43CC0892E6DC1B6046A342B641401A9A
:1029A0007642801B8146000260D5FC1AA742BF41D7
:1029B00063467F42C91ACB1B99465D4676E5FF0800
:1029C0004B073B43CC0867E60A00DB083A4300D1DB
:1029D0006FE66246520713436246D4088022120310
:1029E000144207D0C808104204D15D460400FB0819
:1029F00049070B435A0FDB00DB08520713435DE620
:102A00004B07FF083B43CC0849E6DC199C429B413D
:102A1000614489465B4299444B461B0200D431E62F
:102A20004A46174B1A400123914698462AE616005B
:102A30006446203EF440A046202A05D04026644645
:102A4000B21A944023439A465446631E9C4143461F
:102A50001C43DBE502000024002348E5DC19BC42EE
:102A6000BF41614489467F42B94438E74B4623431E
:102A700000D19FE606E6C046FE070000FF07000003
:102A8000FFFF7FFFFF084B073B43CC0816E662467B
:102A9000DB08520713436246D40880221203144213
:102AA00007D0C808104204D15D460400FB0849075E
:102AB0000B435A0FDB005207DB081343FEE50023EC
:102AC000014A1C0013E5C046FF07000070B5050071
:102AD0000C481C0316005B000A034900120B490D49
:102AE000240B5B0D814208D0064A0020934203D19B
:102AF00020003043431E984170BD01202A43FBD182
:102B0000F2E7C046FF0700000A0030B5134C53003F
:102B100009030500090B00205B0DD20FA34204DD61
:102B20000F48834202DD0F4BD01830BD8020400398
:102B300001430D48C01A1F2808DD0C48C31AD940AC
:102B40000B005842002AF0D11800EEE7084CC540AF
:102B5000A446634499400B002B43F2E7FE030000B8
:102B60001D040000FFFFFF7F33040000130400007A
:102B7000EDFBFFFF70B5002816D0C317C5185D40E8
:102B8000C40F280000F01CF9114A121A0A2816DC9A
:102B900003002E0015339E400B23181AC540520522
:102BA0002D032D0B530D03E00024002300250026E8
:102BB0001B052B43E40723433000190070BD0B387D
:102BC000854052052D0300262D0B530DF0E7C0461E
:102BD0001E04000010B5041E10D000F0F1F80F4BD9
:102BE0001B1A0A2811DC0B222100121AD1401530C1
:102BF0000A035B058440120B5B0D01E000230022F9
:102C00001B0513432000190010BD22000B38824021
:102C10005B0512030024120B5B0DF1E71E0400009C
:102C200070B543004602C40FFE201B0E591C750AE6
:102C300008420CD0E022920094466D07360B6344A4
:102C40001B053343E40723432800190070BD002B04
:102C500014D1002D1BD0280000F0B2F80A281CDC8B
:102C60000B232E001B1ADE40030015339D400E4A35
:102C70003603121A5205360B530DE1E7002D09D029
:102C80008022360B1203094B6D071643D8E7002349
:102C90000026D5E70026054BD2E703000B3B9D40FD
:102CA0002E000025E3E7C04689030000FF0700006F
:102CB00002004B00F0B55B0D0C033D4E640A400F63
:102CC0005F1CC90F0443D50037420AD039481E188B
:102CD000FE2E16DDFF200024C0052043C90708434F
:102CE000F0BD002B06D12C4326D005229201540AB8
:102CF000D8B2F1E72543EDD08020C0030443FF2084
:102D0000EAE7002E1BDD9201531E9A41E4006D0F8D
:102D100022432A43530748D00F231340042B00D0EB
:102D200004328023DB0413403FD0701CFE2ED1D030
:102D30009201540AC0B2CFE700200024CCE7320051
:102D4000173222DB8020000420431E24A41B1F2CEA
:102D50001DDD02225242961B0200F2401600202C7A
:102D600004D0154A94466344984005432A00531EF4
:102D70009A41324300265307CED180241300E40445
:102D8000012023402242D3D1B0E70023ADE70B4A14
:102D900094462A00E24014002A0063449A40984076
:102DA000551EAA4102432243E4E733009EE7C04692
:102DB000FE07000080FCFFFFA2FCFFFF82FCFFFF7C
:102DC0001C2101231B04984201D3000C10391B0A5B
:102DD000984201D3000A08391B09984201D300091F
:102DE000043902A2105C40187047C0460403020276
:102DF00001010101000000000000000010B50029E1
:102E000003D1FFF7DDFF203002E00800FFF7D8FF15
:102E100010BDC04680B500AFBFF34F8FC046044B16
:102E2000044ADA60BFF34F8FC046C046FDE7C04694
:102E300000ED00E00400FA0580B582B000AF0200AA
:102E4000FB1D1A70FB1D1B78112B23D0FB1D1B785B
:102E5000052B1FD0FB1D1B78192B1BD0FB1D1B78CE
:102E6000172B17D0FB1D1B780F2B13D0FB1D1B78C6
:102E70001B2B0FD0FB1D1B78182B0BD0FB1D1B78B9
:102E80000E2B07D0FB1D1B78132B03D0FB1D1B78CB
:102E9000062B01D1462300E047231800BD4602B0AF
:102EA00080BD000080B582B000AF0200FB1D1A702B
:102EB000FB1D1B785A1E05491300DB009B1A5B00A3
:102EC0005B5ADBB21800BD4602B080BD0000002096
:102ED000F0B587B000AFB96011007B600F257B199A
:102EE000021C1A700C26BB190A1C1A801523FC1828
:102EF00028220823D318DB191B781800FFF7D2FF0C
:102F00000300237017243B1901221A707B191B78C8
:102F1000180014F05FFB031E4CD07B191A782A4B63
:102F20009200D3587A681100180015F0C1FA031EF8
:102F300040D11523FB181B781800FFF77DFF030015
:102F4000472B0ED17B191B78180014F043FB3C195A
:102F5000BB191A88BB6819001EF0F0F90300237032
:102F600028E01623FB1800221A701AE00F23FB1822
:102F70001B78180014F02EFB1723FC18BB680122E5
:102F800019001EF0DBF903002370BB680133BB603E
:102F9000022018F03DFD16217B181A787B180132AB
:102FA0001A701623FB181B789BB20C22BA181288D1
:102FB0009A42DBD80A2018F02BFD1723FB181B7848
:102FC0001800BD4607B0F0BD3022002080B500AF2C
:102FD00000F010F800F042F800F0ACF800F03AF918
:102FE00000F046FA00F074FB00F0E8FCC046BD4675
:102FF00080BD000080B582B000AFFB1D00221A70BA
:10300000BB1D01221A7019E0BB1D1B789BB2013356
:1030100098B2BB1D1B78013B5A000E4BD318190008
:1030200010F0F2FABB1D1B78192B02D9FB1D0A22E6
:103030001A70BB1D1A78BB1D01321A70064B1B7823
:10304000BA1D12789A42DFD9FB1D1B781800BD46C5
:1030500002B080BD1C460020B000002090B583B0B7
:1030600000AFFB1C00221A70BB1D00221A803B001F
:1030700000221A807B1D00221A704BE03B1D0122AA
:103080001A7033E0BB1D1B881C339BB23A00110041
:10309000180010F0B9FA3B0018887B1D1A783B1D08
:1030A0001978C4B2214813009B009B185B00C31819
:1030B000221C5A543B001B881B0A98B27B1D1A78AD
:1030C0003B1D1B78591EC4B2184813009B009B1867
:1030D0005B00C318221C5A54BB1D1A88BB1D013249
:1030E0001A803B1D3A1D127802321A703B1D1B7864
:1030F000092BC7D97B1D1A780C4913009B009B181C
:103100005B00CB18093300221A707B1D1A787B1DD7
:1031100001321A70064B1B787A1D12789A42ADD98B
:10312000FB1C1B781800BD4603B090BD00160020A4
:10313000B000002090B583B000AFFB1C00221A70D5
:10314000BB1D00221A803B0000221A807B1D00223A
:103150001A707B1D00221A7015E0BB1D1B88CB3333
:1031600098B27B1D1B785A00374BD318190010F00A
:103170004BFABB1D1A88BB1D01321A807B1D1A78C1
:103180007B1D01321A70314B1B787A1D12789A42DE
:10319000E3D37B1D00221A704BE03B1D01221A7005
:1031A00033E0BB1D1B8899339BB23A001100180015
:1031B00010F02AFA3B0018887B1D1A783B1D1978FD
:1031C000C4B2234813009B009B185B00C318221C49
:1031D0005A543B001B881B0A98B27B1D1A783B1D72
:1031E0001B78591EC4B21A4813009B009B185B0041
:1031F000C318221C5A54BB1D1A88BB1D01321A80E9
:103200003B1D3A1D127802321A703B1D1B78092BA8
:10321000C7D97B1D1A780E4913009B009B185B00D1
:10322000CB18093300221A707B1D1A787B1D0132DE
:103230001A707B1D1B78092BAFD9FB1C1B7818005B
:10324000BD4603B090BDC0462C160020B000002043
:1032500094150020F0B589B002AF0B23FB180022B3
:103260001A703B1D00221A80BB1C00221A80082104
:103270007B1800221A80BB1D00221A801726BB195A
:1032800000221A7000233B610023FB600D007C18B4
:103290003B1D1900E42010F0B7F9030023807B19CF
:1032A0001B88002B03D13B1D1A88BB191A700825F7
:1032B0007C193B1D1900E52010F0A6F903002380BE
:1032C000BC1DBB1C1900E62010F09EF903002380F2
:1032D0007B191B88002B0AD1BB1D1B88002B06D134
:1032E0003B1D1B881B04BA1C12889B183B610825D8
:1032F0007C193B1D1900E72010F086F9030023809C
:10330000BC1DBB1C1900E82010F07EF903002380CF
:103310007B191B88002B0AD1BB1D1B88002B06D1F3
:103320003B1D1B881B04BA1C12889B18FB600825D8
:103330007C193B1D1900E92010F066F90300238079
:103340007B191B88002B0BD13B1D1B881B0A9BB2D2
:10335000DAB2414B1A703B1D1B88DAB23F4B1A7030
:1033600008257C193B1D1900EA2010F04DF90300D7
:1033700023807B191B88002B0BD13B1D1B881B0A4C
:103380009BB2DAB2364B1A703B1D1B88DAB2354B52
:103390001A7008257C193B1D1900EB2010F034F938
:1033A000030023807B191B88002B0BD13B1D1B883E
:1033B0001B0A9BB2DAB22C4B1A703B1D1B88DAB287
:1033C0002A4B1A70244B1B78002B11D0234B1B78EF
:1033D000002B0DD0204B1D78204B1B78FC683969E1
:1033E0001722BA18107800932B00220007F0D6FBA2
:1033F0001B4B1B78002B11D01A4B1B78002B0DD0C8
:10340000174B1D78174B1B78FC6839691722BA18BF
:10341000107800932B00220007F0C0FB124B1B78A2
:10342000002B11D0114B1B78002B0DD00E4B1D78AB
:103430000E4B1B78FC6839691722BA181078009374
:103440002B00220007F0AAFB0B23FB181B781800A7
:10345000BD4607B0F0BDC04681180020821800208C
:10346000831800208418002085180020861800206A
:10347000F0B585B000AF0F23FB1800221A700C26A0
:10348000BC1908257A198A235B001100180010F076
:10349000BBF803002380BB191B88002B0CD17B19C0
:1034A0001B88DAB2854B1A707B191B881B0A9BB2EA
:1034B000DAB2824B5A7007E0814B1A787F4B1A7050
:1034C0007F4B5A787D4B5A700C26BC1908257A1907
:1034D0008E235B001100180010F096F80300238083
:1034E000BB191B88002B0ED17B191B881BB29BB20A
:1034F000DB0BDAB2714B1A717B191B885B089AB22D
:103500006E4BDA8007E06E4B1A796C4B1A716C4B7C
:10351000DA886A4BDA800C257C190826BA1916233A
:10352000FF331100180010F06FF8030023807B199F
:103530001B88002B04D1BB191A88624B1A8003E048
:10354000614B1A885F4B1A800C257C190826BA1922
:103550008B235B001100180010F056F80300238045
:103560007B191B88002B04D1BB191A88554B5A8034
:1035700003E0554B5A88534B5A800C26BC1908253A
:103580007A191823FF331100180010F03DF80300DA
:103590002380BB191B88002B0CD17B191B88DAB246
:1035A000484B1A717B191B881B0A9BB2DAB2454B38
:1035B0005A7107E0444B1A79424B1A71424B5A79BF
:1035C000404B5A710C257C190826BA198C235B00D4
:1035D0001100180010F018F8030023800A23FC18CB
:1035E000BA1D1A23FF331100180010F00DF8030064
:1035F00023807B191B88002B0ED10A23FB181B8804
:10360000002B09D1BB191B881A00BB1D1B881B048A
:103610001A432C4B9A600CE02C4B1B78002B04D0E7
:10362000284BE12252029A6003E0274B9A68254B0F
:103630009A600C26BC1908257A198D235B001100AD
:1036400018000FF0E1FF03002380BB191B88002B3B
:103650000CD17B191B88DAB21A4B1A737B191B88A1
:103660001B0A9BB2DAB2174B5A7305E0154B1822AE
:103670005A73144B00221A730C257C190826BA19A8
:103680001C23FF33110018000FF0BEFF030023803E
:103690007B191B88002B05D1BB191B88DAB2094B9B
:1036A0009A7603E0084B9A7E064B9A760F23FB1816
:1036B0001B781800BD4605B0F0BDC046FC140020C4
:1036C00048000020041500202C0000208018002055
:1036D000F0B5D6464F464646C0B588B006AFBB1DCE
:1036E00000221A703B0000221A803B1D00221A8023
:1036F000FB1C00221A70FB1D00221A704CE1FB1DFE
:103700001B783B339BB29B009BB23C1D3A001100DF
:1037100018000FF079FF030023803B1D1B88002B4E
:1037200000D034E13B001B881B0A9AB2FB1C1A70C4
:10373000FB1C1B781B09DBB21A00FB1D1B78013335
:103740009A4200D023E1FB1C1B780F22134000D1CA
:103750001DE1FB1D1B785A1CFB1C1B780F210B4025
:10376000D8B295491300DB009B18CB180133021C1B
:103770001A703B001988FB1D1B785A1CC8B28E4971
:103780001300DB009B18CB180833021C1A70FB1DBA
:103790001B783B339BB29B009BB201339BB23A0038
:1037A000110018000FF030FF3B001B881B0A99B274
:1037B000FB1D1B785A1CC8B27F491300DB009B1805
:1037C000CB180233021C1A703B001988FB1D1B78B2
:1037D0005A1CC8B278491300DB009B18CB1805337C
:1037E000021C1A70FB1D1B783B339BB29B009BB2E3
:1037F00002339BB23A00110018000FF005FF3B00A6
:103800001B881B0A99B2FB1D1B785A1CC8B26A4957
:103810001300DB009B18CB180333021C1A703B000B
:103820001988FB1D1B785A1CC8B263491300DB00C2
:103830009B18CB180633021C1A70FB1D1B783B33F8
:103840009BB29B009BB203339BB23A00110018005D
:103850000FF0DAFE3B001B881B0A99B2FB1D1B7898
:103860005A1CC8B254491300DB009B18CB18043310
:10387000021C1A703B001988FB1D1B785A1CC8B229
:103880004D491300DB009B18CB180733021C1A703C
:10389000FB1D1B785A1C48491300DB009B18CB18F2
:1038A00001331A78FB1D1B780133DBB219001000BD
:1038B00011F0EEFAFB1D1B780133DBB29C46FB1DB9
:1038C0001B785A1C3C491300DB009B18CB180833AB
:1038D0001B7801221340DBB29846FB1D1B785A1C53
:1038E00035491300DB009B18CB1808331B785B109D
:1038F000DBB201221340DBB29946FB1D1B785A1C38
:103900002D491300DB009B18CB1802331B789A4615
:10391000FB1D1B785A1C28491300DB009B18CB1891
:1039200003331978FB1D1B785A1C23481300DB0056
:103930009B18C31804331878FB1D1B785A1C1E4CA7
:103940001300DB009B18E31805331C78FB1D1B7864
:103950005A1C194D1300DB009B18EB1806331D7819
:10396000FB1D1B785A1C144E1300DB009B18F31828
:1039700007331B780022059204930395029401906B
:10398000009153464A464146604611F0B9FCFB1D82
:103990001A78FB1D01321A70FB1D1B78062B00D80C
:1039A000ADE6BB1D1B781800BD4602B0E0BCBA46B0
:1039B000B146A846F0BDC0469042002090B585B003
:1039C00000AF0F23FB1800221A706F4BBB60322030
:1039D00020F044FA03003B603B68002B01D1FB233D
:1039E000CEE0BB681B78FE2B01D0FF23C8E0FB1D97
:1039F00000221A70B8E00F23FB1800221A7010E0A2
:103A0000BB685A1CBA6019000F203B181B783A6833
:103A1000D3180A78D2B21A703B181A783B180132C0
:103A20001A700F243B191B78132BE9D9FB1D1A7848
:103A300013009B009B189B00544A98183B68013365
:103A40001422190020F030FC3B68142200211800D9
:103A500020F033FC3B1900221A70BB681433BB60A2
:103A60000FE0BA680F203B181B783968CB18127822
:103A70001A70BB680133BB603B183A1812780132E8
:103A80001A70BB681B78FE2B08D0BB681B78FF2B15
:103A900004D00F23FB181B78312BE2D90F217B18A0
:103AA0001B78013B3A68D3181B78002B04D07B1895
:103AB0007A18127801321A700F23FB181A78FB1D3E
:103AC0001C78100020F0CAF9030019002F4A2300C7
:103AD0009B001B199B00D3180C331960FB1D1A782F
:103AE0002A4913009B009B189B00CB180C331B68C2
:103AF000002B12D1FB1D1A7813009B009B189B0012
:103B0000224A9B1814220021180020F0D6FB3B68A3
:103B1000180020F0ADF90E2332E0FB1D1A781B4986
:103B200013009B009B189B00CB180C3318680F24C4
:103B30003B191A783B68190020F0B6FB144B1B7830
:103B40000133DAB2124B1A703B191A783B68002124
:103B5000180020F0B2FBBB681B78FE2B0AD1FB1DBE
:103B60001A78FB1D01321A70FB1D1B78042B00D83C
:103B700041E700E0C0463B68180020F079F90023D7
:103B80001800BD4605B090BD00100408E0180020E4
:103B90004419002080B582B000AFFB1D00221A70CE
:103BA000BB1D01221A7021E0BB1D1B785A1E154B4C
:103BB0005200D35A002B0DD0BB1D1B789BB2013392
:103BC00098B2BB1D1B785A1E0E4B5200D35A1900D7
:103BD0000FF07AFDBB1D1B78192B02D9FB1D0A22A1
:103BE0001A70BB1D1A78BB1D01321A70064B1B7868
:103BF000BA1D12789A42D7D9FB1D1B781800BD4612
:103C000002B080BD1C460020B000002090B583B0FB
:103C100000AFFB1C00221A70BB1D00221A803B0063
:103C200000221A807B1D00221A7048E07B1D1A7842
:103C3000294913009B009B185B005B5C002B39D06B
:103C40003B1D01221A7031E07B1D1A783B1D1B7849
:103C5000591E214813009B009B185B00C3185B5C36
:103C60009BB21B0299B27B1D1A783B1D18781A4C27
:103C700013009B009B185B00E3181B5C9AB23B008F
:103C80008A181A80BB1D1B881C339AB23B001B8804
:103C9000190010000FF018FDBB1D1A88BB1D013262
:103CA0001A803B1D3A1D127802321A703B1D1B7898
:103CB000092BC9D97B1D1A787B1D01321A70074B5D
:103CC0001B787A1D12789A42B0D9FB1C1B78180019
:103CD000BD4603B090BDC04600160020B0000020D5
:103CE000F0B587B000AFB9607A6019000F243B19B6
:103CF000021C1A700E257B190A1C1A701726BB1994
:103D000000221A703B191B789BB21900E4200FF0B7
:103D1000DBFCBB681B0A9BB21900E5200FF0D4FC4A
:103D2000BB689BB21900E6200FF0CEFC7B681B0A33
:103D30009BB21900E7200FF0C7FC7B689BB219000B
:103D4000E8200FF0C1FC7B191B789BB21B029AB2D2
:103D5000202310241B19DB191B789BB2D3189BB2AC
:103D60001900E9200FF0B0FC24231B19DB191B7884
:103D70009BB21B029AB228231B19DB191B789BB23A
:103D8000D3189BB21900EA200FF09EFC2C231B19BC
:103D9000DB191B789BB21B029AB230231B19DB196B
:103DA0001B789BB2D3189BB21900EB200FF08CFC50
:103DB000BB191B781800BD4607B0F0BD80B582B0B6
:103DC00000AFFB1D00221A70384B5B785B011AB202
:103DD000364B1B781BB213431BB29AB28A235B008B
:103DE000110018000FF070FC304B1B79DB031AB286
:103DF0002E4BDB881BB213431BB29AB28E235B009F
:103E0000110018000FF060FC294B1A881623FF33AD
:103E1000110018000FF058FC254B5A888B235B00CB
:103E2000110018000FF050FC214B5B791B021AB2F5
:103E30001F4B1B7B1BB213431BB29AB21823FF33D9
:103E4000110018000FF040FC194B9B689AB28C23AC
:103E50005B00110018000FF037FC154B9B681B0C22
:103E60009AB21A23FF33110018000FF02DFC104BEB
:103E70005B7B1B021AB20E4B1B791BB213431BB2A6
:103E80009AB28D235B00110018000FF01DFC084B47
:103E90009B7E9AB21C23FF33110018000FF014FC14
:103EA000FB1D1B781800BD4602B080BDFC1400202D
:103EB0000415002080B582B000AFFB1D00221A70EF
:103EC0001B4B06220021180020F0F7F9BB1D012230
:103ED0001A7021E0BB1D1B785A1E154B5200D35A95
:103EE000002B0DD0BB1D1B789BB2013398B2BB1DBC
:103EF0001B785A1E0E4B5200D35A19000FF0E4FBE8
:103F0000BB1D1B78192B02D9FB1D0A221A70BB1D81
:103F10001A78BB1D01321A70064B1B78BA1D127835
:103F20009A42D7D9FB1D1B781800BD4602B080BD50
:103F30001C460020B000002080B500AF074B1B6876
:103F4000074A934206D00FF0F1FB031E02D1034B48
:103F5000034A1A60C046BD4680BDC046F07F0020BF
:103F6000ADDEEFBEB0B58EB002AF1423F8180A254F
:103F70007A191823F9180823FB180093030001206D
:103F80000FF0C2FF0C23F818BA1D1023F9183B1DBF
:103F90000093030002200FF0B7FF1C217B180122C1
:103FA0005A607B1800229A607B191B881A007B18C4
:103FB0001A60BB691A000C007B181900100019F078
:103FC00099FB21007B1800225A607B1802229A601C
:103FD0003B1D1B881A007B181A60FB681A007B18AF
:103FE0001900100019F086FBBB6918007B191B88AB
:103FF0000022190019F0DFFD052012F0D5FDFB6845
:104000001A003B1D1B881900100019F0B7FD031E94
:1040100017D1BB6918007B191B880122190019F000
:10402000CAFD052012F0C0FDFB681A003B1D1B886D
:104030001900100019F0A2FD0300012B01D101238A
:1040400000E000231800BD460CB0B0BD90B585B0AF
:1040500000AF78600F23FB1800221A701CE00F24B9
:104060003B191A78114913005B009B189B00CB1871
:1040700008331A687B6811001800FCF745F8031E26
:1040800004D13B191B780133DBB20BE00F217B1805
:104090001A787B1801321A700F23FB181B78002B3B
:1040A000DDD000231800BD4605B090BDA40200205D
:1040B00080B584B000AF78600F23FB1800221A701F
:1040C00041E0264A7B6811001800FCF71DF8031E2A
:1040D00001D101233DE0224A7B6811001800FCF762
:1040E00013F8031E01D1022333E01E4A7B6811003E
:1040F0001800FCF709F8031E01D1032329E01A4A2E
:104100007B6811001800FBF7FFFF031E01D1042399
:104110001FE0164A7B6811001800FBF7F5FF031E2D
:1041200001D1052315E0124A7B6811001800FBF746
:10413000EBFF031E01D106230BE00F217B181A7839
:104140007B1801321A700F23FB181B78052BB8D986
:1041500000231800BD4604B080BDC04668AA02080E
:104160006CAA020870AA020874AA020878AA0208B7
:104170007CAA020890B583B000AFFB1D01221A7023
:1041800020E05D4B1B78FA1D12789A4206D1FB1D88
:104190001B78013B594A0021D1540EE0564B1A7846
:1041A000FB1D1B785C1EFB1D1B781900100000F026
:1041B0008BFA03001A00514B1A55FB1D1A78FB1D90
:1041C00001321A70FB1D1B78032BDAD912F02AFA80
:1041D00012F0E4FB0EF0D6FE0FF07CFD0EF096FA26
:1041E00012F024FC0EF0EAFD12F05AFC0FF0DEFD96
:1041F000031E03D0FFF7A0FEFEF70CFEFFF7B2FE92
:10420000031E21D03E4B01221A70322012F0CCFC4A
:104210000DF0AEFC3B4BE12252029A60BB1D012225
:104220001A700CE0374B9A68BB1D1B781100180000
:1042300013F0B0F9BB1D1A78BB1D01321A70BB1DFB
:104240001B78062BEED904E0322012F0ADFC0DF005
:104250008FFCFEF7BBFE0EF001FB274B1B78002BFB
:1042600015D180235901A023DB050122180019F084
:10427000A2FCFA235B00180012F096FC802359017F
:10428000A023DB050022180019F095FC2AE080230A
:104290005901A023DB050122180019F08CFCFA2338
:1042A0005B00180012F080FC80235901A023DB057D
:1042B0000022180019F07FFC642012F075FC8023A6
:1042C0005901A023DB050122180019F074FC6420B9
:1042D00012F06AFC80235901A023DB05002218009C
:1042E00019F069FC05F0F6FF074B01221A70C04671
:1042F000BD4603B090BDC046B1000020200E002096
:104300008018002004150020F917002080B500AFA8
:1043100017F0F8FA0DF0E3F8FFF72CFF06F004F8B9
:1043200014F085F8C046BD4680BD0000F0B58DB0E4
:1043300000AF1F23F918087069460E0013211823D7
:10434000CB18D9190020087015211823CB18D919BA
:104350000020087016211823CB18D91900200870E6
:1043600017201823C318D919002008701420182307
:10437000C318D91900200870D049097808000138FD
:1043800078623961002078613A697B691000400FDA
:104390003A617B61DD0005433B69DC003960002048
:1043A00078603C687D682300580F2B00DB00FB60C1
:1043B000FB680343FB602300DB00BB600B0007339B
:1043C000DB08DB006A46D31A9D466B4600333B622E
:1043D00016211823CB18DB1900221A7018E01620BA
:1043E0001823C318DB191B783A6A0021D15418230B
:1043F000C318DB191A78B24B52000021D15218238E
:10440000C318DB191A781823C318DB1901321A7084
:10441000AA4B1B78162218215218D21912789A42E8
:10442000DDD317211823CB18DB1918228A18D219CB
:10443000127801321A701F23FB181B78013B3A6A6D
:10444000080018240919C9190978D1541823C31868
:10445000DB1918228218D219127801321A7015232A
:1044600018229B18DB1901221A7050E01F23FB1839
:104470001B785A1E15241823E318DB191878914964
:104480001300DB009B1A1B185B005B5A002B34D017
:104490001F23FB181B785A1E894B5200D35A1AB29D
:1044A00020001823C318DB191B78013B0121994018
:1044B0000B001BB2134319B21F23FB181B785A1EA3
:1044C00089B27F4B5200D1521F23FB181B785A1E12
:1044D0001823C318DB1918787A491300DB009B1ADC
:1044E0001B185B005B5ADB089BB2013B3A6A172141
:1044F00018200918C9190978D15415211823CB1887
:10450000DB191A781823CB18DB1901321A7015231E
:1045100018229B18DB191B78062BA7D91423182205
:104520009B18DB1900221A7017221823D318DB19E5
:1045300018215218D219127801321A701623182233
:104540009B18DB1900221A709BE0162318229B1877
:10455000DB191B783A6AD35C1A00172318215B1801
:10456000DB191B78013B9A4200D080E0152318220A
:104570009B18DB1901221A7072E016241823E31825
:10458000DB191A7815251823EB18DB1918784D4913
:104590001300DB009B1A1B185B005B5A002B55D0E5
:1045A0001823E318DB191A781823EB18DB1918788D
:1045B00044491300DB009B1A1B185B005B5ADB08A5
:1045C0009BB2013B3A6AD35C002B3FD120001823F9
:1045D000C318DB191A783A4B5200D35A1AB22C007E
:1045E0001823E318DB191B78013B012199400B00CC
:1045F0001BB2134319B21823C318DB191A7889B2F6
:104600002F4B5200D1521823C318DB191A781823E4
:10461000E318DB1918782B491300DB009B1A1B18D1
:104620005B005B5ADB089BB2013B3A6A17211820FA
:104630000918C9190978D15414221823D318DB1981
:1046400018215218D219127801321A701521182324
:10465000CB18DB191A781823CB18DB1901321A7022
:10466000152318229B18DB191B78062B85D91621D8
:104670001823CB18DB191A781823CB18DB19013251
:104680001A700E4B1B78162218215218D219127864
:104690009A4200D259E7142318229B18DB191B7881
:1046A000002B00D03AE7132318229B18DB191B7844
:1046B000B5461800BD460DB0F0BDC046B0000020A4
:1046C0005C15002000000020B0B58AB000AF0200E9
:1046D000FB1D1A70BB1D0A1C1A700C23FB18A44A80
:1046E00012881A800222002199541323FB180022F9
:1046F0001A702723FB1800221A701223FB180022BD
:104700001A702623FB1800221A709A4B03220021EC
:1047100018001FF0D2FDFB1D1B78013B964A0021BB
:10472000D154FB1D1B78013B944A0021D154012335
:104730003B622EE0FB1D1B785A1E91491300DB00E3
:104740009B1A3A6A9B185B005B5A002B1ED0FB1D1C
:104750001B785A1E8A491300DB009B1A3A6A9B1881
:104760005B005B5ADB089AB2BB1D1B789BB29A4276
:104770000CD1BB1D1B78013B7F4A0121D1547D4BDD
:10478000BA1D12781A703B6ADBB2EDE03B6A013366
:104790003B623B6A062BCDDD0123FB6111E0FB1D73
:1047A0001B78FA699A4209D0FB69013B724AFF21E2
:1047B000D154FB69013B714A0021D154FB6901339B
:1047C000FB61704B1B781A00FB699342E7DD73E0D5
:1047D0000C243A19684B1100180000F0D5F80300BA
:1047E0001A0027217B1801321A707A18BB1D127823
:1047F0001B789A4268D07B181B78013B3A1901213B
:10480000D1541B23FB1801221A7050E027243B19B6
:104810001B785A1E1B257B19187859491300DB0099
:104820009B1A1B185B005B5A002B3AD03B191B7874
:104830005A1E7B19187852491300DB009B1A1B186B
:104840005B005B5ADB089AB212217B181A707B1846
:104850001B78013B0C22BA18D35C002B21D13B19E9
:104860001B78013B444AD25C13203B1801321A707A
:104870007B181B78013B404AD35C05003A1812783C
:104880009A420ED208007B181B78013B3A4A7919EC
:104890000978D1543B181B78013B384A39190978FB
:1048A000D1541B217B181A787B1801321A701B23F4
:1048B000FB181B78062BA9D90C23FB18180000F055
:1048C000A7F8031E84D000E0C04613E02622BB18E0
:1048D0001B78BA18591C11701900264B27203A185A
:1048E00012785A5401007B181B785A1E7B182349F2
:1048F0008A5C1A702723FB181B78013B1F4AD35C84
:10490000002BE3D101237B612AE0FB1D1B785A1E9B
:104910001B491300DB009B1A7A699B185B005B5AEA
:10492000002B1AD0FB1D1B785A1E15491300DB0003
:104930009B1A7A699B185B005B5ADB089AB2BB1D15
:104940001B78013B0C49CB5C013B0A49CB5C9BB219
:104950009A4202D17B69DBB206E07B6901337B615D
:104960007B69062BD1DD00231800BD460AB0B0BD1F
:1049700080AA0208A0220020F8150020FC150020C3
:1049800000000020B000002080B584B000AF786047
:1049900039600F217B18FF221A700E23FB180022AA
:1049A0001A703B681B78002B03D17B187A68127849
:1049B0001A700023BB601BE0BB687A68D3181B78B1
:1049C0000F217A1812789A420FD9BB683A68D31827
:1049D0001B78002B09D1BB687A68D2187B18127833
:1049E0001A700E23FB18BA681A70BB680133BB60DB
:1049F000064B1B781A00BB689342DDDB0E23FB18C5
:104A00001B781800BD4604B080BDC046B000002031
:104A100080B584B000AF78600F23FB1801221A70B4
:104A20000023BB600CE0BB687A68D3181A780F21AA
:104A30007B18791809780A401A70BB680133BB608B
:104A4000064B1B781A00BB689342ECDB0F23FB1864
:104A50001B781800BD4604B080BDC046B0000020E1
:104A6000F0B587B002AF0200FB1D1A70834A844B79
:104A7000110018001FF012FE814B1800FBF74EFBCF
:104A800003009AB27E49FB1D187801235B42009314
:104A9000322312F0EDFC0F23FB1801221A701BE0E9
:104AA0000F243B191A787749754B18001FF0F6FD53
:104AB000734B1800FBF732FB03009AB27049FB1DE1
:104AC000187801235B420093322312F0D1FC3B198A
:104AD0001A783B1901321A700F23FB181B78062B2A
:104AE000DED96949FB1D187801235B42009332230C
:104AF000032212F0BDFC0E23FB1800221A70A7E05F
:104B00000E243B191B785A1C60495D4B18001FF09E
:104B1000C5FD5B4B1800FBF701FB03009AB2584937
:104B2000FB1D187801235B420093322312F0A0FC96
:104B30003B191A7856491300DB009B1A5B005B5A3D
:104B40001A0013005B009B185B00524A99184C4BEB
:104B5000052218001FF0F7FD4949FB1D18780123B5
:104B60005B4200933223052212F082FC4A49FB1D6E
:104B7000187801235B4200933223012212F078FC63
:104B80000D23FB1801221A704DE00E23FB181A7832
:104B90000D23FB1818783E491300DB009B1A1B18E5
:104BA0005B005B5A002B06D13C49354B00221800B4
:104BB0001FF074FD22E00E257B191A780D26BB1913
:104BC000187833491300DB009B1A1B185B005B5AF3
:104BD000DB089BB21C007B191A78BB1918782C498A
:104BE0001300DB009B1A1B185B005B5A1A0007239B
:104BF00013402B49224822001FF050FD204B180083
:104C0000FBF78CFA03009AB21D49FB1D18780123AB
:104C10005B420093322312F02BFC0D217B181A7893
:104C20007B1801321A700D23FB181B78062BACD9A8
:104C30001C49FB1D187801235B420093322302229A
:104C400012F016FC0E217B181A787B1801321A70AC
:104C5000154B1B780E22BA1812789A4200D24FE7F1
:104C60001249FB1D187801235B4200933223012275
:104C700012F0FEFBC046BD4605B0F0BD84AA020896
:104C8000D00D002098AA0208A0AA0208A4AA02082F
:104C90000000002090A40208B0AA0208B4AA0208EA
:104CA000B8AA0208C0AA0208B0000020C4AA0208DC
:104CB00090B587B002AF0200FB1D1A703C4A3D4B15
:104CC000110018001FF0EAFC3A4B1800FBF726FA17
:104CD00003009AB23749FB1D187801235B42009309
:104CE000322312F0C5FB0F23FB1801221A703EE09D
:104CF0000E23FB1801221A702EE00F203B181B78A0
:104D00005A1E2D4B5200D35A19000E243B191B7802
:104D1000013B802212021A4113000B4016D03B18AF
:104D20001A783B191B78254922481FF0B7FC214B04
:104D30001800FBF7F3F903009AB21E49FB1D18781F
:104D400001235B420093322312F092FB0E217B1869
:104D50001A787B1801321A700E23FB181B780A2B65
:104D6000CBD90F217B181A787B1801321A70144B9B
:104D70001B780F22BA1812789A42B9D9114A0D4BF2
:104D8000110018001FF08AFC0A4B1800FBF7C6F947
:104D900003009AB20749FB1D187801235B42009378
:104DA000322312F065FBC046BD4605B090BDC0463B
:104DB000C8AA0208D00D00201C460020E4AA020860
:104DC000B0000020F8AA0208F0B589B002AF0200D6
:104DD000FB1D1A701223FB1800221A8013F0A6FC88
:104DE0000300FB60FB6800221A70CA4B1B781A0094
:104DF000C949CA4B18001FF051FCC84AFB68110092
:104E000018001FF06BFCC64B1B781A00C549C34B3A
:104E100018001FF043FCC14AFB68110018001FF086
:104E20005DFCC149BD4806230093022300221FF008
:104E300035FCBA4AFB68110018001FF04FFCBB4A52
:104E4000BB49B64B18001FF029FCB44AFB6811009F
:104E500018001FF043FCB74AB749B04B18001FF0C9
:104E60001DFCAE4AFB68110018001FF037FCB34A66
:104E7000AA4B110018001FF011FCA84AFB68110092
:104E800018001FF02BFC1723FB1801221A7048E0B2
:104E900017243B191A78AA49A04B18001FF0FEFBF3
:104EA0009E4AFB68110018001FF018FC3B191B7884
:104EB000A44AD35C042B27D89A00A34BD3181B68B1
:104EC0009F46A24A954B110018001FF0E7FB1CE01B
:104ED0009F4A924B110018001FF0E0FB15E09D4A1D
:104EE0008E4B110018001FF0D9FB0EE09A4A8B4B35
:104EF000110018001FF0D2FB07E0984A874B110001
:104F000018001FF0CBFB00E0C046844AFB6811008C
:104F100018001FF0E3FB17217B181A787B18013269
:104F20001A701723FB181B78062BB1D98C4A7B4BC0
:104F3000110018001FF0B2FB784AFB68110018003E
:104F40001FF0CCFB1623FB1801221A7049E0162033
:104F50003B181B785A1E834913005B009B185B01AA
:104F60005B58002B0DD13B181A787F496B4B18000A
:104F70001FF094FB694AFB68110018001FF0AEFB9C
:104F800029E01626BB191C78BB191B785A1E7549D7
:104F900013005B009B185B01CB1828331B681800BB
:104FA0000CF03AFF03001D00BB191B785A1E6F4B13
:104FB0009200D35818000CF02FFF03006C4957489B
:104FC00000932B0022001FF069FB544AFB6811007C
:104FD00018001FF083FB16217B181A787B1801320A
:104FE0001A701623FB181B78062BB0D9FB68180023
:104FF000FBF794F803001A00FB689A185D4B100049
:10500000190003231A001FF04FF9FB681800FBF783
:1050100085F803001A00FB689A18574B1000190016
:105020001D231A001FF040F9FB681800FBF776F803
:1050300002001223FB181A801523FB1801221A7094
:1050400023E0344B1B785A1E4C4B5200D35A1900A4
:1050500015203B181B78013B802212021A411300D5
:105060000B400CD03B181A7845492C4B18001FF008
:1050700015FB2A4AFB68110018001FF02FFB1521B1
:105080007B181A787B1801321A701523FB181B78CD
:10509000062BD6D91223FB181C88FB681800FBF7D7
:1050A0003DF803009C420ED1FB681800FBF736F870
:1050B00003001A00FB689A18324B100019000523F0
:1050C0001A001FF0F1F8FB681800FBF727F803003F
:1050D0001A00FB689A18274B1000190003231A00C6
:1050E0001FF0E2F8FB1D1B78002B0ED0FB681800A8
:1050F000FBF714F803009AB2F968FB1D1878012336
:105100005B420093322312F0B3F9C046BD4607B0AC
:10511000F0BDC046B100002018AB0208D00D002041
:10512000F817002034AB020850AB020870AB02083D
:105130007CAB020894AB0208A0AB0208BCAB02082F
:10514000D0AB020824150020D4AC0208D8AB02086A
:10515000E0AB0208F8AB020804AC020820AC02087D
:1051600040AC0208A83C002058AC02086020002097
:1051700074AC0208C0AA0208A4AC02081C460020B5
:10518000C4AC0208CCAC020890B585B000AF786022
:105190000E23FB1800221A700F23FB1800221A702E
:1051A0004A4A7B6811001800FAF7AEFF031E03D1CC
:1051B000474B1B781BB285E0464A7B6811001800FC
:1051C000FAF7A2FF031E01D1FF237BE07B681B7867
:1051D000232B25D17B68013318001EF014FE02003A
:1051E0000E217B181A700A00BB181B78002B0AD0FE
:1051F000394B1B781100BA1812789A4203D87B18E1
:105200001B781BB25EE0324B1B780E22BA18127864
:105210009A4203D12E4B1B781BB253E0662351E018
:105220000F23FB1800221A701DE00F243B191A7877
:1052300013009B009B185B00284A9A187B6811009A
:105240001800FAF761FF031E07D17B681B78002B5B
:1052500003D03B191B781BB234E00F217B181A785E
:105260007B1801321A701C4B1B780F217A181278A8
:105270009A42DAD37B1800221A701DE00F243B19E2
:105280001A7813009B009B185B00154A9A187B68DC
:1052900011001800FAF738FF031E07D13B191B78DD
:1052A0001B021BB2FE2213431BB20BE00F217B1823
:1052B0001A787B1801321A700F23FB181B78092B00
:1052C000DCD964231800BD4605B090BDE8AC0208E7
:1052D000B1000020ECAC0208B00000200016002055
:1052E00094150020B0B586B000AF02003960FB1DF8
:1052F0001A701323FB1800221A7000237B6100230D
:105300007B610FE07B699A00404BD2183B6811002B
:105310001800FAF7F9FE031E01D1062371E07B693C
:1053200001337B617B69032BECDD01237B6112E0A0
:105330007A6913009B009B185B00354A9A183B68FA
:1053400011001800FAF7E0FE031E01D1072358E010
:105350007B6901337B612F4B1B781A007B69934279
:10536000E6DB00237B6112E07A6913009B009B1847
:105370005B00294A9A183B6811001800FAF7C4FE2E
:10538000031E01D107233CE07B6901337B617B690C
:10539000092BE9DD214B224A1A6019E01F4B1B68DB
:1053A0001B681B68FB60FB681800FAF7B7FE030078
:1053B000BB60BA68F9683B6818001FF0B2F9031EB9
:1053C00001D108231DE0154B1B685A68134B1A6066
:1053D000124B1B68002BE1D1FB1D1A7813009B00B8
:1053E0009B185B000A4A9B183A68110018001FF0CE
:1053F00090F913257C19FEF709FC030023707B1933
:105400001B781800BD4606B0B0BDC04698A502087E
:1054100000160020B00000209415002088180020FD
:105420005403002080B588B000AF02003960FB1D36
:105430001A701723FB1800221A700023FB61002347
:10544000BB610023FB6129E0FA6913009B009B18F4
:105450005B005B4A9A183B6811001800FAF754FE8B
:10546000031E18D1FB1D1B785A1E564B5200D35AEF
:105470001AB20121FB6999400B001BB2134319B208
:10548000FB1D1B785A1E89B24E4B5200D152172376
:10549000FB181B7890E0FB690133FB61FB69092B6A
:1054A000D2DD0023BB610FE0BB699A00464BD218E6
:1054B0003B6811001800FAF727FE031E01D10623EE
:1054C0007AE0BB690133BB61BB69032BECDD0123CF
:1054D000BB6112E0BA6913009B009B185B003B4A5A
:1054E0009A183B6811001800FAF70EFE031E01D14E
:1054F000072361E0BB690133BB61354B1B781A00A0
:10550000BB699342E6DB334B334A1A6019E0314BF7
:105510001B681B681B683B613B691800FAF7FEFDBE
:105520000300FB60FA6839693B6818001FF0F9F85E
:10553000031E01D108233FE0264B1B685A68254B08
:105540001A60244B1B68002BE1D10023FB6118E09B
:105550001B49FA6913009B009B185B005B5C002BE6
:105560000CD1FA6913009B009B185B00144A9B182E
:105570003A68110018001FF0CCF805E0FB69013310
:10558000FB61FB69092BE3DDFB1D1B785A1E0D4BEC
:105590005200D35A1AB20121FB6999400B001BB289
:1055A000134319B2FB1D1B785A1E89B2054B5200DA
:1055B000D1521723FB181B781800BD4608B080BDD8
:1055C000941500202C16002098A502080016002033
:1055D000B00000208C1800205403002080B586B055
:1055E00000AFB9607A6019000F23FB18021C1A7013
:1055F0000E23FB180A1C1A701523FB18D94A1278BF
:105600001A703B6A002B03D0D64B20221A7002E09E
:10561000D44B00221A702423FB181B78002B04D0D3
:105620001623FB1822221A8003E01623FB182022DF
:105630001A807A6880231B059A4200D3D5E07B68E4
:10564000DAB2C94B1A70C84B0E217A1812785A7008
:105650007B181B78082B00D9C6E19A00C34BD318DE
:105660001B689F46BB681B78DAB2BF4B9A700F234A
:10567000FB181B7803222021180005F0EDFCB6E191
:10568000BB681B785BB2DAB2B74B9A700F23FB187A
:105690001B7803222021180005F0DEFCA7E1BB687F
:1056A0001B889BB2DAB2B04B9A70BB681B889BB266
:1056B0001B0A9BB2DAB2AC4BDA700F23FB181B78D3
:1056C00004222021180005F0C7FC90E1BB681B886C
:1056D0001BB2DAB2A44B9A70BB681B881BB21B12B8
:1056E0001BB2DAB2A04BDA700F23FB181B7804222E
:1056F0002021180005F0B0FC79E1BB681B68DAB224
:10570000994B9A70BB681B681B0ADAB2964BDA7029
:10571000BB681B681B0CDAB2934B1A71BB681B6821
:105720001B0EDAB2904B5A710F23FB181B7806221E
:105730002021180005F090FC59E1BB681B68DAB223
:10574000894B9A70BB681B681B12DAB2864BDA7001
:10575000BB681B681B14DAB2834B1A71BB681B68E9
:105760001B16DAB2804B5A710F23FB181B780622E6
:105770002021180005F070FC39E1BB681B78DAB213
:10578000794B9A70BB6801331B78DAB2764BDA70CA
:10579000BB6802331B78DAB2734B1A71BB680333F0
:1057A0001B78DAB2704B5A71BB6804331B78DAB2DB
:1057B0006D4B9A71BB6805331B78DAB26A4BDA71AC
:1057C000BB6806331B78DAB2674B1A72BB680733C3
:1057D0001B78DAB2644B5A720F23FB181B780A222B
:1057E0002021180005F038FC01E15F4B00221A70FF
:1057F0005D4B0E217A1812785A707B681B0EDAB254
:10580000594B9A707B681B0CDAB2574BDA707B6885
:105810001B0ADAB2544B1A717B68DAB2524B5A71D6
:105820007B181B78082B00D9E0E09A00504BD31866
:105830001B689F46BB681B78DAB24B4B9A711623E4
:10584000FB1819880F23FB181B780722180005F096
:1058500003FCCCE0BB681B785BB2DAB2424B9A71B6
:105860001623FB1819880F23FB181B780722180032
:1058700005F0F2FBBBE0BB681B889BB2DAB23A4B87
:105880009A71BB681B889BB21B0A9BB2DAB2364B7B
:10589000DA711623FB1819880F23FB181B780822CE
:1058A000180005F0D9FBA2E0BB681B881BB2DAB276
:1058B0002D4B9A71BB681B881BB21B121BB2DAB24C
:1058C000294BDA711623FB1819880F23FB181B7854
:1058D0000822180005F0C0FB89E0BB681B68DAB23B
:1058E000214B9A71BB681B681B0ADAB21E4BDA7136
:1058F000BB681B681B0CDAB21B4B1A72BB681B68B7
:105900001B0EDAB2184B5A721623FB1819880F2394
:10591000FB181B780A22180005F09EFB67E0BB68A5
:105920001B68DAB2104B9A71BB681B681B12DAB2A3
:105930000D4BDA71BB681B681B14DAB20A4B1A7282
:10594000BB681B681B16DAB2074B5A721623FB188A
:1059500019880F23FB181B780A22180005F07CFB1E
:1059600045E0C046FC140020C4170020F0AC02083B
:1059700014AD0208BB681B78DAB22D4B9A71BB6874
:1059800001331B78DAB22A4BDA71BB6802331B7819
:10599000DAB2274B1A72BB6803331B78DAB2244B96
:1059A0005A72BB6804331B78DAB2214B9A72BB6817
:1059B00005331B78DAB21E4BDA72BB6806331B78EC
:1059C000DAB21B4B1A73BB6807331B78DAB2184B79
:1059D0005A731623FB1819880F23FB181B780E2205
:1059E000180005F039FB02E0C04600E0C046114B4C
:1059F0001522BA1812781A703B6A002B13D015F0D2
:105A0000FDFF03003B61C0460B4B1B78002B07D00A
:105A100015F0F4FF02003B69D31A3A6A9A42F3D8B0
:105A2000054B1B7800E000231800BD4606B080BD82
:105A3000C4170020FC140020F6170020B0B584B075
:105A400002AF1E201EF00AFA03007B607B681E2254
:105A5000002118001EF031FC0C4B1B7D5A1E0C4B14
:105A60009200D258094B9B7D1D00084B5B7D1C00AA
:105A7000064B1B8B07497868019300942B001EF09E
:105A80000DFE7B681800BD4602B0B0BD04150020B5
:105A90008400002038AD020890B587B004AF020042
:105AA000FB1D1A70BB1D0A1C1A700D4B19780C4B8C
:105AB0001C78BB1D1A78FB1D187801230393012362
:105AC0005B42029301235B42019302230093230074
:105AD00005F06CFE03001800BD4603B090BDC04643
:105AE000B100002080B588B006AF0200FB1D1A701F
:105AF000BB1D0A1C1A700023049300230393002388
:105B0000029300230193002300930023002200212D
:105B10000020FEF7E5F8FB1D1B785A1E23491300F1
:105B20005B009B185B015B58002B16D0BB1D1B78DC
:105B30005A1E1E4913005B009B185B015B58002B2B
:105B40000BD0FB1D1B7818000CF0C0FFBB1D1B7891
:105B500018000CF0BBFF002324E0FB1D1B785A1E2D
:105B6000124913005B009B185B015B58002B06D0A9
:105B7000FB1D1B7818000CF0A9FF002312E0BB1DD1
:105B80001B785A1E094913005B009B185B015B5888
:105B9000002B06D0BB1D1B7818000CF097FF0023CC
:105BA00000E068231800BD4602B080BDA83C00207C
:105BB000B0B588B002AF78600F23FB1800221A70CE
:105BC0001723FB1800221A701423FB1800221A80D6
:105BD00001235B421900012015F0A6F912F0A6FD81
:105BE00003003B61824B9A68E1231B039A421ED05B
:105BF0001623FB1801221A7014E07E4B1B78162125
:105C00007A1812789A4207D0E1231A037B181B787E
:105C10001100180011F0BEFC16217B181A787B18B1
:105C200001321A701623FB181B78062BE5D9724B2C
:105C30001B781C00714B1B881A0013005B009B181B
:105C40005B006F4A9A186B4B1B786E496E48009345
:105C5000130022001EF022FD664B1C786B4B1D6862
:105C60006A4B1B681800FAF759FA03009AB20A2324
:105C70002900200011F052FC5E4B1C78624B18008A
:105C8000FAF74CFA03009AB25F490A23200011F098
:105C900045FC5F4B1B78012B00D0A5E0574B1B88C0
:105CA000DBB21800FDF7C8F80300472B08D1594BA9
:105CB0001A780F23FB181A70564B00221A700DE049
:105CC0004C4B1B78013B544AD25C0F23FB181A70D3
:105CD000484B1B78013B504A0021D1544C4B0022C9
:105CE0001A70444B18780F2439190A23012211F035
:105CF00015FC3B191B780D2B33D13E4B1C78474BC1
:105D00001D68464B1B681800FAF708FA03009AB2A0
:105D10000A232900200011F001FC1723FB181B782F
:105D20005BB2002B05D13E4A3E4B110018001EF01D
:105D3000F0FC304B18783B693A4A012100F074F8C6
:105D4000384A374B110018001EF0E3FC1723FB18EC
:105D500000221A70334B3222002118001EF0ADFAD7
:105D600042E00F22BB181B780A2B3DD0BB181B78D2
:105D7000082B03D0BB181B787F2B14D117217B185D
:105D80001B785BB2002B2FDD7B181B785BB2DBB27C
:105D9000013BDAB27B181A707B181B785BB2214A80
:105DA0000021D15420E00F22BB181B781F2B1BD9D8
:105DB000BB181B787E2B17D817217B181B785BB27A
:105DC000312B11DCBB181A7808007B181B785BB2EA
:105DD00051B2144AD15401007B181B785BB2DBB27C
:105DE0000133DAB27B181A7012F01AFF51E7C0467D
:105DF00004150020F8170020B100002050000020FA
:105E000090A4020838B0020848190020FC000020C5
:105E1000240E0020F8140020981B00200001002010
:105E2000A419002070190020F0B58DB002AFBA603F
:105E30007B600F23FB18021C1A700E23FB180A1C30
:105E40001A7000233B621E23FB1800221A801423C1
:105E5000FB1800221A6004330522002118001EF0EE
:105E60002CFABB68180000F099FAC84B1B78002B7D
:105E700022D1C749BB68032218001EF052FC031E42
:105E80001AD1BB6803331900012000F0BDFA031ECC
:105E900009D0C04A7B68110018001EF0FFFBBB4B05
:105EA00000221A7005E0B94B02221A707B680D229D
:105EB0001A7000237B6212E2B44B1B78002B18D0BF
:105EC000B549BB68062218001EF02BFC031E10D13A
:105ED000AE4B00221A70B14B1900032000F094FA67
:105EE000AF4A7B68110018001EF0D8FB00237B62CC
:105EF000F5E1A64B1B78022B13D1BB6819000220D9
:105F000000F082FA031E06D0A24A7B681100180036
:105F10001EF0C4FB02E07B680D221A7000237B6236
:105F2000DDE1BB682E2118001EF0E5FB03003B629B
:105F30003B6A002B00D1C9E13B6A033B994903222C
:105F400018001EF0EEFB031E00D1BFE13B6A0133D7
:105F50001B785A1C944BD3181B781A000423134047
:105F600000D0B3E13A6ABB68D31A1A00B9681425A5
:105F70007B1918001EF0E7FB1E26BC197B191800C0
:105F8000FFF702F903002380BB1900229B5E874ABA
:105F9000127893420AD13B6A0133992292007968C0
:105FA000180012F035FB03007B6298E11E23FB18FA
:105FB00000229B5E642B08D17D4A7B68110018008B
:105FC0001EF06CFB00237B6289E11E23FB1800227C
:105FD0009B5E662B08D1774A7B68110018001EF083
:105FE0005DFB00237B627AE11E23FB1800229B5E8F
:105FF000FF2B48D1704B0322002118001EF05DF9E1
:106000003B6A5C1CBB681800FAF788F80500142688
:10601000BB191800FAF782F80300EB1A5A1E674BF7
:10602000210018001EF08FFB604B1D78BB68180024
:10603000FAF774F803009CB2BB191800FAF76EF86F
:1060400003009BB2E31A9BB21722FF21280004F041
:10605000B9FF3B6A0133992292007968180012F067
:10606000D7FA03007B627B681800FAF757F8030041
:106070001A007B689A18524B100019001D231A0051
:106080001EF012F92BE11E22BB181B88DBB2FE2B7F
:1060900059D1BB1800229B5E1B121BB2DAB2494BCE
:1060A0001A70454B0322002118001EF006F93B6AC6
:1060B0005C1CBB681800FAF731F805001423FB18C4
:1060C0001800FAF72BF80300EB1A5A1E3B4B21007D
:1060D00018001EF038FB354B1D783A4B1E78BB6814
:1060E0001800FAF71BF803009CB21423FB181800E1
:1060F000FAF714F803009BB2E31A9BB2172231009F
:10610000280004F05FFF294B1B785A1E2E4B5200CB
:10611000D35A1A002B4B1B781A411300012213404B
:1061200009D03B6A0133992292007968180012F075
:106130006FFA03007B621423FB187A68234978689E
:106140001EF0ACFACBE03B6A01332149062218006D
:106150001EF0E7FA031E41D11E4B00221A701E24C6
:106160003B191B88DBB200221921180004F074FFD0
:10617000642012F064F90D4B18783B191B88D9B2D2
:10618000154B1A7800230BF00DFC7FE0D619002088
:1061900064B0020868B00208BCB00208C4B00208CB
:1061A000C8B002080CB10208D0DA0208B100002021
:1061B00010B1020838B1020828160020C4170020C8
:1061C00060B10208D71900202C16002080B1020807
:1061D000ACB10208FC140020F81700203B6A5C1CDC
:1061E000BB681800F9F79AFF05001426BB191800C0
:1061F000F9F794FF0300EB1A5A1E604B21001800B8
:106200001EF0A1FA1E23FB181B88DDB2BB68180024
:10621000F9F784FF03009CB2BB191800F9F77EFF61
:1062200003009BB2E31A9BB2013B9BB21A001721F9
:10623000280004F011FF1E23FB1800229A5E50492B
:106240007B6818001EF02AFA7B681B78002B13D09D
:106250000E23FB181B78002B0ED07B681800F9F773
:106260005DFF03009AB279680F23FB1818780123A9
:106270000093322311F0FCF87B681800F9F74EFF09
:1062800002007B68002118001EF017F83D4B1B78B8
:10629000602B18D1FA239B001900012014F044FE52
:1062A000394B1B78002B0ED0384B1B8801339AB228
:1062B000364B1A801E23FB1800229B5E7A683449F5
:1062C00078681EF0EBF900237B6208E099239A00BE
:1062D0007968BB68180012F09BF903007B627B6849
:1062E0001B78002B14D00E23FB181B78002B0FD02B
:1062F0007B681800F9F712FF03009AB279680F2340
:10630000FB18187801235B420093322311F0B0F898
:106310007B681800F9F702FF02007B680021180073
:106320001DF0CBFF7B6A002B00D09AE51423FB18ED
:106330000922002118001DF0C0FF164B1B78002B0E
:1063400017D10E23FB181B78002B12D0124B1C68A0
:10635000114B1B681800F9F7E1FE03009AB20F23F6
:10636000FB18187801235B4200933223210011F0BF
:106370007FF8C046BD460BB0F0BDC046C417002034
:10638000B4B10208FC140020F617002042230020BC
:10639000D8B10208D61900200401002080B584B0CD
:1063A00000AF78600023FB6020E0FB687A68D218B9
:1063B0000B217B1812781A707B181B785A1C114B12
:1063C000D3181B781A0003231340012B03D17B1829
:1063D0001B78203302E00B23FB181B78FA687968DE
:1063E0008A18DBB21370FB680133FB60FB687A68C4
:1063F000D3181B78002BD8D1C046C046BD4604B088
:1064000080BDC046D0DA0208B0B584B000AF02004B
:106410003960FB1D1A70FB1D1B78032B06D000DDB5
:10642000BFE0012B11D0022B15D0BAE0614B1B78D5
:106430005A1E614913009B009B189B00CB18103318
:1064400001221A700BF0AAF8AEE03B68180000F0C9
:10645000B5F80300A9E0574B1B785A1E56491300A4
:106460009B009B189B00CB180C331B68002B55D04E
:10647000504B1B785A1E504913009B009B189B00E1
:10648000CB180C331B681800F9F748FE0300FB60BB
:10649000484B1B785A1E484913009B009B189B00D1
:1064A000CB180C331D683B681800F9F737FE020063
:1064B000FB68D3189A1C3F4B1B785C1E1100280008
:1064C0001DF02EFF01003C4A23009B001B199B007E
:1064D000D3180C331960374B1B785A1E36491300FA
:1064E0009B009B189B00CB180C331A68FB68013388
:1064F000D3183A68110018001EF00BF92D4B1B78C9
:106500005A1E2D4913009B009B189B00CB180C337F
:106510001A68FB68D31813221A7025E03B6818002C
:10652000F9F7FCFD03005A1C224B1B785C1E10007F
:106530001DF094FC030019001F4A23009B001B1947
:106540009B00D3180C3319601A4B1B785A1E1A493A
:1065500013009B009B189B00CB180C331B683A68F8
:10656000110018001EF0D5F8124B1B785A1E124964
:1065700013009B009B189B00CB180C331B68002B4F
:1065800011D10C4B1B785A1E13009B009B189B00CB
:10659000094A9B181422002118001DF08EFE0E23BC
:1065A00003E0C04600E0C04600231800BD4604B02A
:1065B000B0BDC04644190020E0180020B0B58EB030
:1065C00006AF78601F23FB1800221A701E23FB18E9
:1065D00000221A70EC4B1B78052B02D10E2300F021
:1065E000E0FBE94B1B781900E84A0B009B005B18A5
:1065F0009B0000219954E44B1B781900E34A0B00DF
:106600009B005B189B00D318013300221A70DE4BED
:106610001B781A0013009B009B189B00DB4A9B18F9
:1066200002330422002118001DF047FE7B681B780E
:10663000622B00D0B0E27B6802331B782E2B00D097
:10664000AAE27B6801331B782F2B00D8A5E37B6877
:1066500001331B78362B00D99FE37B6801331A780E
:106660001E203B18303A1A70C74B1B781900C74AD6
:106670000B009B005B189B0001219954C24B1B78B7
:106680001900C24A0B009B005B189B00D318013312
:1066900000221A70BC4B1B781900BC4A0B009B00EF
:1066A0005B189B00D318023304003A1812781A7052
:1066B0007B680333B649072218001EF032F8031E28
:1066C00030D1B14B1B781900B04A0B009B005B180E
:1066D0009B00D318033305221A703B191A78AD4971
:1066E0001300DB009B18CB1808331B781A0001231A
:1066F000134012D13B19187801230593002304930A
:1067000000230393002302930023019300230093AB
:106710000023002201210EF0F3FD1F23FB180022AD
:106720001A7032E27B6803339B490E2218001DF079
:10673000F8FF031E31D1944B1B781900934A0B00CC
:106740009B005B189B00D318033306221A701E208F
:106750003B181A788F491300DB009B18CB180833BD
:106760001B781A000223134012D13B18187801231A
:106770000593002304930023039300230293002333
:106780000193002300930023012200210EF0B8FDA5
:106790001F23FB1800221A70F7E17B6803337F493F
:1067A0000C2218001DF0BDFF031E00D0F8E01E24CF
:1067B0003B191A7877491300DB009B18CB1802337A
:1067C0001B78002B41D1704B1B7819006F4A0B00CE
:1067D0009B005B189B00D318033309221A707B6857
:1067E0000F3318001DF009FB0200674B1B781900DE
:1067F000D0B2664A0B009B005B189B00D318043391
:10680000021C1A70604B1B781900604A0B009B0039
:106810005B189B00D31804331A783B1918780123AE
:106820000593002304930023039300230293002382
:106830000193002300931300002200210EF060FD5D
:106840001F23FB1800221A709FE11E243B191A789F
:1068500050491300DB009B18CB1803331B78002B27
:1068600040D1494B1B781900484A0B009B005B182C
:106870009B00D31803330A221A707B680F33180069
:106880001DF0BBFA0200404B1B781900D0B23F4A02
:106890000B009B005B189B00D3180433021C1A707A
:1068A000394B1B781900394A0B009B005B189B0081
:1068B000D31804331B783A1910780122059200226C
:1068C000049200220392002202920022019200937D
:1068D0000023002200210EF013FD1F23FB180022CD
:1068E0001A7052E11E243B191A782A491300DB0062
:1068F0009B18CB1804331B78002B40D1224B1B78FC
:106900001900224A0B009B005B189B00D31803332D
:106910000B221A707B680F3318001DF06EFA02000C
:10692000194B1B781900D0B2184A0B009B005B185A
:106930009B00D3180433021C1A70134B1B781900E8
:10694000124A0B009B005B189B00D31804331B7882
:106950003A19107801220592002204920022039233
:1069600000220292019300230093002300220021C1
:106970000EF0C6FC1F23FB1800221A7005E11F232E
:10698000FB180C221A7000E144190020E0180020C6
:10699000F8B102089042002000B2020810B20208CA
:1069A0007B680333C7490D2218001DF0BAFE031E91
:1069B00000D0EAE01E243B191A78C3491300DB001B
:1069C0009B18CB1805331B78002B40D1BF4B1B788D
:1069D0001900BF4A0B009B005B189B00D3180333C0
:1069E0000C221A707B68103318001DF006FA0200A2
:1069F000B64B1B781900D0B2B54A0B009B005B1850
:106A00009B00D3180433021C1A70B04B1B7819007A
:106A1000AF4A0B009B005B189B00D31804331B7814
:106A20003A19107801220592002204920022039262
:106A300002930023019300230093002300220021EE
:106A40000EF05EFC1F23FB1800221A709DE01E242E
:106A50003B191A789C491300DB009B18CB180633AE
:106A60001B78002B40D1994B1B781900984A0B00DA
:106A70009B005B189B00D31803330D221A707B68B0
:106A8000103318001DF0B9F90200904B1B78190063
:106A9000D0B28F4A0B009B005B189B00D3180433C5
:106AA000021C1A70894B1B781900894A0B009B0045
:106AB0005B189B00D31804331B783A191078012215
:106AC0000592002204920393002302930023019372
:106AD000002300930023002200210EF011FC1F234D
:106AE000FB1800221A7050E01E243B191A787649D0
:106AF0001300DB009B18CB1807331B78002B40D109
:106B0000724B1B781900724A0B009B005B189B00AC
:106B1000D31803330E221A707B68103318001DF04F
:106B20006CF90200694B1B781900D0B2684A0B005F
:106B30009B005B189B00D3180433021C1A70634B34
:106B40001B781900624A0B009B005B189B00D3184E
:106B500004331B783A19107801220592049300231C
:106B60000393002302930023019300230093002347
:106B7000002200210EF0C4FB1F23FB1800221A7014
:106B800003E01F23FB180D221A70504B1B780133B2
:106B9000DAB24E4B1A7000E17A684E4B11001800C1
:106BA0001DF0B7FD1D23FB1800221A701C23FB18D3
:106BB00000221A70484A474B110018001EF012FCC0
:106BC0000300BB61444B190000201EF00BFC0300C6
:106BD0007B61414B190000201EF004FC03003B6167
:106BE000BB69002B01D16723DBE01D257C19BB6944
:106BF0001800FDF72BFA0300237028003B181B78C0
:106C0000002B24D07B69002B21D13B69002B1ED1A6
:106C10002E4B1B7819002E4A0B009B005B189B0023
:106C200002219954294B1B781900294A0B009B001B
:106C30005B189B00D31803333A1812781A70234B51
:106C40001B780133DAB2214B1A700023A9E07B696B
:106C5000002B00D19FE03B69002B00D19BE01C255D
:106C60007C193B691800FDF7F1F903002370280037
:106C70003B181B78002B31D0144B1B781900144A99
:106C80000B009B005B189B00042199540F4B1B7851
:106C900019000F4A0B009B005B189B00D3180333AD
:106CA0001D22BA1812781A70084B1B781900084A6E
:106CB0000B009B005B189B00D31807333A1812781F
:106CC0001A703FE020B202089042002044190020D0
:106CD000E0180020D819002030B20208334B1B788E
:106CE0001900334A0B009B005B189B000321995449
:106CF0002E4B1B7819002E4A0B009B005B189B0043
:106D0000D31803331D22BA1812781A703B69180081
:106D10001DF06EF802000B0010001900FBF7C8FF11
:106D2000031CFB60214B1B781A0013009B009B186F
:106D30009B001F4A9B1806330C22B9180422180026
:106D40001DF0B2FA194B1B781C007B691800FDF787
:106D5000AFF903001900164A23009B001B199B0082
:106D6000D31801330A1C1A70104B1B781900104AF3
:106D70000B009B005B189B00D31801331B78002B82
:106D800001D167230DE0094B1B780133DAB2074BC1
:106D90001A70002305E0672303E0C0461F23FB1899
:106DA0001B781800BD4608B0B0BDC046441900208D
:106DB000E018002090B583B000AF786039602B4BAD
:106DC0001B785A1E2A4913009B009B189B00CB1866
:106DD0000C331B68002B01D1002343E0254B1B68BB
:106DE000002B02D1234B7A681A60224B1B681B7858
:106DF000002B06D11F4B00221A6000233B600023AA
:106E000030E01C4B1B68132118001DF074FC0200BD
:106E1000194B1A60184B1B68002B11D0154B1968C1
:106E2000154B1A68134B1B68D31A1A003B681800DD
:106E30001DF089FC104B1B685A1C0E4B1A6010E0A9
:106E40000C4B1A683B68110018001DF062FC094BDE
:106E50001C683B681800F9F761F90300E218054B5C
:106E60001A6001231800BD4603B090BD44190020EC
:106E7000E01800200C1A0020101A002090B587B0EE
:106E800000AF0200FB1D1A70FB1D1A786449130045
:106E90009B009B189B005B5C042B00D1B5E000DDE0
:106EA000B5E0032B2BD000DDB1E0012B03D0022B8A
:106EB00000D1AEE0ABE0FB1D1A7813243919584815
:106EC00013009B009B189B00C31802331B780B70A8
:106ED000FB1D1A78524913009B009B189B00CB188E
:106EE000033319783B191A784E481300DB009B18BE
:106EF0001B5C994201D101238DE000238BE0FB1D37
:106F00001A78474913009B009B189B00CB1803334A
:106F10001B785A1E444913005B009B189B005B586A
:106F20001B687B61FB1D1A7813009B009B189B005C
:106F30003B4A9B18991D0C23FB18042218001DF0D6
:106F4000B3F9FB1D1A78364913009B009B189B0070
:106F5000CB1801331B78062B55D89A00334BD31826
:106F60001B689F46FB68191C7869F9F7B3FA031E82
:106F700000D149E001234EE0FB68191C7869F9F75C
:106F8000C3FA031E00D13FE0012344E0FB68191C53
:106F90007869F9F7A5FA031E00D135E00021786978
:106FA000F9F798FA031E00D02EE0012333E0FB68C6
:106FB000191C7869F9F7B2FA031E00D124E0012305
:106FC00029E0FB68191C7869F9F794FA031E00D1CF
:106FD0001AE000217869F9F77DFA031E00D013E06A
:106FE000012318E0FB68191C7869F9F773FA031E8E
:106FF00000D009E000217869F9F76CFA031E00D08F
:1070000002E0012307E0C04604E0C04602E0C046BB
:1070100000E0C04600231800BD4607B090BDC04642
:10702000E018002090420020A402002034B20208A0
:1070300080B582B000AF7B1D00221A70BB1D0022FC
:107040001A8011F073FB03003B60BB1D00221A8005
:107050003EE0BB1D1A88254913009B009B189B002E
:10706000CB1810331B78002B2DD0BB1D1B88DBB237
:107070001800FFF703FF031E25D01D4B20221A70B6
:1070800010E01C4B18783B681B4A0021FEF7CCFE31
:107090003B681800F9F742F802003B68002118002D
:1070A0001DF00BF9BB1D1A88104913009B009B189B
:1070B0009B00CB180C331B680F4A11001800FFF718
:1070C00079FE031EDDD1BB1D1A88BB1D01321A805B
:1070D0000A4B1B789BB2BA1D12889A42B9D37B1D0A
:1070E0001B781800BD4602B080BDC046E0180020E5
:1070F000FC140020F8170020141A00204419002066
:1071000080B500AFBFF34F8FC046044B044ADA602E
:10711000BFF34F8FC046C046FDE7C04600ED00E01C
:107120000400FA0580B500AFC046BD4680BD000032
:1071300080B500AF444B180011F042FA434B1800E1
:1071400011F03EFA424B180011F03AFA414B180088
:1071500011F036FA404B180011F032FA3F4B18008C
:1071600011F02EFA3E4B180011F02AFA3D4B180090
:1071700011F026FA3C4B180011F022FA3B4B180094
:1071800011F01EFA3A4B180011F01AFA394B180098
:1071900011F016FA384B180011F012FA374B18009C
:1071A00011F00EFA364B180011F00AFA354B1800A0
:1071B00011F006FA344B180011F002FA334B1800A4
:1071C00011F0FEF9324B180011F0FAF9314B1800AA
:1071D00011F0F6F9304B180011F0F2F92F4B1800AE
:1071E00011F0EEF92E4B180011F0EAF92D4B1800B2
:1071F00011F0E6F92C4B180011F0E2F92B4B1800B6
:1072000011F0DEF92A4B180011F0DAF9294B1800B9
:1072100011F0D6F9284B180011F0D2F9274B1800BD
:1072200011F0CEF9264B180011F0CAF9254B1800C1
:1072300011F0C6F9244B22221A700AF023FEFFF740
:1072400071FFC046BD4680BD48B30208E0B20208E7
:107250007CB302085CB5020894B50208E4B50208E4
:1072600054B6020890B60208D0B602081CB802084C
:10727000DCB8020858B90208B0B9020800BA02081E
:1072800098BA0208ECBA020844BB0208C4BB020860
:1072900000BC020850BC0208A0BC020800BD0208E5
:1072A00048BD020890BD0208D8BD020818BE0208F9
:1072B00060BE020840BF0208BCBF020804C002084A
:1072C00054C00208C0C002082315002080B586B053
:1072D00000AFF860B9607A600B4B7B617A69FB683C
:1072E000110018001DF015FA7B691800F8F716FF59
:1072F0000200FB689B18180013F0D2FC0023180052
:10730000BD4606B080BDC046D0C0020880B586B07C
:1073100000AFF860B9607A600B4B7B617A69FB68FB
:10732000110018001DF0F5F97B691800F8F7F6FE5A
:107330000200FB689B18180013F058FD002318008A
:10734000BD4606B080BDC04620C1020890B585B0DC
:1073500000AFF860B9607A601F4B1B7819001F4AB4
:107360000B009B005B185B009B5C002B09D11C4B46
:107370001968194B1B781A00FB6818001DF08EF96C
:1073800011E0184B1968144B1B781C00124B1B782A
:107390001A0013009B009B185B00104A9B18F868AA
:1073A00022001DF07BF980235901A023DB05012277
:1073B000180016F000FCC82011F041F88023590194
:1073C000A023DB050022180016F0F5FB00231800AF
:1073D000BD4605B090BDC046B1000020001600209B
:1073E0003401002038010020B0B588B002AFF86049
:1073F000B9607A601523FB1800221A70684A7B680E
:107400000121180011F09AF90200664B1A60654BD1
:107410001B68002B2AD1644B1968644B1B781A0037
:10742000FB6818001DF03AF9614B1A68FB681100FF
:1074300018001DF053F95F4B1C78FB681800F8F733
:107440006DFE03009AB2F96801235B420093322378
:10745000200010F00DF8584B584A1A60584B012282
:107460001A700A2010F0EBFFFFF74AFE4D4B186828
:107470004B4B1B681A00534B19001DF052F9031EA9
:1074800000D078E0504A7B680221180011F056F9CC
:1074900002004E4B1A604E4A7B680321180011F01F
:1074A0004DF902004B4B1A60484B1B681B785BB2CE
:1074B000232B0AD1454B1B68013318001CF0A3FC99
:1074C00002001723FB181A7003E01523FB1868222B
:1074D0001A70404B1B681B785BB2702B0AD13D4B76
:1074E0001B68013318001CF08EFC02001623FB18E9
:1074F0001A7003E01523FB1868221A702B4B1B78B7
:1075000017257A1912789A421DD0334B00221A702F
:10751000324B16243A1912781A707B191B78012203
:107520001A21180003F098FD642010F088FF1F4B0B
:107530001878204B1A783B191C787B19197823008E
:107540000AF030FA1BE016243B1918780023009348
:1075500019230022002103F0CFFD642010F06FFFFB
:10756000124B1878114B1978124B1A783B191B786B
:107570000AF018FA03E01523FB1868221A70152385
:10758000FB181B78682B06D1154B1A68FB68110095
:1075900018001DF0BEF800231800BD4606B0B0BDAF
:1075A000981A00209C1A00203C010020B100002005
:1075B000A0000020F8170020F03F0220EFBEADDE53
:1075C0002015002064C10208A01A0020A41A00207F
:1075D000A81A0020AC1A0020FC140020C4170020B8
:1075E0004001002080B584B000AFF860B9607A60D7
:1075F000FFF786FDB0B586B000AFF860B9607A607D
:107600001723FB1800221A702D4A7B6801211800ED
:1076100011F094F802002B4B1A60294B1B68092BC0
:1076200004DD284B1B68093300221A70264B1A7898
:10763000244B1B6817257C1919001000FDF752FE1A
:10764000030023707B191B78002B0AD11F4B19688C
:107650001D4B1B781A001B4B1B68F8681DF01EF8A9
:1076600028E01723FB181B78062B08D1184B196844
:10767000144B1A68FB6818001DF010F81AE0172365
:10768000FB181B78072B08D1124B19680D4B1A6891
:10769000FB6818001DF002F80CE01723FB181B789C
:1076A000082B07D10C4B1968064B1A68FB681800A9
:1076B0001CF0F4FF00231800BD4606B0B0BDC04664
:1076C000B01A0020B41A0020B100002044010020AC
:1076D000480100204C01002050010020B0B594B0BA
:1076E00000AFF860B9607A604F23FB1800221A706F
:1076F0002023FB1800221A600433232200211800E3
:107700001CF0DBFD4C23FB1800221A804A243B1995
:1077100000221A8014257B1900221A6004330622E5
:10772000002118001CF0C9FD9C4A7B68012118004B
:1077300011F004F802009A4B1A60994B1968974BA4
:107740001B681A007B1918001CF0FDFF3B19012271
:107750001A804923FB1800221A701BE04923FB18EA
:107760001A7813009B009B185B008E4A9A1814230A
:10777000FB1811001800F8F7C7FC031E04D14A23B8
:10778000FB1800221A800AE049217B181A787B181E
:1077900001321A704923FB181B78092BDED9824B62
:1077A00002221A70FA68814B100019000A231A008D
:1077B0001CF07AFD7C4B1B785BB219007C4A7B681D
:1077C000180010F0BBFF02007A4B1A605DE0794BA5
:1077D0001968774B1B681A0020243B1918001CF00D
:1077E000B2FF734B1B6820003A180021D1544C257E
:1077F0007C193B181800FDF7C7FC030023807B1998
:1078000000229B5E002B45DB7B191B88DBB24F25DA
:107810007C191422BA1811001800FDF703FE0300AA
:1078200023707B191B78002B36D15F4B1B785BB222
:10783000022B0EDDFB681800F8F770FC03001A003D
:10784000FB689A185C4B1000190003231A001CF007
:107850002BFD2023FA18FB68110018001CF03EFFD6
:10786000514B1B785BB2DBB20133DBB25AB24E4BE9
:107870001A704D4B1B785BB219004D4A7B6818009B
:1078800010F05CFF02004B4B1A604A4B1B68002B48
:107890009DD102E0C04600E0C0464C23FB18002208
:1078A0009B5E002B08DA454B19682023FA18FB6809
:1078B00018001CF0F3FE6CE03B4B1B785BB2022B14
:1078C00008D13F4B19681423FA18FB6818001CF004
:1078D000E5FE5EE04F23FB181B78002B15D14A23F1
:1078E000FB1800229B5E002B0FD0364B1968142327
:1078F000FA1820243B1918001CF0D0FE3A19FB6836
:10790000110018001CF0EAFE43E04F23FB181B781F
:10791000002B15D14A23FB1800229B5E002B0FD1B0
:10792000294B19681423FA1820243B1918001CF05D
:10793000B5FE3A19FB68110018001CF0CFFE28E0D4
:107940004F23FB181B78062B08D1204B19681423F2
:10795000FA18FB6818001CF0A1FE1AE04F23FB1870
:107960001B78072B08D11A4B19681423FA18FB68E7
:1079700018001CF093FE0CE04F23FB181B78082B1B
:1079800007D1144B19681423FA18FB6818001CF06F
:1079900085FE00231800BD4614B0B0BDB81A002003
:1079A000BC1A002094150020C01A002068C10208EB
:1079B000C41A0020C81A002074C102085401002013
:1079C000580100205C0100206001002064010020BB
:1079D000680100206C01002080B584B000AFF86021
:1079E000B9607A600020FDF7EFF900231800BD466A
:1079F00004B080BD90B589B002AFF860B9607A601C
:107A000017217B1800221A70334B1B78012B04D9E5
:107A10007C180FF071FE030023702F4B1B781A00A7
:107A20002E49FB6818001CF039FE2D4B1C78FB68B2
:107A30001800F8F773FB03009AB2F96801235B4260
:107A40000093322320000FF013FD264AFB6811003B
:107A500018001CF023FE224B1C78FB681800F8F776
:107A60005DFB03009AB2F96801235B420093322365
:107A700020000FF0FDFC1A4B1B781800FCF7F0FFFC
:107A8000174B1B781800FDF713F91723FB181B7809
:107A9000022B15D1144AFB68110018001CF0FEFDE2
:107AA0000F4B1C78FB681800F8F738FB03009AB2FC
:107AB000F96801235B420093322320000FF0D8FCC9
:107AC0000A4AFB68110018001CF0E8FD00231800AA
:107AD000BD4607B090BDC046B000002078C1020886
:107AE000F817002094C10208A8C10208ECC10208DE
:107AF000F0B59FB006AFF860B9607A605C23FB1800
:107B000000221A700023FB640023BB6400237B6403
:107B100000233B640023FB630023BB6300237B63E0
:107B20005F23FB1800221A705E243B1900221A7092
:107B30005D23FB1800221A705B23FB1800221A70C9
:107B40005A23FB1800221A7000237B6500233B6533
:107B50002823FB1800221A60043306220021180093
:107B60001CF0ABFB1C23FB1800221A600433062216
:107B7000002118001CF0A1FB1023FB1800221A6042
:107B800004330622002118001CF097FB4C23FA183E
:107B90007B680121180010F0D1FD0200804B1A60B3
:107BA0007F4B1B681B785BB2502B08D17C4B1B684A
:107BB000013318001CF027F902003B191A70482302
:107BC000FA187B680221180010F0B8FD0200754B0E
:107BD0001A60744B1968BB6C1A0028243B191800F2
:107BE0001CF0B1FD3B191800FDF7CEFA03001A0096
:107BF0005B23FB181A704423FA187B6803211800D2
:107C000010F09CFD0200684B1A60674B1B681B78E4
:107C10005BB2702B09D1644B1B68013318001CF058
:107C2000F2F802005D23FB181A704023FA187B68F3
:107C30000421180010F082FD02005C4B1A605B4BBF
:107C400019683B6C1A001C243B1918001CF07BFDC2
:107C50003B191800FDF798FA03001A005A23FB1885
:107C60001A703C23FA187B680521180010F066FD95
:107C700002004F4B1A604E4B1B68FA6B4D491800BF
:107C80001CF04FFD031E04D15F23FB1800221A7065
:107C90001AE0474B1B68FA6B474918001CF041FD7E
:107CA000031E04D15F23FB1801221A700CE0404B25
:107CB0001B68FA6B414918001CF033FD031E03D109
:107CC0005F23FB1802221A70394B1968FB6B1A00EC
:107CD0001026BB1918001CF036FD3823FA187B68F3
:107CE0000621180010F02AFD0200354B1A60344BB3
:107CF0001B6818001CF087F803007B653423FA1812
:107D00007B680721180010F019FD02002D4B1A6046
:107D10002C4B1B6818001CF076F803003B655C23B5
:107D2000FC185A22BB181D785D22BB181A785B21FB
:107D30007B1819785E203B181878002303933B6D5D
:107D400002937B6D01935F23FB181B7800932B003C
:107D500003F02CFD030023705C23FB181B78002B21
:107D600018D1194B19685E203B181D785D22BB188D
:107D70001B78BC19F8683A6D04927A6D03921C2244
:107D8000BA18029201932823FB1800932B002200BB
:107D90001CF084FC00231800BD4619B0F0BDC0469D
:107DA000CC1A0020D01A0020D41A0020D81A0020A3
:107DB000DC1A0020F0C10208F8C1020804C202085F
:107DC000E01A0020E41A002070010020F0B58BB00A
:107DD00002AFF860B9607A601D23FB1800221A70A8
:107DE0000023BB6100237B611F23FB1800221A7054
:107DF0001E243B1900221A701823FA187B680121EF
:107E0000180010F09BFC02003D4B1A603C4B1B68B5
:107E1000BA693C4918001CF084FC031E03D13B19CD
:107E200001221A7028E0364B1B68BA6936491800DF
:107E30001CF077FC031E04D11E23FB1802221A70CB
:107E40001AE02F4B1B68BA69304918001CF069FC16
:107E5000031E04D11E23FB1803221A700CE0284BCA
:107E60001B68BA692A4918001CF05BFC031E03D189
:107E70001E23FB1804221A701423FA187B680221AF
:107E8000180010F05BFC0200224B1A60214B1B68AB
:107E90001B785BB2702B09D11E4B1B680133180095
:107EA0001BF0B1FF02001F23FB181A701D26BC191E
:107EB0001F257B191A781E23FB181B781100180048
:107EC0000CF0E6FF03002370BB191B78002B12D1C6
:107ED0000B4B1B68BA699B1800221A700E4B19686D
:107EE000074B1A687B191C787B191B78F86800937C
:107EF00023001CF0D3FB00231800BD4609B0F0BDE1
:107F0000E81A002014C2020824C2020834C202087F
:107F100040C20208EC1A002074010020F0B587B0BE
:107F200000AFF860B9607A601623FB1800221A705F
:107F300000233B6117243B1900221A701023FA1802
:107F40007B680121180010F0F9FB0200164B1A6043
:107F5000154B1B681B785BB2702B08D1124B1B684A
:107F6000013318001BF04FFF02003B191A70162650
:107F7000BC1917257B191B7818000DF0BDF80300FC
:107F80002370BB191B78002B08D1084B19687B198B
:107F90001A787B191B78F8681CF080FB0023180006
:107FA000BD4607B0F0BDC046F01A002078010020A1
:107FB000F0B5CE46474680B595B006AFF860B960DB
:107FC0007A603723FB1800221A7000237B6200239B
:107FD0003B620023FB610023BB6100237B613023F4
:107FE000FB1800221A800023FB623623FB180022B4
:107FF0001A702423FA187B680121180010F09EFBE8
:108000000200E24B1A60E14B1B68E14904221800B0
:108010001CF087FB031E00D04DE22023FA187B687A
:108020000221180010F08AFB0200DA4B1A60D74BCD
:108030001B68181D7B6A043B1A00D74B19001CF003
:1080400070FB031E00D07DE0D24B1B683A6AD34917
:1080500018001CF066FB031E14D1D14B60221A706D
:10806000CF4B5B781B021AB2CD4B1B781BB213436C
:108070001BB29AB28A235B00110018000BF024FB9C
:1080800000F03AFDC34B1B683A6AC64918001CF061
:1080900048FB031E14D1C24B20221A70C04B5B78E0
:1080A0001B021AB2BE4B1B781BB213431BB29AB20F
:1080B0008A235B00110018000BF006FB00F01CFD8A
:1080C000B44B1B683A6AB84918001CF02AFB031E1F
:1080D00014D1B34B40221A70B14B5B781B021AB219
:1080E000AF4B1B781BB213431BB29AB28A235B00BF
:1080F000110018000BF0E8FA00F0FEFCA54B1B681D
:108100003A6AAA4918001CF00CFB031E14D1A44BB8
:1081100000221A70A24B5B781B021AB2A04B1B788C
:108120001BB213431BB29AB28A235B0011001800E2
:108130000BF0CAFA00F0E0FC3723FB1868221A7033
:1081400000F0DAFC914B1B68181D7B6A043B1A0097
:10815000974B19001CF0E5FA031E00D07DE08D4B13
:108160001B683A6A8D4918001CF0DBFA031E14D113
:108170008B4B03225A708A4B5B781B021AB2884BD6
:108180001B781BB213431BB29AB28A235B00110007
:1081900018000BF099FA00F0AFFC7E4B1B683A6AAE
:1081A000804918001CF0BDFA031E14D17C4B01223B
:1081B0005A707B4B5B781B021AB2794B1B781BB24F
:1081C00013431BB29AB28A235B00110018000BF014
:1081D0007BFA00F091FC6F4B1B683A6A6E491800FD
:1081E0001CF09FFA031E14D16D4B02225A706C4B87
:1081F0005B781B021AB26A4B1B781BB213431BB28B
:108200009AB28A235B00110018000BF05DFA00F0AF
:1082100073FC604B1B683A6A644918001CF081FAD1
:10822000031E14D15E4B00225A705D4B5B781B021B
:108230001AB25B4B1B781BB213431BB29AB28A2350
:108240005B00110018000BF03FFA00F055FC3723DB
:10825000FB1868221A7000F04FFC4C4B1B68181D6D
:108260007B6A043B1A00534B19001CF05AFA031E98
:108270002DD1484B1B6818001BF0BFFD0300FB62AB
:10828000FA6AE1231B039A421BD84B4BFA6A9A60A5
:10829000494B9B689AB28C235B00110018000BF0CD
:1082A00013FA454B9B681B0C9AB21A23FF3311003B
:1082B00018000BF009FA3623FB1801221A7000F09F
:1082C0001BFC3723FB1868221A7000F015FC2F4B9B
:1082D0001B68181D7B6A043B1A00384B19001CF000
:1082E00020FA031E22D12B4B1B6818001BF085FDC2
:1082F000020030217B181A800A00BB181B88002B53
:108300000ED02D4B1100BA1812881A807B181A88CB
:108310001623FF33110018000BF0D6F900F0ECFB28
:108320003723FB1868221A7000F0E6FB174B1B6816
:10833000181D7B6A043B1A00214B19001CF0F1F94F
:10834000031E3FD1134B1B6818001BF056FD0200A3
:1083500030217B181A800A00BB181B88002B0ED016
:10836000154B1100BA1812885A807B181A888B2373
:108370005B00110018000BF0A7F900F0BDFB3723DC
:10838000FB1868221A7000F0B7FBC046F41A0020F0
:108390004CC20208F81A002054C2020860C2020847
:1083A000FC14002064C202086CC2020870C20208F9
:1083B00078C2020880C20208041500208CC202089C
:1083C00098C20208D94B1B68181D7B6A043B1A002F
:1083D000D74B19001CF0A5F9031E2ED1D54B1B68F5
:1083E00018001BF00AFD020030217B181A800A00D9
:1083F000BB181B88002B1AD0BB181B88FF2B16D864
:10840000BB181B88DAB2CC4B1A71CB4B5B791B02C1
:108410001AB2C94B1B791BB213431BB29AB2182371
:10842000FF33110018000BF04FF900F065FB372304
:10843000FB1868221A7000F05FFBBC4B1B68181D0C
:108440007B6A043B1A00BD4B19001CF06AF9031E3D
:108450002CD1B84B1B6818001BF0CFFC0200302158
:108460007B181A800A00BB181B88002B19D0BB1878
:108470001B88FF2B15D8BB181B88DAB2AE4B5A717C
:10848000AD4B5B791B021AB2AB4B1B791BB213438A
:108490001BB29AB21823FF33110018000BF014F925
:1084A0002AE33723FB1868221A7025E33723FB18C9
:1084B00067221A7020E39D4B1B68A1490422180013
:1084C0001CF02FF9031E00D0A6E02023FA187B68C9
:1084D0000221180010F032F90200964B1A601C239A
:1084E000FA187B680321180010F028F90200954B58
:1084F0001A601823FA187B680421180010F01EF97E
:108500000200914B1A601423FA187B6805211800A9
:1085100010F014F902008D4B1A60864B1B6818008E
:108520001BF06BFC02003523FB181A70854B1B688F
:1085300018001BF062FC02003423FB181A70824BF7
:108540001B6818001BF059FC02002B23FB181A7043
:108550007E4B1B68002B1FD07C4B1B687C49022282
:1085600018001CF0DEF8031E04D13323FB1801228F
:108570001A7011E0754B1B687649022218001CF036
:10858000D0F8031E04D13323FB1802221A7003E033
:108590003723FB1868221A703723FB181B78002B2F
:1085A00000D0A9E23523FB181B78172B09D83423F8
:1085B000FB181B783B2B04D82B23FB181B783B2B79
:1085C00004D93723FB1868221A7095E20EF0E6F9F9
:1085D000594B987D584B597D574B1A8B564B1D7DE7
:1085E000554B1B7B5BB237243C1904933323FB1898
:1085F0001B7803933523FB181B7802933423FB1855
:108600001B7801932B23FB181B7800932B000EF093
:1086100031F9030023706FE2444B1B684E4904227A
:1086200018001CF07EF8031E00D061E22023FA1827
:108630007B680221180010F081F802003D4B1A609F
:108640001C23FA187B680321180010F077F8020049
:108650003C4B1A601823FA187B680421180010F0AC
:108660006DF80200384B1A601423FA187B68052154
:10867000180010F063F80200344B1A60324B1B688C
:1086800018001BF0BAFB02002B23FB181A702F4BAB
:108690001B6818001BF0B1FB02003023FB181A8086
:1086A000244B1B682D49062218001CF03AF8031EC3
:1086B00004D13523FB1801221A7079E01D4B1B6889
:1086C0002749072218001CF02CF8031E04D135237B
:1086D000FB1802221A706BE0164B1B682149092215
:1086E00018001CF01EF8031E04D13523FB180322CA
:1086F0001A705DE00F4B1B681B49082218001CF024
:1087000010F8031E04D13523FB1804221A704FE021
:10871000084B1B681549062218001CF002F8031EBE
:1087200026D13523FB1805221A7041E0F41A0020E7
:10873000A8C20208F81A002004150020BCC20208D2
:10874000A8BA0208FC1A0020001B0020041B00200D
:10875000D0C20208D4C20208FCBA0208D8C2020879
:10876000E0C20208E8C20208F4C2020800C302081C
:10877000C14B1B68C149082218001BF0D2FF031E21
:1087800004D13523FB1806221A7011E0BA4B1B687E
:10879000BB49062218001BF0C4FF031E04D1352379
:1087A000FB1807221A7003E03723FB1868221A709F
:1087B000B44B1B68B449072218001BF0B2FF031E1C
:1087C00008D0B04B1B68B149022218001BF0A9FF6A
:1087D000031E04D13423FB1801221A7000E1A94BB7
:1087E0001B68AB49082218001BF09BFF031E08D032
:1087F000A44B1B68A749022218001BF092FF031E1E
:1088000004D13423FB1802221A70E9E09D4B1B6847
:10881000A149052218001BF084FF031E08D0994BC4
:108820001B689E49022218001BF07BFF031E04D127
:108830003423FB1803221A70D2E0924B1B6898492C
:10884000052218001BF06DFF031E08D08D4B1B681E
:108850009449022218001BF064FF031E04D1342344
:10886000FB1804221A70BBE0864B1B688E4903225A
:1088700018001BF056FF031E08D0824B1B688B4963
:10888000022218001BF04DFF031E04D13423FB18F5
:1088900005221A70A4E07B4B1B688549042218004E
:1088A0001BF03FFF031E08D0764B1B688149022254
:1088B00018001BF036FF031E04D13423FB180622D8
:1088C0001A708DE06F4B1B687B49042218001BF067
:1088D00028FF031E08D06B4B1B6878490222180042
:1088E0001BF01FFF031E04D13423FB1807221A704C
:1088F00076E0644B1B687249052218001BF011FFDB
:10890000031E08D05F4B1B686E49022218001BF043
:1089100008FF031E04D13423FB1808221A705FE0FD
:10892000584B1B686849092218001BF0FAFE031E09
:1089300008D0544B1B686549022218001BF0F1FE59
:10894000031E04D13423FB1809221A7048E04D4B52
:108950001B685F49072218001BF0E3FE031E08D0C6
:10896000484B1B685B49022218001BF0DAFE031E0D
:1089700004D13423FB180A221A7031E0414B1B68E2
:108980005549082218001BF0CCFE031E08D03D4BB1
:108990001B685249022218001BF0C3FE031E04D1BB
:1089A0003423FB180B221A701AE0364B1B684C4913
:1089B000082218001BF0B5FE031E08D0314B1B68BF
:1089C0004849022218001BF0ACFE031E04D13423D8
:1089D000FB180C221A7003E03723FB1868221A7068
:1089E0003723FB181B78002B00D085E02B22BB1807
:1089F0001B78002B0FD0BB181B781F2B0BD83021F6
:108A00007B181A88FA23DB009A4204D37B181B8850
:108A1000354A934204D93723FB1868221A706BE059
:108A20000DF0BCFF314B1B7C304A527C2F49897CB6
:108A30002E48C07C2D4C247B65B237243C1935264A
:108A4000BE193678B1463026BE193688B0462B2678
:108A5000BE193678B4463426BE193678049503908C
:108A60000291019200934B464246614630000DF060
:108A700001FF030023703FE0F81A002008C302083A
:108A800014C30208FC1A00201CC3020824C30208F5
:108A900028C3020834C3020838C3020840C30208CE
:108AA00044C302084CC3020850C3020854C302085E
:108AB00058C3020860C3020864C302086CC30208FA
:108AC00070C3020878C302087CC3020888C3020886
:108AD0008CC3020894C3020898C30208A4C3020806
:108AE000A8C30208B4C3020834080000041500201B
:108AF0003723FB1867221A703723FB181B78002BCB
:108B000022D1224B1B687A6A9B1800221A70204BD4
:108B100019681E4B1A681F4B1B68F8681BF0BEFDD6
:108B20003623FB181B78012B27D11B4B1A68FB68D7
:108B3000110018001BF0D2FD184B1A68FB681100D9
:108B400018001BF0CBFD18E03723FB181B78672BB0
:108B500007D1134B1A68FB68110018001BF0D9FDF0
:108B60000BE03723FB181B78682B06D10D4B1A68D6
:108B7000FB68110018001BF0CCFD00231800BD4657
:108B80000FB0C0BCB946B046F0BDC046F41A0020D4
:108B90007C010020F81A00208001002084010020C0
:108BA000880100208C01002080B588B000AFF860FB
:108BB000B9607A601F23FB1800221A700023BB6182
:108BC00000237B611E23FB1800221A701D23FB1853
:108BD00000221A701C23FB1800221A701823FA189E
:108BE0007B68012118000FF0A9FD0200C14B1A603B
:108BF000C04B1B68C049042218001BF092FD031EE5
:108C000000D0D6E0BB4B1B68181DBB69043B1A00A3
:108C1000BA4B19001BF085FD031E28D1B84B1B78F9
:108C2000602B07D1B74B1968B74AFB6818001BF0D7
:108C300035FD40E1B24B1B78202B07D1B14B1968B1
:108C4000B24AFB6818001BF029FD34E1AC4B1B78DD
:108C5000002B07D1AB4B1968AD4AFB6818001BF01D
:108C60001DFD28E11F23FB1868221A7023E1A14B88
:108C70001B68181DBB69043B1A00A64B19001BF0AA
:108C800050FD031E28D19E4B5B78032B07D19D4BD3
:108C900019689D4AFB6818001BF000FD0BE1984B1A
:108CA0005B78012B07D1974B1968984AFB6818002D
:108CB0001BF0F4FCFFE0924B5B78002B07D1914B4B
:108CC0001968934AFB6818001BF0E8FCF3E01F23C7
:108CD000FB1868221A70EEE0864B1B68181DBB69F2
:108CE000043B1A008C4B19001BF01BFD031E07D11F
:108CF0008A4B9A688A49FB6818001BF0CFFCDAE0BF
:108D00007C4B1B68181DBB69043B1A00854B19007E
:108D10001BF007FD031E08D1804B1B881A008049F9
:108D2000FB6818001BF0BAFCC5E0724B1B68181DED
:108D3000BB69043B1A007C4B19001BF0F2FC031EBC
:108D400008D1764B5B881A007549FB6818001BF048
:108D5000A5FCB0E0674B1B68181DBB69043B1A00FB
:108D6000724B19001BF0DDFC031E08D16B4B1B7905
:108D70001A006B49FB6818001BF090FC9BE05D4BF0
:108D80001B68181DBB69043B1A00694B19001BF0D6
:108D9000C8FC031E08D1614B5B791A006049FB686F
:108DA00018001BF07BFC86E01F23FB1867221A705B
:108DB00081E0504B1B685F49052218001BF0B1FC95
:108DC000031E00D073E01423FA187B6802211800F8
:108DD0000FF0B4FC0200584B1A601E23FB1800224F
:108DE0001A701D23FB1800221A701AE0524B1868E3
:108DF0001D23FB181A7813009B009B185B004F4A39
:108E00009B181900F7F780F9031E04D11E23FB18E5
:108E100001221A700AE01D217B181A787B18013292
:108E20001A701D23FB181B78092BDFD91E23FB1892
:108E30001B78002B09D1424B19683F4B1A68FB681D
:108E400018001BF02BFC002350E03E4B19683A4BF6
:108E50001A68FB6818001BF021FC1C23FB18012278
:108E60001A701CE01C217B181B785A1E364B5200CE
:108E7000D35A1A001D23FB181B781A411300012234
:108E8000134006D07B181B78FA683049F8681BF04D
:108E900005FC1C217B181A787B1801321A702C4BA8
:108EA0001B781C22BA1812789A42DBD903E01F23E0
:108EB000FB1867221A701F23FB181B78672B07D13A
:108EC000244B1A68FB68110018001BF022FC0CE010
:108ED0001F23FB181B78682B07D11F4B1968054B04
:108EE0001A68FB6818001BF0D9FB00231800BD4668
:108EF00008B080BD081B00204CC2020854C2020802
:108F0000FC1400209001002060C20208B8C30208CF
:108F100070C2020878C2020880C20208041500204C
:108F2000BCC302088CC2020898C20208A8C2020888
:108F3000BCC20208F4B502080C1B002094150020E6
:108F400094010020980100202C160020C4C30208C0
:108F5000B00000209C010020A001002090B587B047
:108F600000AFF860B9607A601723FB1800221A700E
:108F700000233B611023FA187B68012118000FF0D1
:108F8000DDFB0200294B1A60284B1B683A6928490F
:108F900018001BF0C6FB031E11D1264B264A13CA2C
:108FA00013C313CA13C312681A60FAF707FF234BDF
:108FB0001A68FB68110018001BF0ABFB24E01B4B88
:108FC0001B683A691E4918001BF0ABFB031E17D142
:108FD00000221621FF2002F03FF81A4B02221A70DD
:108FE00064200FF02CFAFAF765FF64200FF027FADF
:108FF000154B1A68FB68110018001BF08AFB03E090
:109000001723FB1868221A701723FB181B78682B8C
:1090100006D10E4B1A68FB68110018001BF079FB93
:1090200000231800BD4607B090BDC046101B0020AD
:10903000CCC30208041500202C000020A40100204D
:10904000D4C3020820150020A8010020AC01002094
:10905000F0B589B004AFF860B9607A600DF09EFC9D
:109060002C4B5B7B182B14D12B4B1968294B9B7C09
:109070001C00284B5B7C1D00264B1B7C1A00254BDB
:10908000DB89F868019300922B0022001BF006FB9D
:109090003AE0204B5B7B0C2B36D11E4BDB7C012B4B
:1090A00017D11E4B19681B4B9B7C1D00194B5B7C19
:1090B0001E00184B1B7C1A00164BDB891C00F8683D
:1090C000174B02930194009233002A001BF0E6FA3A
:1090D0001AE0104BDB7C022B16D1104B19680D4B9C
:1090E0009B7C1D000B4B5B7C1E000A4B1B7C1A00FB
:1090F000084BDB891C00F8680A4B0293019400922C
:1091000033002A001BF0CAFA00231800BD4605B040
:10911000F0BDC04604150020B0010020B4010020BD
:10912000DCC30208E0C3020890B585B000AFF86068
:10913000B9607A600DF032FC074B1C68FCF77EFCCE
:109140000200FB68210018001BF0A8FA0023180099
:10915000BD4605B090BDC046B801002090B58BB0AB
:1091600000AFF860B9607A602723FB1800221A70FC
:1091700000237B6100233B611423FA187B680121E3
:1091800018000FF0DBFA03003B623B6A1B785BB20E
:10919000702B09D13B6A013318001AF034FE02002B
:1091A0002623FB181A7003E02723FB1868221A7085
:1091B0001023FA187B68022118000FF0BFFA030091
:1091C000FB61FB6918001AF01EFE0300BB61272338
:1091D000FB181B78682B07D10E4B1A68FB6811002F
:1091E00018001BF096FA0FE0BA6926243B191B7889
:1091F000110018000EF0CEF9074B19683B191B78C7
:10920000BA69F8681BF04AFA00231800BD460BB093
:1092100090BDC046BC010020C001002080B586B0D2
:1092200000AFF860B9607A60154B1A681549FB68A1
:1092300018001BF033FA1723FB1800221A7005E000
:1092400017217B181A787B1801321A701723FB1824
:109250001B78022BF4D9FB681800F6F75FFF0300B8
:109260001A00FB689A18084B1000190003231A0013
:109270001BF01AF800231800BD4606B080BDC0469A
:10928000C4010020E4C30208E8C3020890B587B017
:1092900000AFF860B9607A6016243B1900221A808A
:1092A00012F0E6FB02003B191A803B191B88254A85
:1092B00094466344082B2CD89A00234BD3181B6880
:1092C0009F46224B1968224AFB6818001BF0E6F9FA
:1092D00027E01E4B19681F4AFB6818001BF0DEF9D7
:1092E0001FE01A4B19681C4AFB6818001BF0D6F9DE
:1092F00017E0164B1968194AFB6818001BF0CEF9E5
:109300000FE0124B1968164AFB6818001BF0C6F9EB
:1093100007E00E4B1968134AFB6818001BF0BEF9F2
:10932000C046114B1C6812F097FB03001B0BFA6838
:10933000F86821001BF0B2F900231800BD4607B001
:1093400090BDC046C0FBFFFF30C40208C80100202A
:10935000ECC30208F8C3020804C4020810C40208DF
:109360001CC4020828C40208CC01002080B584B0C7
:1093700000AFF860B9607A60074B1968074B1B684B
:109380001B041A0CFB6818001BF088F90023180056
:10939000BD4604B080BDC046D0010020CCF7FF1F01
:1093A000F0B58FB004AFF860B9607A601823FB188D
:1093B000D54A13CA13C312881A80D44B1C78D44BD5
:1093C0001D68D34B1B681800F6F7A8FE03009AB27D
:1093D00001235B4200933223290020000EF048F85D
:1093E0002723FB1801221A702623FB1800221A706B
:1093F00076E126203B181A78C64913009B009B187B
:109400009B005B5C002B1AD0C34B1C682723FB1806
:109410001D783B181A78BF4913009B009B189B00CE
:10942000CB1810331B7819001823FA180B00DB0037
:109430005B1AD318F8682A0021001BF02FF92623A5
:10944000FB181A78B34913009B009B189B005B5CC8
:10945000012B03D0032B00D1B5E0FBE02623FB1842
:109460001A78AC4913009B009B189B00CB18033360
:109470001B780E2B00DDA4E00C2B00DB75E00B2B22
:1094800000DD9EE0092B44DA052B02D0062B20D00C
:1094900097E0A24B1C6826203B181A789D491300C0
:1094A0009B009B189B00CB1802331B781D003B18B8
:1094B0001A78984913009B009B189B00CB180C331B
:1094C0001B68FA68F86800932B0021001BF0E6F88F
:1094D00078E0934B1C6826203B181A788D491300BE
:1094E0009B009B189B00CB1802331B781D003B1878
:1094F0001A78884913009B009B189B00CB180C33EB
:109500001B68FA68F86800932B0021001BF0C6F86E
:1095100058E0844B1C6826203B181A787D491300BC
:109520009B009B189B00CB1802331B781E003B1836
:109530001A78784913009B009B189B00CB180433C2
:109540001B781D003B181A78724913009B009B186A
:109550009B00CB180C331B68FA68F86801930095E0
:10956000330021001BF09AF82CE06F4B1C6826207A
:109570003B181A78674913009B009B189B00CB1877
:1095800002331B781E003B181A78624913009B00B7
:109590009B189B00CB1804331B781D003B181A78CE
:1095A0005C4913009B009B189B00CB180C331B6875
:1095B000FA68F86801930095330021001BF06EF8FB
:1095C00000E0C04646E026243B191A7813009B00B1
:1095D0009B189B004F4A9B18991D1423FB180422CB
:1095E00018001AF061FE514B1D6820003B181A78D4
:1095F000484913009B009B189B00CB1803331B7832
:109600005A1E4B4913005B009B189B00CB18083374
:109610001E683B181A783F4913009B009B189B005B
:10962000CB1801331B785A1E13005B009B18414A6C
:109630009C187B69181CF9F7F3FA02000B00F96813
:10964000F86802920393009433000A0029001BF08B
:1096500025F8C04610E0384B1968384BFA68F868AE
:109660001BF01CF8354B1800F6F758FD0200334B81
:10967000002118001AF021FE26257B191A782549A9
:1096800013009B009B189B00CB180C331B682B4AC4
:1096900011001800FDF78EFB031EDCD1284B1A6861
:1096A000FB68110018001BF019F8184B1C78FB68B8
:1096B0001800F6F733FD03009AB2F96801235B4204
:1096C0000093322320000DF0D3FE2722BB18BA18D6
:1096D000127801321A707B191A787B1901321A70CC
:1096E000184B1B782622BA1812789A4200D280E6CC
:1096F000154B1A68FB68110018001BF00AF80023CC
:109700001800BD460BB0F0BD54C40208F817002085
:10971000D4010020E0180020D8010020DC01002046
:10972000E0010020E4010020E8010020EC0100201D
:10973000A402002058B20208F0010020141B0020EF
:10974000F401002044190020F801002080B588B001
:1097500000AFF860B9607A6000233B611F23FB18FB
:1097600000221A701023FA187B68012118000EF0ED
:10977000E5FF0300BB61BB6918001AF03EFB020065
:1097800017217B181A700A00BB181B78002B05D014
:10979000184B1B78BA1812789A4203D91F23FB186A
:1097A000FF221A701F23FB181B78002B16D11723DA
:1097B000FB181B785A1E104913009B009B189B0036
:1097C000CB18103301221A7007F0E8FE0B4B1A6811
:1097D000FB68110018001AF09CFF06E0084B1A689D
:1097E000FB68110018001AF094FF00231800BD4612
:1097F00008B080BD44190020E0180020FC010020C2
:109800000002002080B588B000AFF860B9607A60CF
:1098100000233B611F23FB1800221A701023FA1843
:109820007B68012118000EF089FF0300BB61BB6952
:1098300018001AF0E2FA020017217B181A700A00C9
:10984000BB181B78002B05D0184B1B78BA18127860
:109850009A4203D91F23FB18FF221A701F23FB18FB
:109860001B78002B16D11723FB181B785A1E1049A2
:1098700013009B009B189B00CB18103300221A701A
:1098800007F08CFE0B4B1A68FB68110018001AF0E9
:1098900040FF06E0084B1A68FB68110018001AF038
:1098A00038FF00231800BD4608B080BD44190020D1
:1098B000E0180020040200200802002090B589B0C2
:1098C00000AFF860B9607A6000233B611F23FB188A
:1098D00000221A701023FA187B68012118000EF07C
:1098E0002DFF0300BB61BB6918001AF086FA020065
:1098F00017217B181A700A00BB181B78002B05D0A3
:109900005F4B1B78BA1812789A4203D91F23FB18B1
:10991000FF221A701F23FB181B78002B00D096E043
:1099200017243B191B785A1E564913009B009B189D
:109930009B0000225A543B191B785A1E51491300B0
:109940009B009B189B00CB18013300221A703B1917
:109950001B785A1E13009B009B189B00494A9B18BA
:1099600002330422002118001AF0A7FC3B191B78CF
:109970005A1E444913009B009B189B00CB181033C0
:1099800000221A703B191B785A1E3E4913009B0097
:109990009B189B00CB180C331B6818001AF068FA50
:1099A00020003B181B785A1E364913009B009B1859
:1099B0009B00CB180C3300221A601E23FB183A18A8
:1099C00012781A7034E01E203B181A782D491300C3
:1099D0009B009B189B005B5C002B23D001007B1835
:1099E0001B785A1E13009B009B189B00254A981851
:1099F0000C007B181A7813009B009B189B00214ACF
:109A00009B18142219001AF04FFC3B191A78130006
:109A10009B009B189B001B4A9B18142200211800D6
:109A20001AF04BFC1E217B181A787B1801321A7031
:109A3000134B1B781E22BA1812789A42C3D3104BCC
:109A40001B78013BDAB20E4B1A7007F0A7FD1F23FB
:109A5000FB181B78002B07D10B4B1A68FB68110011
:109A600018001AF056FE06E0084B1A68FB68110051
:109A700018001AF04EFE00231800BD4609B090BD34
:109A800044190020E01800200C02002010020020E1
:109A900090B58BB000AFF860B9607A600023BB610D
:109AA00000237B612723FB1800221A701823FA1861
:109AB0007B68012118000EF041FE03003B623B6A07
:109AC0001B785BB2702B09D13B6A013318001AF086
:109AD0009AF902002623FB181A7003E02723FB18CB
:109AE00067221A701423FA187B68022118000EF0FE
:109AF00025FE0300FB61FB691B785BB2702B09D16B
:109B0000FB69013318001AF07EF902002523FB18C7
:109B10001A7003E02723FB1867221A702722BB184C
:109B20001B78002B0DD1BC182523FB181A7826238F
:109B3000FB181B7811001800FBF7AEFF0300237021
:109B400003E02723FB1867221A702723FB181B78D2
:109B5000002B0BD1124B19682623FB181A782523EA
:109B6000FB181B78F8681AF099FD13E02723FB18FF
:109B70001B78672B07D10B4B1A68FB681100180084
:109B80001AF0C7FD06E0084B1A68FB6811001800C0
:109B90001AF0BFFD00231800BD460BB090BDC046B3
:109BA00014020020180200201C02002090B58BB087
:109BB00000AFF860B9607A600023BB6100237B616D
:109BC0002723FB1800221A701823FA187B6801213A
:109BD00018000EF0B3FD03003B623B6A1B785BB2DA
:109BE000702B09D13B6A013318001AF00CF90200FE
:109BF0002623FB181A7003E02723FB1867221A702C
:109C00001423FA187B68022118000EF097FD030058
:109C1000FB61FB691B785BB2702B09D1FB690133D7
:109C200018001AF0F0F802002523FB181A7003E060
:109C30002723FB1867221A702722BB181B78002BDA
:109C40000DD1BC182523FB181A782623FB181B7886
:109C500011001800FBF746FF0300237003E02723E1
:109C6000FB1867221A702723FB181B78002B0BD1D7
:109C7000124B19682623FB181A782523FB181B782A
:109C8000F8681AF00BFD13E02723FB181B78672BED
:109C900007D10B4B1A68FB68110018001AF039FD48
:109CA00006E0084B1A68FB68110018001AF031FD35
:109CB00000231800BD460BB090BDC0462002002016
:109CC0002402002028020020B0B58EB002AFF86058
:109CD000B9607A600023FB612F23FB1800221A7001
:109CE0001823FB18A84A12781A700023BB621C23A1
:109CF000FA187B68012118000EF020FD03007B623A
:109D0000A24A7B6A11001800F6F7FEF9031E00D084
:109D1000B3E0BB6A002B05D19D4B1B78013B9D4AEC
:109D2000D35CBB622E23FB1801221A709EE0984B75
:109D30001B782E243A1912789A4200D190E01AF03A
:109D4000D5FA0300DAB218257B191A7079193B1974
:109D50001878642300930A2301220DF089FB3B1934
:109D60001B7818000DF036FC03001B685B6ADAB242
:109D700014217B181A707B191A787B181B789A4269
:109D800004D12F23FB1800221A7003E02F23FB18A5
:109D900006221A702F23FB181B78002B18D17E4B3C
:109DA00019682E23FB181A78FB6818001AF076FC45
:109DB000774B1C78FB681800F6F7B0F903009AB2ED
:109DC000F968642300930A2320000DF051FB1CE086
:109DD0002F23FB181B78062B17D1704B19682E23E5
:109DE000FB181A78FB6818001AF058FC684B1C78AE
:109DF000FB681800F6F792F903009AB2F968642339
:109E000000930A2320000DF033FB654B1A68FB68B2
:109E1000110018001AF07DFC5D4B1C78FB681800DF
:109E2000F6F77CF903009AB2F968642300930A23D9
:109E300020000DF01DFB02E0012011F0E9FD544B64
:109E40001B785A1EBB6A591C564813005B009B18AE
:109E50009B01C3185B5C002BEED0BB6A0133BB6275
:109E60002E217B181A787B1801321A702E23FB18CA
:109E70001B78062B00D85AE780E07B6A1B785BB220
:109E8000702B00D073E07B6A0133180019F0BBFF20
:109E9000020023243B191A703B191B78002B37D082
:109EA0003B191B78062B33D82F23FB181B78002B6C
:109EB0001CD11AF01BFA0300DAB218217B181A70B1
:109EC00079183B19187864230093322301220DF08E
:109ED000CFFA2E23FB181B7818000DF07BFB030034
:109EE0001B685B6ADAB21423FB181A701823FB187C
:109EF0001A781423FB181B789A4204D12F23FB18DD
:109F000000221A7008E02F23FB1806221A7003E0C3
:109F10002F23FB1866221A702F23FB181B78002BA7
:109F200009D11D4B19682323FB181A78FB68180008
:109F30001AF0B4FB22E02F23FB181B78662B07D105
:109F4000194B1A68FB68110018001AF0E2FB15E0C3
:109F50002F23FB181B78062B10D1104B19682323D5
:109F6000FB181A78FB6818001AF098FB06E00F4BF4
:109F70001A68FB68110018001AF0CBFB00231800C8
:109F8000BD460CB0B0BDC04664C4020860C2020841
:109F9000F8170020582000202C020020300200205A
:109FA00034020020A01B0020380200203C020020C8
:109FB000B0B58CB000AFF860B9607A600023BB61C7
:109FC00000237B612B23FB1800221A7000233B61C6
:109FD0001823FA187B68012118000EF0AFFB03006C
:109FE0007B621423FA187B68022118000EF0A6FB8E
:109FF00003003B627B6A1B785BB2322B04D07B6A26
:10A000001B785BB2332B57D17B6A180019F0FBFE2B
:10A0100002001F23FB181A702D4A3B6A110018001A
:10A02000F6F772F8031E07D02A4A3B6A110018009F
:10A03000F6F76AF8031E37D1254A3B6A110018006B
:10A04000F6F762F8031E02D1214BFB6209E0204AB9
:10A050003B6A11001800F6F757F8031E01D11D4B9B
:10A06000FB62FA6A1F243B191B78110018000BF0E1
:10A070000BFD10257A19F96A3B191B7818000BF0B3
:10A0800053FD7A19FB68110018001AF042FB3B6976
:10A09000181CF6F7A5FA03009BB21A000E49FB68DC
:10A0A00018001AF0FBFA0EE00C4B1A68FB6811005E
:10A0B00018001AF02EFB06E0094B1A68FB68110025
:10A0C00018001AF026FB00231800BD460CB0B0BDE6
:10A0D00068C402086CC4020874C40208400200206C
:10A0E0004402002090B587B000AFF860B9607A6094
:10A0F00000237B6100233B611023FA1814243B19D1
:10A10000110018000BF096FD3A19FB6811001800B9
:10A110001AF0FFFA7B69181CF8F782FD02000B00A9
:10A120000449F8681AF0BAFA00231800BD4607B0CF
:10A1300090BDC04684C4020890B587B000AFF860F7
:10A14000B9607A6000237B6100233B611023FA1819
:10A1500014243B19110018000BF06CFD3A19FB6830
:10A16000110018001AF0D5FA3B69181CF8F758FDD1
:10A1700002000B000449F8681AF090FA0023180056
:10A18000BD4607B090BDC046A8C4020880B58AB0DD
:10A1900000AFF860B9607A600023BB612723FB1829
:10A1A00000221A7000237B611823FA187B680121B2
:10A1B00018000EF0C3FA03003B623B6A1B785BB2E7
:10A1C000322B04D03B6A1B785BB2332B1AD13B6A2B
:10A1D000180019F018FE02001F217B181A701423B2
:10A1E000FA187B181B78110018000BF01BFE7B6916
:10A1F000181CF8F715FD02000B000849F8681AF062
:10A200004DFA06E0064B1A68FB68110018001AF0B8
:10A2100080FA00231800BD460AB080BDD0C40208F1
:10A2200048020020B0B586B000AFF860B960BB1D31
:10A230001A8017257C19FB68180007F0EDFD030054
:10A2400023707B191B78204AD35C002B0BD07B1921
:10A250001B781D4AD35C012B05D07B191B781A4A49
:10A26000D35C032B22D117243B191B78180008F06C
:10A2700005FC20003B181B785A1E144B9200B9684D
:10A28000D1503B181B78104A0221D1543B181B783F
:10A290005A1E0F4B92000021D150BB1D1A88B9687D
:10A2A000FB68180008F058FB002309E01723FB188F
:10A2B0001B78054AD35C022B01D1172300E017233A
:10A2C0001800BD4606B0B0BD241500206020002057
:10A2D0007820002080B500AF0D4B1B6808221A6261
:10A2E0000C4B1B6808221A620B4B1B6808221A626F
:10A2F0000A4B1B6808221A62094B1B6808221A6263
:10A30000084B1B6808221A62C046BD4680BDC04685
:10A310007C25002010260020A426002038270020BD
:10A32000CC2700206028002080B58CB002AFFA2333
:10A330009A00694969486A4B0193032300930023FB
:10A340000FF0BFFBFA239A0066496748674B0193F9
:10A350000323009300230FF0B4FBFA239A0064490F
:10A360006448654B01930323009300230FF0A9FB7E
:10A37000FCF7DEFEFA239A0060496148614B0193C5
:10A380000323009300230FF09CFBFA239A005E49FD
:10A390005E485F4B01930423009302230FF091FB6F
:10A3A000FA239A005B4959485B4B019304230093BD
:10A3B00003230FF086FBFA239A0058495348584B61
:10A3C00001930423009304230FF07BFBFA239A00EC
:10A3D00054494E48544B01930423009305230FF036
:10A3E00070FBFA239A0051494848514B01930423CA
:10A3F000009306230FF065FB00237B622423FB18E8
:10A40000012118000EF02FF802004A4B9A60002339
:10A410003B622023FB18012118000EF024F80200F3
:10A42000454B9A600023FB611C23FB180121180097
:10A430000EF019F802003F4BDA600023BB611823CD
:10A44000FB18012118000EF00EF802003A4BDA60FA
:10A4500000237B611423FB18012118000EF003F880
:10A460000200344B1A6100233B611023FB180121C9
:10A4700018000DF0F8FF02002F4B1A610023FB605B
:10A480000C23FB18012118000DF0EDFF0200294BF1
:10A490005A610023BB600823FB18012118000DF04E
:10A4A000E2FF0200244B5A6100237B603B1D012127
:10A4B00018000DF0D8FF02001E4B9A6100233B608C
:10A4C0003B00012118000DF0CEFF02001A4B9A61EB
:10A4D000C046BD460AB080BD08CE02083DA50008B2
:10A4E000F021002014CE0208DDBA0008F821002077
:10A4F00020CE0208E33D0208F42100202CCE020801
:10A50000B15B0008FC21002034CE020835C30008EE
:10A510000022002040CE0208042200204CCE020877
:10A520000822002058CE02080C22002064CE020827
:10A5300010220020142200203022002080B582B09A
:10A5400000AF7860314B1B78032B33D049DC012BF3
:10A5500002D0022B17D044E080235901A023DB0551
:10A560000122180013F027FBC8200DF068FF80239C
:10A570005901A023DB050022180013F01CFB234B1C
:10A5800000221A702EE080235901A023DB0501224E
:10A59000180013F010FB64200DF051FF80235901C7
:10A5A000A023DB050022180013F005FB174B002247
:10A5B0001A7017E080235901A023DB05012218003F
:10A5C00013F0F9FA1E200DF03AFF80235901A02361
:10A5D000DB050022180013F0EEFA0C4B00221A7073
:10A5E00000E0C04609F082FFFCF722FD00F014F8FD
:10A5F000074B1B7801225340DBB2002B02D0054BE6
:10A6000000221A700EF00CFB9CE7C04620150020BB
:10A610000F43002010430020B0B500AFD84B1B689B
:10A62000032B00D043E2D64B00221A60D54B002208
:10A630001A70D54B20221A70D44B00221A70D44BBA
:10A6400003221A7064200CF08BFACF4B1A78D04B8F
:10A650001B789A4211D0CD4B1B785A1CD1B2CB4AF1
:10A6600011701A00C84B1978CA4B9954C64B1A7806
:10A67000C74B1A70C44B03221A70C54B1B78202B92
:10A680000BD0C34B1B78002B07D0BE4B1B78012B84
:10A6900003D0BC4B1B78022BD1D1BA4B1B78002BBB
:10A6A00000D0EBE0B94B00221A70BA4B1B785B2B41
:10A6B00059D1B64B1B780133DAB2B44B1A70B34B95
:10A6C0001B781A00B34B9B5C0A211800F5F7C8FDF4
:10A6D0000B00DAB2B04B1B789A4214D1AB4B1B780B
:10A6E0000133DAB2A94B1A70A84B1B781A00A94B98
:10A6F0009B5C0A211800F5F7B3FD0B00DAB2A74BFB
:10A700001A70C0460CE0A14B1B780233DAB29F4BA3
:10A710001A70D4E79D4B1B780133DAB29B4B1A7049
:10A720009A4B1B781A009B4B9B5C5D2BF2D1974B8D
:10A730001B780133DAB2954B1A70994B01221A70CB
:10A74000974B1B781A00954BD018904B1B781A002A
:10A75000904BD1188D4B1B781A0014239B1A1A00AA
:10A7600019F0A2FD60E08B4B1B78232B22D1894B83
:10A770005B780A211800F5F773FD0B00DAB2874BFE
:10A780001A70824B02221A70854B01221A70844B78
:10A790001B781A00814BD0187C4B1B781A007D4B1C
:10A7A000D1187A4B1B781A0014239B1A1A0019F03F
:10A7B0007BFD39E0774B1B783D2B35D1754B5B78B2
:10A7C0000A211800F5F74CFD0B00DAB2724B1A7033
:10A7D000704B9B780A211800F5F742FD0B00DAB2A6
:10A7E000704B1A706B4BDB780A211800F5F738FDB7
:10A7F0000B00DAB2694B1A70644B04221A70684B72
:10A8000001221A70664B1B781A00644BD0185F4BFC
:10A810001B781A005F4BD1185C4B1B781A0014236D
:10A820009B1A1A0019F040FD5C4B1A785E4B1A70A7
:10A830005D4B1B781A0013001B019B1A5B4A9B1887
:10A840000F220021180019F038FD574B1B781A0011
:10A8500013001B019B1A554A9B1850490F221800E0
:10A8600019F022FD4B4B14220021180019F025FD90
:10A870004A4B14220021180019F01FFD414B1B7890
:10A88000012B6ED14A4B00221A704A4B01221A70DA
:10A89000494B00221A7032E0474B1B781900454B98
:10A8A0001B785A1CD0B2434A10701C00404B1B78D6
:10A8B0005A1CD0B23E4A107018003C4A0B001B01D3
:10A8C0005B1AD3181A5D3D4B1A54012011F0A0F801
:10A8D000374B1B78013B394AD35C002B06D0344BF5
:10A8E0001B78013B354AD35C202BD5D1324B1B78EA
:10A8F0000133DAB2304B1A702E4B01221A702E4BF4
:10A900001A78284B1B789A42C6D11E4B00221A7027
:10A91000294B00221A702A4B00221A7017E0284B8C
:10A920001B781A00264B1B781800244B995C254A8B
:10A93000C0235B001218D3180A1C1A70012011F0F2
:10A9400067F81F4B1B780133DAB21D4B1A701C4B92
:10A950001B783F2BE3D9194B40220021180019F036
:10A96000ACFC084B1B78022B00D065E6104B002294
:10A970001A70104B01221A700F4B00221A7056E009
:10A98000A40D0020A90D0020A80D0020E721002023
:10A99000E021002040210020E2210020542100205D
:10A9A000E8210020E1210020E6210020682100208C
:10A9B000E3210020E4210020E521002000210020E7
:10A9C000E9210020A01B00203A4B1B7819003A4BCC
:10A9D0001B785A1CD0B2384A10701C00374B1B78B9
:10A9E0005A1CD0B2354A10701800354A0B001B01B2
:10A9F0005B1AD3181A5D334B1A54012011F008F872
:10AA00002E4B1B78013B2F4AD35C002B06D02B4BDF
:10AA10001B78013B2B4AD35C202BD5D1254B1B78CF
:10AA20000133DAB2234B1A70234B01221A70214BE7
:10AA30001A78254B1B789A42C6D11E4B00221A70F9
:10AA400024E0224B00221A7017E0204B1B781A00DA
:10AA50001E4B1B7818001B4B995C1D4AC0235B00E2
:10AA60001218D3180A1C1A70C8200CF079F8174B6A
:10AA70001B780133DAB2154B1A70144B1B783F2B3D
:10AA8000E3D9144B1B68180010F0C2FF124B1B785F
:10AA9000002BD6D10B4B40220021180019F00DFCE1
:10AAA0000E4BC0220021180019F007FCC4E5C04677
:10AAB000BD46B0BDE5210020E4210020E3210020B7
:10AAC0006821002000210020E1210020E921002050
:10AAD000A01B0020A40D0020A90D0020201D002097
:10AAE00080B500AF064B1B6806491800F5F732FB2E
:10AAF00003001A00044B1A60C046BD4680BDC04624
:10AB00002403002010270000EC21002080B588B02D
:10AB100000AF1E4B1B68FA2291001800F5F71AFBD4
:10AB20000300013B7B611A4B3B611A4BFB608023A6
:10AB3000DB04BB603B691B687A69D31AFB610FF0C9
:10AB4000F9FA0300BB61FB681B68BA68134007D0C1
:10AB5000BB690133BB613B691B687A69D31AFB612E
:10AB6000BA6913009B009B185B007B600A4B1B6853
:10AB70001900F869F5F7EEFA03001A007B689B18D4
:10AB80007B607B681800BD4608B080BD24030020B0
:10AB900018E000E004ED00E0EC210020B0B588B042
:10ABA00002AFB9607A6019000F23FB18021C1A70FB
:10ABB0000E203B180A1C1A7000237B6101007B18D1
:10ABC0001A782823FB181B789A4207D17B181B7828
:10ABD0001A008D4B02219954672310E10E23FB18B4
:10ABE0001B78002B04D02823FB181B78002B01D1E5
:10ABF000672304E10F23FB181B78002B39D10E23A8
:10AC0000FB181B7818000CF0E5FC04002823FB1847
:10AC10001B7818000CF0DEFC030001221900200054
:10AC2000FFF700FB0300172B01D11723E7E07A6839
:10AC300013005B019B1A9B009B18DB001A00FA2390
:10AC400099001000F5F786FA030019000E243A194E
:10AC50006E486F4B00931300002210F043FB03007B
:10AC60007B613B191B785A1E6A4B9200B968D15020
:10AC7000B6E00F23FB181B78012B39D12823FB18D2
:10AC80001B7818000CF0A6FC04000E23FB181B78A0
:10AC900018000CF09FFC0300012219002000FFF7B0
:10ACA000C1FA0300172B01D11723A8E07A6813001B
:10ACB0005B019B1A9B009B18DB001A00FA2399008A
:10ACC0001000F5F747FA030019002823FB184F4836
:10ACD0004F4A0092002210F005FB03007B610E2317
:10ACE000FB181B785A1E4B4B9200B968D15077E085
:10ACF0000F23FB181B78022B70D10E23FB181B7837
:10AD000018000CF067FC04002823FB181B781800BF
:10AD10000CF060FC0300012219002000FFF782FA0A
:10AD20000300172B01D1172369E07A6813005B0138
:10AD30009B1A9B009B18DB001A00FA239900100055
:10AD4000F5F708FA030019000E257A192F48304B41
:10AD500000931300002210F0C5FA03007B617B19F9
:10AD60001B785A1E2B4B9200B968D1502823FB1830
:10AD70001B7818000CF02EFC04007B191B781800BF
:10AD80000CF028FC0300012219002000FFF74AFA0A
:10AD90000300172B01D1172331E07A6813005B0100
:10ADA0009B1A9B009B18DB001A00FA2399001000E5
:10ADB000F5F7D0F90300190028243B191348144A69
:10ADC0000092002210F08EFA03007B613B191B7881
:10ADD0005A1E104B9200B968D15001E067230EE073
:10ADE0007B69002B0AD00FF097F9020078690123E4
:10ADF0005B4200930023012110F0C4FA00231800E5
:10AE0000BD4606B0B0BDC0462415002078CE02086D
:10AE100019AE00089020002080B584B000AF7860A3
:10AE20000023FB607B68180010F05AFD0300FB60F4
:10AE3000FB68DBB2180007F0C3FDFB68DBB218004B
:10AE400007F044FEC046BD4604B080BDB0B586B034
:10AE500002AF0200FB1D1A700F257B1900221A7029
:10AE6000154B00221A70FB1D1B785A1E0E2439192F
:10AE700012481300DB009B1ADB001B5C0B702000E8
:10AE80003B181B785A1E0D243B190D498A5C1A7019
:10AE9000FB1D1B789BB23A1811783A191078009371
:10AEA00000230A00002100F027F97B191B78180005
:10AEB000BD4604B0B0BDC046901500203416002039
:10AEC000200E002080B586B002AF0200FB1D1A7074
:10AED000BB1D0A1C1A700F23FB1800221A70134B9B
:10AEE00000221A70124BFA1D12781A70FB1D1B7883
:10AEF000FF2B0AD1BB1D1B789BB200930023FF22BE
:10AF00000021002000F0F8F809E0BB1D1B789BB27F
:10AF100000930023FE220021002000F0EDF80F2313
:10AF2000FB181B781800BD4604B080BD90150020AA
:10AF3000B200002080B582B000AF0200FB1D1A7085
:10AF4000FB1D1B78062B2CD89A00184BD3181B68B6
:10AF50009F46174B186800230222002110F026F8A4
:10AF600020E0144B186800230222002110F01EF884
:10AF700018E0114B186800230222002110F016F887
:10AF800010E00E4B186800230222002110F00EF88A
:10AF900008E00B4B186800230222002110F006F88D
:10AFA00000E0C046C046BD4602B080BD84CE020867
:10AFB0000022002004220020082200200C22002071
:10AFC00010220020B0B584B002AF05000C001000C4
:10AFD0001900FB1D2A1C1A70BB1D221C1A703B1D78
:10AFE000021C1A80BB1C0A1C1A80184B01221A7002
:10AFF000174BBA1D12781A70BB1D1B78FF2B0CD192
:10B000003B1D1A88FB1D1978BB1C1B88009313007D
:10B01000FF22002000F070F80BE03B1D1A88FB1D9A
:10B020001978BB1C1B8800931300FE22002000F03F
:10B0300063F8BB1C1A88074B0021180019F03DF972
:10B0400000231800BD4602B0B0BDC04690150020D8
:10B05000B2000020C417002090B587B002AF0400F2
:10B0600008001100FB1D221C1A703B1D021C1A80D7
:10B07000BB1C0A1C1A800F23FB1800221A700E2119
:10B080007B1800221A70FB1D1B78FF2B1DD0FB1DA7
:10B090001B785A1E08007B1814498A5C1A70144BDE
:10B0A00019783B1D1C88FB1D1A783B181878BB1CAF
:10B0B0001B880093230000F01FF8BB1C1A880D4B5F
:10B0C0000021180019F0F9F809E0094B1878BB1CA9
:10B0D00019883B1D1A880B00FF21FFF773FF0F2310
:10B0E000FB181B781800BD4605B090BD200E00204F
:10B0F000B1000020C4170020B0B588B002AF050031
:10B100000C0010001900FB1D2A1C1A70BB1D221C0C
:10B110001A707B1D021C1A70BB1C0A1C1A800F239C
:10B12000FB1800221A701723FB1800221A7016232E
:10B13000FB1800221A700E23FB1800221A70152328
:10B14000FB1800221A70FB1D1B78002B03D17B1DFE
:10B150001B78002B17D0FB1D1B78002B07D17B1D04
:10B160001B78FF2B03D07B1D1B78FE2B0BD1FB1D07
:10B170001B78002B09D0BB1D1B78002B05D07B1D35
:10B180001B78002B01D16723F7E200200EF056FE5A
:10B190000300BB60052100200EF06AFED14B48225F
:10B1A0001A70D04B5A225A70FB1D1B78002B0BD102
:10B1B000BB1D1B78002B07D17B1D1B78FF2B07D0F5
:10B1C0007B1D1B78FE2B03D0BB1C1B88002B18D1CA
:10B1D00028203B181B885A1E17243B19C2498A5C39
:10B1E0001A703B181B885A1E1300DB009B1ADB00E9
:10B1F000BE4A99183B191A78BD4B180019F054F83B
:10B20000CBE1BB1D1B78002B03D1BB1DB94A1278C3
:10B210001A70BB1C1B88FF2B03D91523FB180122B6
:10B220001A70B04B1722BA1812789A70AD4B7A1D6B
:10B230001278DA70AB4BBA1D12781A71AE4B1B78CC
:10B240005AB2AD4B1B791B015BB213435AB2AA4BE6
:10B250005B789B005BB213435AB21523FB181B7833
:10B260005B005BB213435AB20E217B181B785BB2B2
:10B2700013435BB2DAB29B4B5A717B181B78002BDD
:10B2800005D01622BB18BA18127801321A7016208F
:10B290003B181B780633BA1C1288D1B2914AD1549C
:10B2A0001523FB181B78002B0ED03B183A18127888
:10B2B00001321A70BB1C1B881B0A9AB23B181B7800
:10B2C0000633D1B2874AD15428243B191B882E2B30
:10B2D0001BD816257B191B78DA1D824BD018874B9B
:10B2E0001B881A00864BD1183B191B881A0018F0CE
:10B2F000DBFF3B191B88DAB27B191B78D318DAB253
:10B300001723FB1804321A706BE0764B5B798022AE
:10B3100052421343DAB2734B5A717A4A28217B188E
:10B320001B8813807B182E221A8056E0754B1A88D2
:10B3300028257B191B88934222D8BB1C1C887B1DA7
:10B340001A78BB1D1978FB1D18787B191B88009390
:10B350002300FFF7D1FE0A200DF071F8694B1A881F
:10B3600029007B191B88D31A9AB2664B1A80634B4B
:10B370001A887B181B88D3189AB2604B1A802CE06D
:10B38000584B5B797F221340DAB2564B5A7128240E
:10B390003B195C4A12881A8016257B191B78DA1D26
:10B3A000504BD018554B1B881A00554BD1183B19E0
:10B3B0001B881A0018F078FF504B00221A80514B5E
:10B3C00000221A803B191B88DAB27B191B78D3182C
:10B3D000DAB21723FB1804321A704A4B1B88002B71
:10B3E000A4D1494B1B78002B00D1D6E01423FB18C5
:10B3F00000221A70454B1B78FF2B52D01223FB18EA
:10B4000001221A8035E012203B181B885A1E404B3F
:10B410005200D35A1A003D4B1B781A4113000122E7
:10B42000134020D014217B187A18127801321A7038
:10B4300028243B191A887B181B78D3182C2B10DC76
:10B440001623FB181B78DA1D3B191B88D2187B18B2
:10B450001B78D318013B3A181288D1B2214AD15433
:10B4600001E0692389E112217B181A887B180132D7
:10B470001A80284B1B789BB21222BA1812889A4263
:10B48000C1D91623FB181B78DA1D2823FB181B884B
:10B49000D21814217B181B78D318124A791809780E
:10B4A000D1541A4B1B78FF2B16D128217B181B88EF
:10B4B0002C2B11D8184B1B780133DAB2164B1A70AB
:10B4C0001623FB181B78DA1D7B181B88D318124A29
:10B4D0001178044AD1544AE00C4B1B78FF2B1DD144
:10B4E00069234AE184170020BC170020341600208D
:10B4F00087170020B1000020FC140020A4220020A7
:10B50000C4170020A622002090150020B2000020C1
:10B510002C160020B0000020F7170020994B1B7854
:10B52000FF2B1ED028217B181A8814203B181B786B
:10B53000D3182B2B15DC944B1B780133DAB2924BCA
:10B540001A701623FB181B78DA1D7B181B88D2187B
:10B550003B181B78D31801338B4A11788B4AD1548E
:10B5600005E0884B1B78FF2B01D0692305E1854B53
:10B570001B78FF2B06D11722BB18BA18127801329C
:10B580001A700AE01423FA1817217B1812781B7816
:10B59000D318DAB27B1802321A707C4B17243A198E
:10B5A00012789A703B191B7803331A007749784B4D
:10B5B000180018F079FE21007B181B789BB203332A
:10B5C0009AB27B181B78DC1C714B1100180007F035
:10B5D0002FFC03001A006D4B1A556D4B38220021C9
:10B5E000180018F06AFE7B1D1B78FF2B5FD07B1DB7
:10B5F0001B78FE2B5BD0BB1C1B882C2B03D0BB1CE9
:10B600001B882D2B0FD11723FB181B789BB20433FB
:10B610009AB25E49FB1D18787B1D1B78009332237C
:10B62000F7F756FC3CE01123FB1800221A702DE0BE
:10B6300017243B191B789BB204339AB25349FB1D64
:10B6400018787B1D1B7800933223F7F741FCC82044
:10B650000CF0F5FE4F4B1B78002B20D14E4B1B7886
:10B66000002B0DD03B191B789BB204339AB247498B
:10B67000FB1D18787B1D1B7800933223F7F728FCFD
:10B6800011217B181A787B1801321A701123FB18CC
:10B690001B789AB2414BDB889A42C9D300E0C0467E
:10B6A0003C4B00221A703C4B00221A705AE0BB1C23
:10B6B0001B88002B07D1BB1D1B78002B03D1BB1DA2
:10B6C000324A12791A70BB1D1B781800F8F72EFE4B
:10B6D0001023FB1801221A703FE0314B1B785A1ED1
:10B6E000304B5200D35A1A0010203B181B78013BF4
:10B6F0001A4113000122134023D017243B191B7851
:10B700009BB204339AB221493B1818787B1D1B78F1
:10B7100000933223F7F7DCFBC8200CF090FE1E4BA1
:10B720001B78002B0DD03B191B789BB204339AB2C7
:10B730001649FB1D18787B1D1B7800933223F7F701
:10B74000C7FB154B00221A700A200BF009FA1021D2
:10B750007B181A787B1801321A701023FB181B789B
:10B76000062BBAD9BB68190000200EF081FB0E4BE6
:10B7700002221A700F23FB181B781800BD4606B072
:10B78000B0BDC046B2000020F7170020841700208B
:10B79000202000202115002022150020FC1400206C
:10B7A000B10000205C150020F6170020F0B58BB02A
:10B7B00006AF05000C0010001900FB1D2A1C1A70B2
:10B7C000BB1D221C1A707B1D021C1A703B1D0A1C1B
:10B7D0001A700B243B1900221A700F23FB18002249
:10B7E0001A700E23FB1800221A700D23FB1800227A
:10B7F0001A70AE4B1B78BA1D12789A4248D0FB6A79
:10B800001B0EDAB2AA4B1A70FB6A1B0CDAB2A84BF9
:10B810005A70FB6A1B0ADAB2A54B9A70FB6ADAB25D
:10B82000A34BDA703B6B1B0EDAB2A14B1A713B6B68
:10B830001B0CDAB29E4B5A713B6B1B0ADAB29C4B63
:10B840009A713B6BDAB29A4BDA71994A202308213C
:10B850005B18DB191B781372954BFA1D12785A721C
:10B86000934B3A1D12789A72914B7A1D1278DA72C4
:10B870002C235B18DB191A788D4B1A73BB1D1B78B0
:10B880000D221C211800FFF7E7FB3B191B7808E18C
:10B890000C23FB1800221A70B6E03B1D1A78BB1D62
:10B8A0001B7811001800F8F70FFF0C217B181B788C
:10B8B000804AD35C002B00D1A0E07B181B780133B9
:10B8C0007C4AD35C002B10D07B181B78794AD05C63
:10B8D0007B181B780133774AD35C0E22BC18190001
:10B8E000F8F7F2FE030023700EE00C23FB181B7820
:10B8F000704AD25C0E23FC18BB1D1B781900100087
:10B90000F8F7E2FE030023703B1D1A78BB1D1B787D
:10B9100011001800F8F7D8FE0C23FB181B78654AB5
:10B92000D35C3A1D12789A4205D10D23FB187A1D7B
:10B9300012781A7010E00C217B181B785D4AD05CDD
:10B940007B181B78013B5B4AD35C0D22BC181900A5
:10B95000F8F7BAFE03002370FB6A1B0EDAB2544BF1
:10B960001A70FB6A1B0CDAB2514B5A70FB6A1B0A45
:10B97000DAB24F4B9A70FB6ADAB24D4BDA703B6B1E
:10B980001B0EDAB24A4B1A713B6B1B0CDAB2484BF6
:10B990005A713B6B1B0ADAB2454B9A713B6BDAB2B8
:10B9A000434BDA71424A202308215B18DB191B78CC
:10B9B00013723F4B0E22BA1812785A723C4B0D226A
:10B9C000BA1812789A722C235B18DB191A78384B44
:10B9D000DA723B1D1A78BB1D1B7811001800F8F7AE
:10B9E00073FE0C23FB181B78324AD35C0C221B21FC
:10B9F0001800FFF731FB0A200CF021FD0C217B1809
:10BA00001A787B1801321A700C23FB181B78022B52
:10BA100000D842E7BA1D3B1D12781B789A4205D127
:10BA20000F23FB187A1D12781A700BE00F23FC18F5
:10BA30003B1D1A78BB1D1B7811001800F8F744FE57
:10BA400003002370FB1D1C783A6BF96A202508203F
:10BA50002B18DB1918780F26BB191B7800932300CD
:10BA6000FFF79CF82C2308201B18DB191B78002BF0
:10BA700014D0FB1D1C783A6BF96A2B18DB19187867
:10BA800000230493002303930023029300230193D4
:10BA9000BB191B7800932300F8F722F90B23FB183E
:10BAA0001B781800BD4605B0F0BDC046B1000020AF
:10BAB000C4170020A022002080B500AFBFF34F8F35
:10BAC000C046044B044ADA60BFF34F8FC046C046FD
:10BAD000FDE7C04600ED00E00400FA05F0B58BB0CC
:10BAE00000AF78601423FB1800221A6000229A80AD
:10BAF0000C23FB1800221A6000229A80D34B0122EB
:10BB00001A7000F0F8FB1F23FB18D04A12781A7045
:10BB1000CE4B1B781A00CE4B9200D3581B68DBB279
:10BB2000CA4A1278110040225242D31ADAB2C94BE3
:10BB30005A54C64B1B781A00C64B9A5CC34B1B78F1
:10BB40001900C54B5B5C9A4200D11FE2BF4B1A78CB
:10BB50001E243B1901321A703B191B785A1EBB4B2D
:10BB60001B781900BC4B5B5C1800BC4913005B00E0
:10BB70009B189B01CB181B5C0D2B47D13B191B78E5
:10BB8000B74AD35C002B41D100237B620DE0B44A5D
:10BB90007B6AD3181B78032B04D1B14A7B6AD31874
:10BBA00000221A707B6A01337B627B6A062BEEDD12
:10BBB0001E203B181B78AA4A0321D154A94B3A18DE
:10BBC00012781A703B181B785A1EA04B1B7819006C
:10BBD000A14B5B5C1800A14913005B009B189B0103
:10BBE000CB181A5CA04B1A70A04B186800230222D5
:10BBF00000210FF0DBF99E4B1B78012B02D19D4BEE
:10BC000001221A709A4B01221A70A9E11E217B1899
:10BC10001B78934AD35C032B15D17B181B785A1ED3
:10BC20008A4B1B7819008C4B5B5C18008B49130006
:10BC30005B009B189B01CB181A5C8B4B1A708D4BC9
:10BC400001221A708CE11E243B191B785A1E7F4B6F
:10BC50001B781900804B5B5C1800804913005B0067
:10BC60009B189B01CB181B5C482B0BD13B191B78F5
:10BC70007B4AD35C002B05D13B191B78784A0721FE
:10BC8000D1546DE11E243B191B785A1E6F4B1B7853
:10BC90001900714B5B5C1800704913005B009B1826
:10BCA0009B01CB181B5C5A2B0BD13B191B786C4AA0
:10BCB000D35C072B05D13B191B78694A0821D15465
:10BCC0004EE11E243B191B785A1E604B1B7819004D
:10BCD000614B5B5C1800614913005B009B189B0182
:10BCE000CB181B5C5A2B0BD03B191B785C4AD35CDE
:10BCF000072B05D13B191B78594A0021D1542FE15C
:10BD00001E26BB191B78564AD35C082B4CD1BB1995
:10BD10001B78534A0121D154BB191B785A1E4B4B37
:10BD20001B7819004C4B5B5C1D001F243B191978D4
:10BD30003B191B785048C35C1C00484813005B004B
:10BD40009B189B01C3185D5D4C482300DB001B1B47
:10BD5000DB000A0092005218D100891ACA001100B3
:10BD60005B18C31802332A1C1A701F243B191B7856
:10BD70000C22BA180321D154BB191B785A1E334B1D
:10BD80001B781900344B5B5C1800344913005B00CE
:10BD90009B189B01CB181A5C3B191B780132D1B25E
:10BDA0001422BA18D154DBE01E217B181B782C4AD0
:10BDB000D35C012B00D0D3E01F203B181B7814224A
:10BDC000BA18D35C012B5BD97B181B785A1E1F4B0A
:10BDD0001B781900204B5B5C1E003B18197805008E
:10BDE0003B181B782448C35C1C007B191B780C256E
:10BDF0007819C35C1D00194813005B009B189B0158
:10BE0000C3189E5D1D482300DB001B1BDB000A00DE
:10BE100092005218D100891ACA0011005B18C31889
:10BE2000321C5A551F203B181B780C243A19D25C3F
:10BE30000132D1B23A19D1543B181B7814203A1868
:10BE4000D25C013AD1B23A18D15489E0F9140020F9
:10BE5000E0140020D0140020D8140020A01B0020E3
:10BE600024150020F8170020F8140020FC210020E1
:10BE7000230E0020240E0020300E0020380E00205B
:10BE80001E23FB181B785A1E9E4B1B7819009E4BD5
:10BE90005B5C1E001F257B1919787B191B789B485A
:10BEA000C35C1C007B191B780C203818C35C1D0078
:10BEB000974813005B009B189B01C3189E5D954833
:10BEC0002300DB001B1BDB000A0092005218D1008C
:10BED000891ACA0011005B18C318321C5A551F205A
:10BEE0003B181B780C243A19D25C0132D1B23A19B2
:10BEF000D1543B181B7814243A19D25C013AD1B2C0
:10BF00003A19D1543B181B78804AD25C0132D1B225
:10BF10007E4AD1543B181B787C4AD35C052B04D154
:10BF20003B181B78794A0021D1547B4B1B781900B0
:10BF30007A4B1E22BA1812785A54774B1B78013369
:10BF4000DAB2754B1A70744B1B78052B02D1724B09
:10BF500000221A701E23FB181B78714A0021D1544D
:10BF6000684B1B78684AD25C0132D1B2664AD15420
:10BF7000644B1B781A00644B9B5CC02B18D1614B3F
:10BF80001B781A00604B0021995411E05D4B1B781F
:10BF90001A00644B9A5C5B4B1B7819005A4B5B5C34
:10BFA0009A4205D1574B1B780133DAB2554B1A70C0
:10BFB000594B1A785C4B1B789A4200D199E15A4B45
:10BFC0001B7819001E203B18544A525C1A701F251A
:10BFD0007B193A181278013A1A707B1919787B1973
:10BFE0001B78524AD35C1A004A481300DB009B1AA4
:10BFF000DB000A0092005218D100891ACA00110011
:10C000005B1848221A547B1919787B191B78474A08
:10C01000D35C1A003F481300DB009B1ADB000A00C8
:10C0200092005218D100891ACA0011005B18C31877
:10C0300001335A221A707B1919787B191B783B4AF5
:10C04000D35C1A001D23F818324C1300DB009B1A36
:10C05000DB000A0092005218D100891ACA001100B0
:10C060005B18E31802331B7803702C003B19197816
:10C070003B191B782D4AD35C1A0026481300DB00BD
:10C080009B1ADB000A0092005218D100891ACA00DC
:10C0900011005B181A5C264B1A703B1919783B1972
:10C0A0001B78224AD35C1A001A481300DB009B1A43
:10C0B000DB000A0092005218D100891ACA00110050
:10C0C0005B18C31801331A78194B5A703B19197849
:10C0D0003B191B78154AD35C1A000E481300DB008D
:10C0E0009B1ADB000A0092005218D100891ACA007C
:10C0F00011005B18C31802331A780D4B9A70002395
:10C100003B6237E0F9140020D8140020300E0020E4
:10C11000A01B0020380E0020CE140020C8140020E0
:10C1200024150020D0140020CD140020280E00205B
:10C13000042300201F22BB181978BB181B78724AF1
:10C14000D35C1A003B6ADC1C3B6AD81C6F4D1300A1
:10C15000DB009B1ADB000A0092005218D100891AFA
:10C16000CA0011005B18EB181A5D694B1A543B6A40
:10C1700001333B621D26BB191B783A6A9A42D9DB10
:10C18000BB191B789BB203339AB21C23FC18604B7B
:10C190001100180006F04CFE030023705D4B1B8855
:10C1A00001339AB25B4B1A801F257B1919787B19D2
:10C1B0001B78554AD35C1A00BB191B78D81C534C0A
:10C1C0001300DB009B1ADB000A0092005218D1001A
:10C1D000891ACA0011005B18E3181B5C1C22BA18EC
:10C1E00012789A425ED14C4B1B8801339AB24A4B6B
:10C1F0001A802C003B191B78484A3500B919097878
:10C20000D1543B191A781300DB009B1ADB00444A17
:10C2100098183B1919783B191B783B4AD35C1A00D4
:10C220001300DB009B1ADB000A0092005218D100B9
:10C23000891ACA0011005B18DA1C344BD1187B191B
:10C240001B781A0018F030F83B191A78344913009B
:10C25000DB009B1ADB005A5C324B1B789A4213D0EE
:10C260003B191A782E491300DB009B1ADB005B5C3C
:10C27000FF2B09D03B191A7829491300DB009B1AC0
:10C28000DB005B5CFE2B06D11E23FB181B7818001D
:10C29000FEF750FE0CE01E23FB181B781800FEF77B
:10C2A000D5FD05E0204B1B8801339AB21E4B1A8046
:10C2B0001F203B181B78144AD25C0132D1B2124ABB
:10C2C000D1543B181B78104AD35C052B04D13B1882
:10C2D0001B780D4A0021D154144B1B780133DAB27C
:10C2E000124B1A70114B1B78052B02D10F4B0022F9
:10C2F0001A700CF095FC0E4B1B78052B01D8FFF73C
:10C3000002FCFFF7FBFBC046280E0020380E002081
:10C310000423002000230020FC220020BC17002062
:10C3200034160020B1000020FE220020CD14002091
:10C33000F9140020F0B5C64600B5BAB004AFA42485
:10C340003B1918603723A0215B18DA1900231370FA
:10C3500036235B18DA190023137026235B18DA19C9
:10C360000023137025235B18DA19002313703B197F
:10C370001B6824225218D219137001235B42190042
:10C3800001200EF0D1FD2421A0200B18DB191B7811
:10C390005A1ECE4B9B5C002B01D105F01AF80B18EE
:10C3A000DB191B785A1ECA491300DB009B1ADB00FD
:10C3B000CB1802331B785BB2002B03DAC54A01238A
:10C3C000137002E0C34A002313702424A0256319CC
:10C3D000DB191B785A1E23235B19D819BC4913009B
:10C3E000DB009B1ADB005B5C03706319DB191B78B5
:10C3F0005A1E35235B19D819B5491300DB009B1A67
:10C40000DB00CB1801331B78037031204319DA1994
:10C41000002313706319DB191B785A1EAC491300F3
:10C42000DB009B1ADB00CB1802331B781A000123B8
:10C4300013400BD025235B19DA190123137043191C
:10C44000DA194319DB191B78013313702420A02556
:10C450004319DB191B785A1E9D491300DB009B1AF8
:10C46000DB00CB1802331B785B08DBB21A00012318
:10C47000134026246219D1195A1E93410B70431997
:10C48000DB191B785A1E92491300DB009B1ADB0054
:10C49000CB1802331B789B08DAB203231340DBB2BC
:10C4A0008D4A53704319DB191B785A1E88491300B3
:10C4B000DB009B1ADB00CB1802331B781B09DBB2B5
:10C4C0001A00012313405A1E9341DBB2824AD370F3
:10C4D0004319DB191B785A1E7D491300DB009B1A98
:10C4E000DB00CB1802331A7860231340DBB27A4AA0
:10C4F00013702A006319DB191B78002B32D005005A
:10C500008318DB191B78591E3126B318DB191B78E9
:10C51000181D6F4A0B00DB005B1ADB00D3181B5C95
:10C520009BB21B029CB2A022AB18DB191B78591ED0
:10C530001500B318DB191B78D81C654A0B00DB000B
:10C540005B1ADB00D3181B5C9BB22E225219D21946
:10C55000E31813807319DA197319DB191B78013387
:10C56000137015E02423A0241B19DB191B78591E16
:10C5700031231B19DB191B78D81C554A0B00DB0033
:10C580005B1ADB00D3181B5C2E221219D219138000
:10C59000514BDB78002B0CD04F4A0023137135230D
:10C5A000A0229B18DB191B7800222C211800FEF713
:10C5B00053FD2321A0200B18DB191B78002B0FD073
:10C5C0000B18DB191B78FD2B0AD8444B1A780B1873
:10C5D000DB191B78934203D0404B1B78012B1ED1F3
:10C5E0002321A0200B18DB191B78002B00D179E048
:10C5F0000B18DB191B78FD2B00D973E0374B1A7829
:10C600000B18DB191B7893426CD0344B1B78012B31
:10C6100068D12E231B18DB191B88102B62D0242312
:10C62000A0229B18DB191B781800FEF70FFC2A4B81
:10C630005B78002B02D02A4A032313702E23A024F8
:10C640001B19DB191B88192B13D164200FF0E0F99B
:10C6500024231B19DB191A7823231B19DB191978DA
:10C6600035231B19DB191878002305F09BF904F01A
:10C67000B2FE2E23A0269B19DB191B881A2B01D092
:10C6800004F0A9FE64200FF0C3F92425AB19DB19CF
:10C690001B785A1E31239B19DB1918780C4913009B
:10C6A000DB009B1ADB00CB181C5CAB19DB191A787A
:10C6B00023239B19DB19197835239B19DB1918786B
:10C6C000230005F06FF904F086FEC046BC17002079
:10C6D00034160020F3170020FC140020B1000020C5
:10C6E000201500202323A0255B19DB191B78FF2BC5
:10C6F0004ED124246319DB191B78581E6319DB19EA
:10C700001B785A1EED4B9B5C591EED4A0300DB0063
:10C710001B1ADB00D3185A5CEA4B1B789A4237D0BD
:10C720006319DB191B78581E6319DB191B785A1E15
:10C73000E24B9B5C591EE24A0300DB001B1ADB0044
:10C74000D3185B5CDF4A1370DE4B1B78DE4A137034
:10C750006319DB191B781900FF20FEF7B3FB63197F
:10C76000DB191B78581E6319DB191B785A1ED34B33
:10C770009B5C591ED24A0300DB001B1ADB00D21857
:10C780000023535437235B19DA190023137022E076
:10C790002323A0241B19DB191B78FF2B1BD1242278
:10C7A0001319DB191B78581E1319DB191B785A1E35
:10C7B000C24B9B5C591EC24A0300DB001B1ADB0004
:10C7C000D3185A5CBF4B1B789A4204D137231B19EC
:10C7D000DA19032313702323A0255B19DB191B78B7
:10C7E000FE2B00D0A9E024246319DB191B78581E06
:10C7F0006319DB191B785A1EB04B9B5C591EB04A5B
:10C800000300DB001B1ADB00D3185A5CAD4B1B780E
:10C810009A4200D191E06319DB191B78581E631905
:10C82000DB191B785A1EA54B9B5C591EA44A0300BA
:10C83000DB001B1ADB00D3185B5CA24A1370A14B10
:10C840001B78A14A13706319DB191B781900FE20AD
:10C85000FEF738FB6319DB191B78581E6319DB19C7
:10C860001B785A1E954B9B5C591E954A0300DB00B2
:10C870001B1ADB00D2180023535422005319DB1972
:10C880001B785C1E5319DB191B785A1E8B4B9B5C63
:10C89000981E34235B19D919894A2300DB001B1B1E
:10C8A000DB00D3181B5C0B7037235B19DA19662386
:10C8B000137033235B19DA190023137031E024223B
:10C8C000A0241319DB191B78581E1319DB191B78C8
:10C8D0005A1E7A4B9B5C9A1E34231B19DB191B785A
:10C8E000D21A33231B19DB191B78D118744A0300A1
:10C8F000DB001B1ADB00D3185A5C744B1B789A427E
:10C9000006D137231B19DA1900231370C04637E00C
:10C910003322A0215318DB191B785218D219013386
:10C9200013703323A0215B18DA1934235B18DB1949
:10C9300012781B789A42C2D322E02323A0241B1929
:10C94000DB191B78FE2B1BD124221319DB191B7852
:10C95000581E1319DB191B785A1E584B9B5C591E25
:10C96000574A0300DB001B1ADB00D3185A5C554BF7
:10C970001B789A4204D137231B19DA190323137049
:10C980003120A0240319DA190319DB191B780433A9
:10C99000137024231B19DB191B785A1E474B9A5C12
:10C9A00022231B19D9190319DB191B78D31A0B7011
:10C9B00037231B19DB191B78002B01D004F009FD6C
:10C9C0002E231B19DB191A882E2A0CDC002A01DA07
:10C9D00004F0BAFC2E2A01D904F0B6FC92003C4BBC
:10C9E000D3181B689F463B4B9A4200D16EE104F07E
:10C9F000ABFC394A012313700A200BF020FD374BA2
:10CA00001B78602B05D0354B1B78202B01D004F010
:10CA1000E6FC3523A0229B18DB191B78002202219B
:10CA20001800FEF719FB04F0DAFC284B1B781900FC
:10CA30002B4A0B009B005B185B009B5C002B0AD110
:10CA40003523A0229B18DB191A782649264B18009B
:10CA500017F024FE13E03522A0215318DB191C78AF
:10CA60005318DB191B781A009200D21853001A00D1
:10CA70001B4BD3181D491C48220017F00FFE1C4BFE
:10CA80001C78194B1800F3F749FB03009AB21649BA
:10CA900001235B420093322320000AF0E9FC154A8F
:10CAA0000023137004F0A6FC80235901A023DB05AA
:10CAB0000122180011F07FF804F09CFCBC17002044
:10CAC00034160020F6240020F7170020B1000020C3
:10CAD000E4CE0208B305000020150020FC1400205D
:10CAE00000160020A8CE0208AC220020BCCE02080E
:10CAF000F8170020F617002080235901A023DB053A
:10CB00000022180011F057F804F074FC80235A0139
:10CB1000A023DB051100180011F06AF804F06AFC8C
:10CB20003523A0201B18DB191B789BB21B029CB27B
:10CB300024252B18DB191B78591E31263318DB19D5
:10CB40001B78981C5C4A0B00DB005B1ADB00D318D7
:10CB50001B5C99B2A0202B18DB191B785A1E631896
:10CB60009BB25649920053522B18DB191B785A1E60
:10CB70003318DB19187850491300DB009B1ADB00CF
:10CB8000CB181B5C9BB21B029CB2A0202B18DB199C
:10CB90001B78591E3318DB191B78581C464A0B00AA
:10CBA000DB005B1ADB00D3181B5C9AB2A026AB1922
:10CBB000DB191B78591EA31898B2404A8B00D31872
:10CBC0009A1C031C13803E4B1B88DBB23D4A5370FA
:10CBD0003B4B1B881B0A9BB2DBB23A4A1370394AA3
:10CBE000AB19DB191B78937002200BF028FCAB19F2
:10CBF000DB191878032300930B2300220021FEF792
:10CC00007BFA04F0F7FB3523A0201B18DB191B78F7
:10CC10009BB21B029CB224252B18DB191B78591ED2
:10CC200031263318DB191B78981C234A0B00DB00D4
:10CC30005B1ADB00D3181B5C99B2A0202B18DB1900
:10CC40001B785A1E63189BB21C49920053522B1832
:10CC5000DB191B785A1E3318DB1918781649130094
:10CC6000DB009B1ADB00CB181B5C9BB21B029CB247
:10CC7000A0202B18DB191B78591E3318DB191B78E1
:10CC8000581C0D4A0B00DB005B1ADB00D3181B5C41
:10CC90009AB2A0202B18DB191B78591EA31898B242
:10CCA000064A8B00D3189A1C031C1380064A0023E3
:10CCB000137004F09FFBC046341600202C15002092
:10CCC00050000020C4170020F61700202424A026BE
:10CCD000A319DB191B785A1E3125AB19DB191878FB
:10CCE000FE491300DB009B1ADB00CB181B5CFC4ADF
:10CCF0001370A319DB191B78591EAB19DB191B78AC
:10CD0000581CF64A0B00DB005B1ADB00D3181B5CD7
:10CD1000F34A5370A319DB191B78591EAB19DB19A1
:10CD20001B78981CED4A0B00DB005B1ADB00D31864
:10CD30001B5CEB4A9370A319DB191B78591EAB19C6
:10CD4000DB191B78D81CE54A0B00DB005B1ADB0003
:10CD5000D3181B5CE24AD370A319DB191B78591E48
:10CD6000AB19DB191B78181DDC4A0B00DB005B1AC2
:10CD7000DB00D3181B5CDA4A1371A319DB191B788B
:10CD8000591EAB19DB191B78581DD44A0B00DB0068
:10CD90005B1ADB00D3181B5CD14A5371A319DB1952
:10CDA0001B78591EAB19DB191B78981DCB4A0B0059
:10CDB000DB005B1ADB00D3181B5CC94A9371A31913
:10CDC000DB191B78591EAB19DB191B78D81DC34A18
:10CDD0000B00DB005B1ADB00D3181B5CC04AD3716D
:10CDE000A319DB191B78591EAB19DB191B78083303
:10CDF0001800BA4A0B00DB005B1ADB00D3181B5C7F
:10CE0000B74A1372A319DB191B78591EAB19DB192A
:10CE10001B7809331800B14A0B00DB005B1ADB00FA
:10CE2000D3181B5CAE4A5372A319DB191B78591E29
:10CE3000AB19DB191B780A331800A84A0B00DB007A
:10CE40005B1ADB00D3181B5CA54A9372A319DB198C
:10CE50001B78591EAB19DB191B780B3318009F4A3E
:10CE60000B00DB005B1ADB00D3181B5C9C4AD372FF
:10CE7000A319DB191B78591EAB19DB191B780C336E
:10CE80001800964A0B00DB005B1ADB00D3181B5C12
:10CE9000934A1373A319DB191B78591EAB19DB19BD
:10CEA0001B780D3318008D4A0B00DB005B1ADB008A
:10CEB000D3181B5C8A4A5373A319DB191B78591EBC
:10CEC000AB19DB191B780E331800844A0B00DB000A
:10CED0005B1ADB00D3181B5C814A9373A319DB191F
:10CEE0001B78591EAB19DB191B780F3318007B4ACE
:10CEF0000B00DB005B1ADB00D3181B5C784AD37392
:10CF0000A319DB191B78591EAB19DB191B781033D9
:10CF10001800724A0B00DB005B1ADB00D3181B5CA5
:10CF20006F4A1374A319DB191B78591EAB19DB194F
:10CF30001B7811331800694A0B00DB005B1ADB0019
:10CF4000D3181B5C664A5374A319DB191B78591E4E
:10CF5000AB19DB191B7812331800604A0B00DB0099
:10CF60005B1ADB00D3181B5C5D4A9374A319DB19B1
:10CF70001B78591EAB19DB191B7813331800574A5D
:10CF80000B00DB005B1ADB00D3181B5C544AD37424
:10CF9000A319DB191B78591EAB19DB191B78143345
:10CFA00018004E4A0B00DB005B1ADB00D3181B5C39
:10CFB0004B4A1375A319DB191B78591EAB19DB19E2
:10CFC0001B7815331800454A0B00DB005B1ADB00A9
:10CFD000D3181B5C424A5375A319DB191B78591EE1
:10CFE000AB19DB191B78163318003C4A0B00DB0029
:10CFF0005B1ADB00D3181B5C394A9375A319DB1944
:10D000001B78591EAB19DB191B7817331800334AEC
:10D010000B00DB005B1ADB00D3181B5C304AD375B6
:10D02000A319DB191B78591EAB19DB191B781833B0
:10D0300018002A4A0B00DB005B1ADB00D3181B5CCC
:10D04000274A1376A319DB191B78591EAB19DB1974
:10D050001B7819331800214A0B00DB005B1ADB0038
:10D06000D3181B5C1E4A5376A319DB191B78591E73
:10D07000AB19DB191B781A331800184A0B00DB00B8
:10D080005B1ADB00D3181B5C154A9376A319DB19D6
:10D090001B78591EAB19DB191B781B3318000F4A7C
:10D0A0000B00DB005B1ADB00D3181B5C0C4AD37649
:10D0B000A319DB191B78591EAB19DB191B781C331C
:10D0C0001800064A0B00DB005B1ADB00D3181B5C60
:10D0D000034A1377A319DB1904E0C0463416002075
:10D0E0006C2300201B78591EAB19DB191B781D33EC
:10D0F0001800CB4A0B00DB005B1ADB00D3181B5C6B
:10D10000C84A537704F076F92723A0229B18DA192E
:10D110000123137033E02725A0216B18DA19242688
:10D120007318DB1912781B789A421FD06B18DB1921
:10D130001B7818000AF04EFA0400A0217318DB19BE
:10D140001B78581E31235B18DB191A786B18DB1912
:10D150001B78D318591EB24A0300DB001B1ADB00F0
:10D16000D3185B5C190020000AF05EFA2722A02188
:10D170005318DB191B785218D21901331370272367
:10D18000A0269B19DB191B78062BC4D92425AB19C3
:10D19000DB191B7818000AF01DFA0400AB19DB1923
:10D1A0001B78591E31239B19DB191B780A33180091
:10D1B0009B4A0B00DB005B1ADB00D3181B5C1900D9
:10D1C00020000AF031FA04F015F92424A026A3194E
:10D1D000DB191B785A1E3125AB19DB1918789049D9
:10D1E0001300DB009B1ADB00CB181B5C002B12D159
:10D1F000A319DB191B78591EAB19DB191B78581CB6
:10D20000874A0B00DB005B1ADB00D3181B5C864AE5
:10D21000137004F0E6F82424A026A319DB191B7868
:10D220005A1E3125AB19DB1918787D491300DB0034
:10D230009B1ADB00CB181B5C012B01D004F0D1F84A
:10D240007A4A00231370A319DB191B78591EAB19F6
:10D25000DB191B78581C724A0B00DB005B1ADB00E1
:10D26000D3181B5C714A5370A319DB191B78591E24
:10D27000AB19DB191B78981C694A0B00DB005B1AA1
:10D28000DB00D318185C0323009310230022002135
:10D29000FDF732FF04F0A5F8654B1B78002B28D072
:10D2A000644B1B881A00644BD0182423A0255B19FB
:10D2B000DB191B785A1E31235B19DB19197813000F
:10D2C000DB009B1ADB005A18554BD1182224631936
:10D2D000DB191B781A0016F0E7FF6319DB191B78BE
:10D2E0009AB2544B1B88D3189BB2524A138004F055
:10D2F00081F8504B1B881A004F4BD0182423A025CF
:10D300005B19DB191B785A1E31235B19DB1919785D
:10D310001300DB009B1ADB005A18414BD118222462
:10D320006319DB191B781A0016F0BEFF6319DB19AD
:10D330001B789AB23F4B1B88D3189BB23D4A13808F
:10D340003C4B1B8816211800F2F704FF03009BB228
:10D35000DBB23A4A1370374B1B881A003649384BF8
:10D36000180016F0A1FF334A0023138004F042F89E
:10D370003523A0229B18DB191B7818000AF010FA3D
:10D3800004F038F83223A0229B18DA190023137016
:10D3900036E03526A0217318DB191B78013B294A9A
:10D3A0005B009B5A1CB224235B18DB191B78581EA8
:10D3B00031235B18DB191A7832256B18DB191B78BF
:10D3C000D118174A0300DB001B1ADB00D3185B5C83
:10D3D0005A1E80231B0213411BB223431AB2A024FE
:10D3E0003319DB191B78013B90B216495A00031C14
:10D3F00053522B19DB191B782A19D21901331370D8
:10D400003223A0215B18DA1922235B18DB1912786A
:10D410001B789A42BDD30C4A0023137003F0EAFF35
:10D42000341600206C230020B1000020C417002017
:10D43000F3170020F4170020D8230020B0000020AC
:10D440004C0200201C460020F61700200023C821B3
:10D450007A1813603423A0215B18DA1900231370A3
:10D4600024256B18DB191B785A1E31267318DB191B
:10D470001878E6491300DB009B1ADB00CB181B5C15
:10D480001C06A022AB18DB191B78591EB318DB1938
:10D490001B78581CDD4A0B00DB005B1ADB00D3183D
:10D4A0001B5C1B04E418A022AB18DB191B78591E67
:10D4B000B318DB191B78981CD44A0B00DB005B1AED
:10D4C000DB00D3181B5C1B02E418A022AB18DB198D
:10D4D0001B78591EB318DB191B78D81CCB4A0B00DC
:10D4E000DB005B1ADB00D3181B5CE318C82179183A
:10D4F0000B60A0242B19DB191B78591E3319DB197B
:10D500001B78181DC14A0B00DB005B1ADB00D31827
:10D510001B5CFF2B23D132231B19DA190123137053
:10D5200014E0C823FB181A683224A0256319DB19FC
:10D530001B78110018000AF02DF82200290053185A
:10D54000DB191B785218D219013313703223A02231
:10D550009B18DB191B78062BE3D903F04BFF322312
:10D56000A0229B18DA190023137038E02423A02688
:10D570009B19DB191B785C1E31239B19DB191B7867
:10D580001A1D32239B19DB191B78D0183425AB19CF
:10D59000D9199E4A2300DB001B1BDB00D3181B5C40
:10D5A0000B7031006B18DB191B78002B0ED06B1839
:10D5B000DB191B78062B09D8C823FB181A686B18CF
:10D5C000DB191B781100180009F0E4FF3222A021BA
:10D5D0005318DB191B785218D219013313703223F8
:10D5E000A0215B18DA1922235B18DB1912781B784B
:10D5F0009A42BBD303F0FEFE03F0D0FFF6F7CAFA5F
:10D60000834A0123137003F0F5FEF6F753FC642000
:10D610000AF015FF7E4A0223137003F0EBFE0BF0B5
:10D6200085F80300B422BA1813602323A0201B1826
:10D63000DB191B78FF2B1AD124231B18DB191B784D
:10D640005A1E31231B18DB1919781300DB009B1AB3
:10D65000DB005A186D4BD11822231B18DB191B78DD
:10D66000013B1A006B4B180016F01EFE3FE023230F
:10D67000A0201B18DB191B78FE2B1FD124231B189D
:10D68000DB191B785A1E31231B18DB19197813007C
:10D69000DB009B1ADB005A185C4BD11822231B18A5
:10D6A000DB191A7834231B18DB191B78D31A023BB9
:10D6B0001A00584B180016F0F7FD18E02423A0209C
:10D6C0001B18DB191B785A1E31231B18DB1919781C
:10D6D0001300DB009B1ADB005A184C4BD118222395
:10D6E0001B18DB191B784B481A0016F0DDFD34249B
:10D6F000A026A319DA19484B1B781370464A242335
:10D700009B19DB191B78137099239A00B4257B1998
:10D710001968404B18000AF07BFF0300B022BA18CA
:10D7200013603D4AA319DB191B7813703B4B1B7820
:10D73000602B1DD17B191B681800F2F7EFFC02006B
:10D740007B191968364B180016F0AEFD7B191B6863
:10D750001800F2F7E3FC03009AB235239B19DB199A
:10D760001B7818211800FDF777FC0A200AF067FEE5
:10D77000B023FB181B68002BB9D1264B32220021A5
:10D78000180016F09AFD03F035FE0AF0CFFF0300F3
:10D79000B4243A1913603B191B681800F2F7BEFC59
:10D7A00003003A1910681A00002116F086FD1D4B7F
:10D7B0001B78002B3AD01C4B1B881A003B191B68A6
:10D7C00098182423A0255B19DB191B785A1E3123D6
:10D7D0005B19DB1919781300DB009B1ADB005A1860
:10D7E0000A4BD11822246319DB191B781A0016F092
:10D7F0005BFD6319DB191B789AB20B4B1B88D3189E
:10D800009BB2094A138003F0F5FDC0463416002090
:10D8100020150020F8240020F8170020FC14002018
:10D82000C4170020F3170020F4170020394B1B8881
:10D830001A00B423FB181B6898182423A0241B1972
:10D84000DB191B785A1E31231B19DB1919781300B9
:10D85000DB009B1ADB005A182F4BD11822231B190F
:10D86000DB191B781A0016F01FFD2A4A00231380CB
:10D870002A4A002313702A4B186800230022002133
:10D880000DF094FB03F0B6FD264B274A1A60274B98
:10D8900001221A700A200AF0D2FDFEF70DF92425A4
:10D8A000A0216B18DB191B785A1E31267318DB195F
:10D8B000187819491300DB009B1ADB00CB18185CA1
:10D8C00000230093192300220021FDF715FC64209A
:10D8D0000AF0B5FD164B1C78A0216B18DB191B78DC
:10D8E0005A1E7318DB1918780B491300DB009B1ABA
:10D8F000DB00CB18195CA0202B18DB191A78352314
:10D900001B18DB1918780B00210004F04BF803F00A
:10D9100071FDC046F417002034160020F6170020D1
:10D92000FC210020F03F0220EFBEADDE20150020DC
:10D93000B10000202425A022AB18DB191B78591E4A
:10D940003126B318DB191B780B331C0034239B18CA
:10D95000D819F34A0B00DB005B1ADB00D3181B5D00
:10D9600003702222A0215318DB191B780F2B14D12E
:10D970000A00AB18DB191B78591EB318DB191B788A
:10D980001C000D3434239B18D819E54A0B00DB002A
:10D990005B1ADB00D3181B5D03702223A0229B18A7
:10D9A000DB191B78112B15D124239B18DB191B784D
:10D9B000591E31239B18DB191B780F331C003423AD
:10D9C0009B18D819D64A0B00DB005B1ADB00D31872
:10D9D0001B5D03702425A0216B18DB191B785A1ED0
:10D9E00031267318DB191878CD491300DB009B1A18
:10D9F000DB00CB181B5C1C06A022AB18DB191B78C4
:10DA0000591EB318DB191B78581CC54A0B00DB00E4
:10DA10005B1ADB00D3181B5C1B04E418A022AB18B4
:10DA2000DB191B78591EB318DB191B78981CBC4AEC
:10DA30000B00DB005B1ADB00D3181B5C1B02E41835
:10DA4000A022AB18DB191B78591EB318DB191B7801
:10DA5000D81CB34A0B00DB005B1ADB00D3181B5C3D
:10DA6000E318BC2438190360A022AB18DB191B781B
:10DA7000591EB318DB191B78181DA94A0B00DB00CF
:10DA80005B1ADB00D3181B5C1C06A022AB18DB1949
:10DA90001B78591EB318DB191B78581DA04A0B00C0
:10DAA000DB005B1ADB00D3181B5C1B04E418A0220C
:10DAB000AB18DB191B78591EB318DB191B78981D9E
:10DAC000974A0B00DB005B1ADB00D3181B5C1B02C0
:10DAD000E418A022AB18DB191B78591EB318DB1908
:10DAE0001B78D81D8E4A0B00DB005B1ADB00D318B5
:10DAF0001B5CE318B820381803603423A0215B189E
:10DB0000DB191B78002B00D0CAE16B18DB191B78DE
:10DB10005A1E7318DB19187881491300DB009B1A11
:10DB2000DB00CB181B5C1C06A022AB18DB191B7892
:10DB3000591EB318DB191B78581C794A0B00DB00FF
:10DB40005B1ADB00D3181B5C1B04E418A022AB1883
:10DB5000DB191B78591EB318DB191B78981C704A07
:10DB60000B00DB005B1ADB00D3181B5C1B02E41804
:10DB7000A022AB18DB191B78591EB318DB191B78D0
:10DB8000D81C674A0B00DB005B1ADB00D3181B5C58
:10DB9000E318BC2438190360A022AB18DB191B78EA
:10DBA000591EB318DB191B78181D5D4A0B00DB00EA
:10DBB0005B1ADB00D3181B5C1C06A022AB18DB1918
:10DBC0001B78591EB318DB191B78581D544A0B00DB
:10DBD000DB005B1ADB00D3181B5C1B04E418A022DB
:10DBE000AB18DB191B78591EB318DB191B78981D6D
:10DBF0004B4A0B00DB005B1ADB00D3181B5C1B02DB
:10DC0000E418A022AB18DB191B78591EB318DB19D6
:10DC10001B78D81D424A0B00DB005B1ADB00D318CF
:10DC20001B5CE318B821781803602E00A025731937
:10DC3000DB191B78591E31246319DB191B78093352
:10DC40001800374A0B00DB005B1ADB00D3181B5CA3
:10DC5000002B4FD07319DB191B78591E6319DB1980
:10DC60001B780A3318002E4A0B00DB005B1ADB001E
:10DC7000D3181B5C002B3DD07319DB191B78591E80
:10DC80006319DB191B7808331800254A0B00DB00E9
:10DC90005B1ADB00D3181D5CA022B318DB191B78BC
:10DCA000591EA318DB191B78180009301C4A0B00F9
:10DCB000DB005B1ADB00D3181C5CA022B318DB1955
:10DCC0001B78591E31239B18DB191B780A33180067
:10DCD000134A0B00DB005B1ADB00D3181B5CB82275
:10DCE000BA181268BC21791809680093230028002B
:10DCF000FCF754FF2426A0257319DB191B78591E45
:10DD000031246319DB191B780B331800044A0B000C
:10DD1000DB005B1ADB00D3181B5C002B52D001E048
:10DD2000341600207319DB191B78591E6319DB198F
:10DD30001B780C331800594A0B00DB005B1ADB0020
:10DD4000D3181B5C002B3DD07319DB191B78591EAF
:10DD50006319DB191B7808331800504A0B00DB00ED
:10DD60005B1ADB00D3181D5CA022B318DB191B78EB
:10DD7000591EA318DB191B7818000B30474A0B00FB
:10DD8000DB005B1ADB00D3181C5CA022B318DB1984
:10DD90001B78591E31239B18DB191B780C33180094
:10DDA0003E4A0B00DB005B1ADB00D3181B5CB82279
:10DDB000BA181268BC21791809680093230028005A
:10DDC000FCF7ECFE2426A0257319DB191B78591EDD
:10DDD00031246319DB191B780D3318002F4A0B000F
:10DDE000DB005B1ADB00D3181B5C002B01D103F0B6
:10DDF000FAFA7319DB191B78591E6319DB191B78A2
:10DE00000E331800254A0B00DB005B1ADB00D31829
:10DE10001B5C002B01D103F0E6FA7319DB191B78A8
:10DE2000591E6319DB191B78083318001B4A0B00B5
:10DE3000DB005B1ADB00D3181D5CA022B318DB19D2
:10DE40001B78591EA318DB191B7818000D30134AD4
:10DE50000B00DB005B1ADB00D3181C5CA022B3189C
:10DE6000DB191B78591E31239B18DB191B780E33E5
:10DE700018000A4A0B00DB005B1ADB00D3181B5C9E
:10DE8000B822BA181268BC217918096800932300D7
:10DE90002800FCF783FE03F0A6FAC04634160020E3
:10DEA0002425A0242B19DB191B785A1E312633197F
:10DEB000DB191B78083319009F481300DB009B1AFD
:10DEC000DB00C3185B5C9BB21900E42005F0FCFB8F
:10DED0002B19DB191B785A1E3319DB191978964850
:10DEE0001300DB009B1ADB00C3185B5C9BB21B02B8
:10DEF00099B22B19DB191B785A1E3319DB191B78C1
:10DF0000581C8D4C1300DB009B1ADB00E3181B5CD4
:10DF10009BB2CB189BB21900E52005F0D5FBA024DD
:10DF20002B19DB191B785A1E3319DB191B78991C26
:10DF300081481300DB009B1ADB00C3185B5C9BB2BB
:10DF40001B0299B22B19DB191B785A1E3319DB19E6
:10DF50001B78D81C784C1300DB009B1ADB00E318FD
:10DF60001B5C9BB2CB189BB21900E62005F0ACFB02
:10DF7000A0242B19DB191B785A1E3319DB191B78C7
:10DF8000191D6D481300DB009B1ADB00C3185B5C96
:10DF90009BB21B0299B22B19DB191B785A1E33193D
:10DFA000DB191B78581D644C1300DB009B1ADB0047
:10DFB000E3181B5C9BB2CB189BB21900E72005F05D
:10DFC00083FBA0242B19DB191B785A1E3319DB198C
:10DFD0001B78991D58481300DB009B1ADB00C318FF
:10DFE0005B5C9BB21B0299B22B19DB191B785A1E82
:10DFF0003319DB191B78D81D4F4C1300DB009B1A1B
:10E00000DB00E3181B5C9BB2CB189BB21900E82025
:10E0100005F05AFBA0242B19DB191B785A1E331963
:10E02000DB191B780933190043481300DB009B1AE6
:10E03000DB00C3185B5C9BB21B0299B22B19DB1986
:10E040001B785A1E3319DB191B780A3318003A4C17
:10E050001300DB009B1ADB00E3181B5C9BB2CB18A0
:10E060009BB21900E92005F02FFB2223A0241B19E5
:10E07000DB191B78132B29D12B19DB191B785A1E9E
:10E080003319DB191B780B3319002B481300DB0005
:10E090009B1ADB00C3185B5C9BB21B0299B22B1965
:10E0A000DB191B785A1E3319DB191B780C33180047
:10E0B000214C1300DB009B1ADB00E3181B5C9BB2B6
:10E0C000CB189BB21900EA2005F0FEFA2223A02605
:10E0D0009B19DB191B78152B2BD12424A319DB19D1
:10E0E0001B785A1E3125AB19DB191B780D3319002B
:10E0F00011481300DB009B1ADB00C3185B5C9BB26A
:10E100001B0299B2A319DB191B785A1EAB19DB1934
:10E110001B780E331800084C1300DB009B1ADB0041
:10E12000E3181B5C9BB2CB189BB21900EB2005F0E7
:10E13000CBFAFDF7C1FCC046341600202425A021EF
:10E140006B18DB191B785A1E31267318DB191878E7
:10E15000E6491300DB009B1ADB00CB181B5C1C0696
:10E16000A022AB18DB191B78591EB318DB191B78DA
:10E17000581CDE4A0B00DB005B1ADB00D3181B5C6B
:10E180001B04E418A022AB18DB191B78591EB31826
:10E19000DB191B78981CD54A0B00DB005B1ADB00EF
:10E1A000D3181B5C1B02E418A022AB18DB191B78E8
:10E1B000591EB318DB191B78D81CCC4A0B00DB00A6
:10E1C0005B1ADB00D3181B5CE318BC2178180360D2
:10E1D000A022A818C3191B78591EB018C3191B78A0
:10E1E000181DC24A0B00DB005B1ADB00D3181B5C56
:10E1F0001C06A022A818C3191B78591EB018C319F1
:10E200001B78581DB94A0B00DB005B1ADB00D318E2
:10E210001B5C1B04E418A022A818C3191B78591E04
:10E22000B018C3191B78981DB04A0B00DB005B1AAD
:10E23000DB00D3181B5C1B02E418A022A818C3192A
:10E240001B78591EB018C3191B78D81DA74A0B009C
:10E25000DB005B1ADB00D3181B5CE318B8217818CD
:10E2600003602C00A022A818C3191B78591E350082
:10E27000B018C3191B78093318009C4A0B00DB0047
:10E280005B1ADB00D3181B5C9846994B1B789C46A5
:10E29000A022A018C3191B78591EA818C3191B78EF
:10E2A0000B331800914A0B00DB005B1ADB00D3181C
:10E2B0001E5CA022A018C3191B78591EAD18EB19BB
:10E2C0001B780A331800894A0B00DB005B1ADB005D
:10E2D000D3181D5CA0202218D3191B78591E312297
:10E2E0001418E3191B7818000830804A0B00DB0073
:10E2F0005B1ADB00D3181C5C2423A0201A18D31946
:10E300001B78591E31221218D3191B780C331800B0
:10E31000764A0B00DB005B1ADB00D3181B5C5A1E2D
:10E320009341DBB20393B823FA1813680293BC231A
:10E33000FB181B68019300942B0032006146404695
:10E34000FDF734FA03F056F82425A0242B19DB1925
:10E350001B785A1E31263319DB19187863491300CC
:10E36000DB009B1ADB00CB181B5C002B00D03AE1D2
:10E370002B19DB191B78591E3319DB191B78981CD4
:10E380005A4A0B00DB005B1ADB00D3181B5C1C062F
:10E39000A022AB18DB191B78591EB318DB191B78A8
:10E3A000D81C524A0B00DB005B1ADB00D3181B5C45
:10E3B0001B04E418A022AB18DB191B78591EB318F4
:10E3C000DB191B78181D494A0B00DB005B1ADB00C8
:10E3D000D3181B5C1B02E418A022AB18DB191B78B6
:10E3E000591EB318DB191B78581D404A0B00DB007F
:10E3F0005B1ADB00D3181B5CE318C82179180B608B
:10E40000A022AB18DB191B78591EB318DB191B7837
:10E41000581C364A0B00DB005B1ADB00D3181B5C70
:10E42000082B00D965E39A00324BD3181B689F462E
:10E43000C823FB181B681B78DBB22F4A13703523E7
:10E44000A0229B18DB191B7801221F211800FCF762
:10E4500003FE58E3C823FB181B681B785BB2DBB2D2
:10E46000254A13703523A0229B18DB191B78012243
:10E470001F211800FCF7F0FD45E3C8217B181B683D
:10E480001B889BB2DBB21C4A13707B181B681B886D
:10E490009BB21B0A9BB2DBB2174A53703523A022F2
:10E4A0009B18DB191B7802221F211800FCF7D4FDF2
:10E4B00029E3C8217B181B681B881BB2DBB20E4AFC
:10E4C00013707B181B681B881BB21B121BB2DBB2BC
:10E4D000094A53703523A0229B18DB191B780222AE
:10E4E0001F211800FCF7B8FD0DE3C04634160020CC
:10E4F000B1000020A0CF0208C4170020C8217B185B
:10E500001B681B68DBB2DB4A13707B181B681B6837
:10E510001B0ADBB2D74A53707B181B681B681B0CA5
:10E52000DBB2D44A93707B181B681B681B0EDBB2EE
:10E53000D04AD3703523A0229B18DB191B78042204
:10E540001F211800FCF788FDDDE2C8217B181B683D
:10E550001B68DBB2C74A13707B181B681B681B1251
:10E56000DBB2C44A53707B181B681B681B14DBB2F8
:10E57000C04A93707B181B681B681B16DBB2BD4A30
:10E58000D3703523A0229B18DB191B7804221F218E
:10E590001800FCF761FDB6E2C8217B181B681B78E8
:10E5A000DBB2B44A13707B181B6801331B78DBB2F3
:10E5B000B04A53707B181B6802331B78DBB2AD4A3C
:10E5C00093707B181B6803331B78DBB2A94AD370A6
:10E5D0003523A0229B18DB191B7808221F21180065
:10E5E000FCF73AFD8FE22424A026A319DB191B783F
:10E5F0005A1E3125AB19DB1918789F491300DB002F
:10E600009B1ADB00CB181B5C022B00D03CE1A3194A
:10E61000DB191B78581EA319DB191B785A1E974B60
:10E620009B5C591E944A0300DB001B1ADB00D218C6
:10E6300000235354A319DB191B785A1EAB19DB199D
:10E640001B78591C1300DB009B1ADB005A188A4BFD
:10E65000D3183425AA19D4191800F5F7F7FC0300CC
:10E660002370AB19DB191B78002B0AD135239B19BA
:10E67000DB191B7801221F211800FCF7EDFC02F0CA
:10E68000B9FE3420A0240319DB191B785A1E7C49DB
:10E6900013005B009B189B005B58C822BA181360DC
:10E6A0000319DB191B785A1E754913005B009B1870
:10E6B0009B00CB1804331B786E4A13706D4B1B788C
:10E6C000082B00D918E29A006E4BD3181B689F469E
:10E6D000C823FB181B681B78DBB2664A53703523CE
:10E6E000A0229B18DB191B7802221F211800FCF7BF
:10E6F000B3FC08E2C823FB181B681B785BB2DBB2D3
:10E700005C4A53703523A0229B18DB191B78022228
:10E710001F211800FCF7A0FCF5E1C8217B181B683D
:10E720001B889BB2DBB2534A53707B181B681B8853
:10E730009BB21B0A9BB2DBB24E4A93703523A022D8
:10E740009B18DB191B7803221F211800FCF784FC9F
:10E75000D9E1C8217B181B681B881BB2DBB2454A74
:10E7600053707B181B681B881BB21B121BB2DBB2D9
:10E77000404A93703523A0229B18DB191B78032293
:10E780001F211800FCF768FCBDE1C8217B181B683D
:10E790001B68DBB2374A53707B181B681B681B0A67
:10E7A000DBB2344A93707B181B681B681B0CDBB20E
:10E7B000304AD3707B181B681B681B0EDBB22D4AD6
:10E7C00013713523A0229B18DB191B7805221F210A
:10E7D0001800FCF741FC96E1C8217B181B681B68F8
:10E7E000DBB2244A53707B181B681B681B12DBB218
:10E7F000204A93707B181B681B681B14DBB21D4AF0
:10E80000D3707B181B681B681B16DBB2194A137187
:10E810003523A0229B18DB191B7805221F21180025
:10E82000FCF71AFC6FE1C8217B181B681B78DBB270
:10E83000104A53707B181B6801331B78DBB20D4AFA
:10E8400093707B181B6802331B78DBB2094AD370C4
:10E850007B181B6803331B78DBB2064A1371352320
:10E86000A0229B18DB191B7809221F211800FCF736
:10E87000F3FB48E1C417002034160020BC17002029
:10E88000A4020020C4CF02082424A026A319DB1967
:10E890001B785A1E3125AB19DB191878DA49130099
:10E8A000DB009B1ADB00CB181B5C022B00D826E197
:10E8B000A319DB191B785A1E3400AB19DB19187821
:10E8C000D1491300DB009B1ADB00CB181B5C043B17
:10E8D000CE4A9B009B58DAB20F231340DBB2CC4ADE
:10E8E0001370CB4B1B78002B0AD135231B19DB1976
:10E8F0001B7801221F211800FCF7AEFB02F07AFD05
:10E900002423A0215B18DB191B785A1E31235B18C6
:10E91000DB191878BC491300DB009B1ADB00CB180D
:10E920001B5C043BB94A9B009B581B0C8022920540
:10E9300094466344C822BA181360B54B1B78082B61
:10E9400000D9DFE09A00B34BD3181B689F46C82359
:10E95000FB181B681B78DBB2AD4A53703523A0222D
:10E960009B18DB191B7802221F211800FCF774FB8F
:10E97000C9E0C823FB181B681B785BB2DBB2A44A52
:10E9800053703523A0229B18DB191B7802221F210C
:10E990001800FCF761FBB6E0C8217B181B681B88D8
:10E9A0009BB2DBB29A4A53707B181B681B889BB2E0
:10E9B0001B0A9BB2DBB2964A93703523A0229B18A8
:10E9C000DB191B7803221F211800FCF745FB9AE096
:10E9D000C8217B181B681B881BB2DBB28C4A5370A2
:10E9E0007B181B681B881BB21B121BB2DBB2884A48
:10E9F00093703523A0229B18DB191B7803221F215B
:10EA00001800FCF729FB7EE0C8217B181B681B68F7
:10EA1000DBB27F4A53707B181B681B681B0ADBB292
:10EA20007B4A93707B181B681B681B0CDBB2784A0F
:10EA3000D3707B181B681B681B0EDBB2744A137102
:10EA40003523A0229B18DB191B7805221F211800F3
:10EA5000FCF702FB57E0C8217B181B681B68DBB280
:10EA60006B4A53707B181B681B681B12DBB2684A29
:10EA700093707B181B681B681B14DBB2644AD3704D
:10EA80007B181B681B681B16DBB2614A13713523A8
:10EA9000A0229B18DB191B7805221F211800FCF708
:10EAA000DBFA30E0C8217B181B681B78DBB2584AC0
:10EAB00053707B181B6801331B78DBB2544A937088
:10EAC0007B181B6802331B78DBB2514AD3707B186A
:10EAD0001B6803331B78DBB24D4A13713523A02228
:10EAE0009B18DB191B7809221F211800FCF7B4FAC8
:10EAF00009E0C04602F07EFCC04602F07BFCC04646
:10EB000002F078FCC04602F075FC434B1A685B6863
:10EB1000032A01D1002B08D03F4B1A685B68022AF8
:10EB200000D0DFE1002B00D0DCE12424A026A319D3
:10EB3000DB191B785A1E3125AB19DB1918783249BD
:10EB40001300DB009B1ADB00CB181B5C334A1370ED
:10EB5000A319DB191B785A1EAB19DB1918782A493F
:10EB60001300DB009B1ADB00CB181B5C082B00D9C1
:10EB7000B6E19A002A4BD3181B689F46294A1023F6
:10EB80001370AEE12423A0229B18DB191B78591EB9
:10EB900031239B18DB191B78581C1B4A0B00DB0028
:10EBA0005B1ADB00D3181B5C9822B9180B6000239A
:10EBB0009C2179180B60184BBA18116852681960BB
:10EBC0005A608EE12423A0229B18DB191B78591E62
:10EBD00031239B18DB191B78581C0B4A0B00DB00F8
:10EBE0005B1ADB00D3181B5C5BB29022B9180B6078
:10EBF000DB17942179180B60074BBA18116852681B
:10EC000019605A606DE1C04634160020FC170020E0
:10EC1000C4170020E8CF020878180020B3000020B5
:10EC20000CD00208F61700202425A022AB18DB190F
:10EC30001B78591E3126B318DB191B78581CE74A7C
:10EC40000B00DB005B1ADB00D3181B5C1C00A0224E
:10EC5000AB18DB191B78591EB318DB191B78981CED
:10EC6000DE4A0B00DB005B1ADB00D3181B5C1B02C7
:10EC7000E3188822B9180B60DB178C2179180B6018
:10EC8000D74BBA181168526819605A6029E12425D7
:10EC9000A022AB18DB191B78591E3126B318DB19DB
:10ECA0001B78581CCD4A0B00DB005B1ADB00D31825
:10ECB0001B5C1C00A022AB18DB191B78591EB31873
:10ECC000DB191B78981CC54A0B00DB005B1ADB00C4
:10ECD000D3181B5C1B02E3188022B9180B60DB17EA
:10ECE000842179180B60BE4BBA18116852681960FC
:10ECF0005A60F6E02425A022AB18DB191B78591EB8
:10ED00003126B318DB191B78581CB44A0B00DB0002
:10ED10005B1ADB00D3181B5C1C00A022AB18DB19AC
:10ED20001B78591EB318DB191B78981CAB4A0B00D3
:10ED3000DB005B1ADB00D3181B5C1B02E418A0226B
:10ED4000AB18DB191B78591EB318DB191B78D81CBC
:10ED5000A24A0B00DB005B1ADB00D3181B5C1B0410
:10ED6000E418A022AB18DB191B78591EB318DB1965
:10ED70001B78181D994A0B00DB005B1ADB00D318C7
:10ED80001B5C1B06E318BB670023FB67944BB96F42
:10ED9000FA6F19605A60A4E02425A022AB18DB1991
:10EDA0001B78591E3126B318DB191B78581C8B4A67
:10EDB0000B00DB005B1ADB00D3181B5C1C00A022DD
:10EDC000AB18DB191B78591EB318DB191B78981C7C
:10EDD000824A0B00DB005B1ADB00D3181B5C1B02B2
:10EDE000E418A022AB18DB191B78591EB318DB19E5
:10EDF0001B78D81C794A0B00DB005B1ADB00D318A8
:10EE00001B5C1B04E418A022AB18DB191B78591EED
:10EE1000B318DB191B78181D704A0B00DB005B1A56
:10EE2000DB00D3181B5C1B06E3183B67DB177B6713
:10EE30006B4B396F7A6F19605A6052E02425A0221B
:10EE4000AB18DB191B78591E3126B318DB191B7858
:10EE5000581C624A0B00DB005B1ADB00D3181B5CFA
:10EE60001C00A022AB18DB191B78591EB318DB1944
:10EE70001B78981C594A0B00DB005B1ADB00D31887
:10EE80001B5C1B02E418A022AB18DB191B78591E6F
:10EE9000B318DB191B78D81C504A0B00DB005B1A37
:10EEA000DB00D3181B5C1B04E418A022AB18DB1991
:10EEB0001B78591EB318DB191B78181D474A0B0025
:10EEC000DB005B1ADB00D3181B5C1B06E318BB6678
:10EED0000023FB66424BB96EFA6E19605A6000E07F
:10EEE000C046A2E13E4B1A685B681100194300D08E
:10EEF0009BE13B4B1C685D68082200232000290031
:10EF0000F1F716FB431C012B00D98DE1A200354B14
:10EF1000D3181B689F462423A0215B18DB191B789C
:10EF20005A1E31235B18DB1918782C491300DB00BB
:10EF30009B1ADB00CB181B5C3B6600237B66284BCF
:10EF4000396E7A6E19605A606FE12423A0215B1834
:10EF5000DB191B785A1E31235B18DB1918781F49FF
:10EF60001300DB009B1ADB00CB181B5C5BB2BB659C
:10EF7000DB17FB651A4BB96DFA6D19605A6054E1E5
:10EF80002425A0216B18DB191B785A1E3126731813
:10EF9000DB19187811491300DB009B1ADB00CB1832
:10EFA0001B5C1C00A022AB18DB191B78591EB31880
:10EFB000DB191B78581C094A0B00DB005B1ADB00CD
:10EFC000D3181B5C1B02E3183B65DB177B65044B06
:10EFD000396D7A6D19605A6027E1C04634160020F9
:10EFE0007818002030D002082425A0216B18DB19E6
:10EFF0001B785A1E31267318DB191878E74913005D
:10F00000DB009B1ADB00CB181B5C1C00A022AB189A
:10F01000DB191B78591EB318DB191B78581CDF4A03
:10F020000B00DB005B1ADB00D3181B5C1B02E31830
:10F03000BB64DB17FB64DA4BB96CFA6C19605A607D
:10F04000F3E02425A0216B18DB191B785A1E31260A
:10F050007318DB191878D1491300DB009B1ADB0009
:10F06000CB181B5C1C00A022AB18DB191B78591EA7
:10F07000B318DB191B78581CC84A0B00DB005B1A5D
:10F08000DB00D3181B5C1B02E418A022AB18DB19B1
:10F090001B78591EB318DB191B78981CBF4A0B004C
:10F0A000DB005B1ADB00D3181B5C1B04E418A022F6
:10F0B000AB18DB191B78591EB318DB191B78D81C49
:10F0C000B64A0B00DB005B1ADB00D3181B5C1B0687
:10F0D000E3183B6400237B64B14B396C7A6C196094
:10F0E0005A60A2E02425A0216B18DB191B785A1E58
:10F0F00031267318DB191878A8491300DB009B1A16
:10F10000DB00CB181B5C1C00A022AB18DB191B78A2
:10F11000591EB318DB191B78581CA04A0B00DB00E2
:10F120005B1ADB00D3181B5C1B02E418A022AB188F
:10F13000DB191B78591EB318DB191B78981C974AEA
:10F140000B00DB005B1ADB00D3181B5C1B04E4180C
:10F15000A022AB18DB191B78591EB318DB191B78DA
:10F16000D81C8E4A0B00DB005B1ADB00D3181B5C3B
:10F170001B06E318BB63DB17FB63894BB96BFA6BA8
:10F1800019605A6051E02425A0216B18DB191B7807
:10F190005A1E31267318DB19187880491300DB00DA
:10F1A0009B1ADB00CB181B5C1C00A022AB18DB19E0
:10F1B0001B78591EB318DB191B78581C774A0B00B3
:10F1C000DB005B1ADB00D3181B5C1B02E418A022D7
:10F1D000AB18DB191B78591EB318DB191B78981C68
:10F1E0006E4A0B00DB005B1ADB00D3181B5C1B04B0
:10F1F000E418A022AB18DB191B78591EB318DB19D1
:10F200001B78D81C654A0B00DB005B1ADB00D318A7
:10F210001B5C1B06E3183B6300237B63604B396B6D
:10F220007A6B19605A6000E0C0465E4B1B78102B69
:10F2300001D102F0DAF85B4A0023137002F0D5F82E
:10F24000584A002313702424A026A319DB191B7825
:10F250005A1E3125AB19DB19187850491300DB0011
:10F260009B1ADB00CB181B5C002B01D100F0D8FCF3
:10F27000A319DB191B785A1EAB19DB1918784749FB
:10F280001300DB009B1ADB00CB181B5C1E2B01D983
:10F2900000F0C2FCA319DB191B785A1EAB19DB194D
:10F2A00018783E491300DB009B1ADB00CB181B5C6F
:10F2B000013B3D4A9B009B581B0C3C4A94466344CF
:10F2C000C822BA181360A319DB191B78591EAB1991
:10F2D000DB191B78581C314A0B00DB005B1ADB0082
:10F2E000D3181B5C082B01D900F019FC9A00304B95
:10F2F000D3181B689F462424A0216318DB191B78B0
:10F300005A1E31235B18DB19187824491300DB00DF
:10F310009B1ADB00CB181B5C013B234A9B009A58CD
:10F320000F23134049D1012014F098FD0300C82099
:10F330003D182B603B181B68002B3BD03B181B680B
:10F34000E0221206944663441D042600A022A3185E
:10F35000DB191B78591E31239B18DB191B78581CAD
:10F360000E4A0B00DB005B1ADB00D3181B5C1C0091
:10F37000A0217318DB191B785A1E31235B18DB1987
:10F38000187806491300DB009B1ADB00CB181B5CC6
:10F39000013B2919044A9B0099500EE034160020C5
:10F3A00078180020F6170020FC170020000001202C
:10F3B00054D00208D14A12231370D04B1B78122B61
:10F3C00000D1AEE32423A0229B18DB191B78591E21
:10F3D00031239B18DB191B78981CC823FB181C6869
:10F3E000C74A0B00DB005B1ADB00D3181B5C2370E1
:10F3F00097E32424A0216318DB191B785A1E3123BC
:10F400005B18DB191878BE491300DB009B1ADB0080
:10F41000CB181B5C013BBB4A9B009A580F2313403F
:10F420003DD1012014F01AFD0300C8203D182B60C7
:10F430003B181B68002B2FD03B181B68E0221206DC
:10F44000944663441D042600A022A318DB191B78F0
:10F45000591E31239B18DB191B78581CA84A0B0036
:10F46000DB005B1ADB00D3181B5C1C00A0217318A7
:10F47000DB191B785A1E31235B18DB191878A04959
:10F480001300DB009B1ADB00CB181B5C013B291926
:10F490009C4A9B00995002E0984A12231370974BA4
:10F4A0001B78122B00D13EE32423A0229B18DB19EA
:10F4B0001B78591E31239B18DB191B78981C904A26
:10F4C0000B00DB005B1ADB00D3181B5CC822BA18E8
:10F4D00012685BB2137026E32424A0216318DB19A1
:10F4E0001B785A1E31235B18DB19187884491300E6
:10F4F000DB009B1ADB00CB181B5C013B814A9B00A5
:10F500009A580F2313403DD1022014F0A7FC0300AA
:10F51000C8203D182B603B181B68002B2FD03B18D0
:10F520001B68E0221206944663441D042600A022B4
:10F53000A318DB191B78591E31239B18DB191B7884
:10F54000581C6F4A0B00DB005B1ADB00D3181B5CF6
:10F550001C00A0217318DB191B785A1E31235B187D
:10F56000DB19187866491300DB009B1ADB00CB1807
:10F570001B5C013B2919634A9B00995002E05F4ADA
:10F58000122313705D4B1B78122B00D1CDE2242582
:10F59000A022AB18DB191B78591E3126B318DB19D2
:10F5A0001B78981C564A0B00DB005B1ADB00D31853
:10F5B0001B5C9CB2A022AB18DB191B78591EB31838
:10F5C000DB191B78D81C4E4A0B00DB005B1ADB00F2
:10F5D000D3181B5C9BB21B029BB2C822BA181268DC
:10F5E000E3189BB21380A0E22424A0216318DB1946
:10F5F0001B785A1E31235B18DB1918784049130019
:10F60000DB009B1ADB00CB181B5C013B3D4A9B00D7
:10F610009A580F2313403DD1022014F01FFC030021
:10F62000C8203D182B603B181B68002B2FD03B18BF
:10F630001B68E0221206944663441D042600A022A3
:10F64000A318DB191B78591E31239B18DB191B7873
:10F65000581C2B4A0B00DB005B1ADB00D3181B5C29
:10F660001C00A0217318DB191B785A1E31235B186C
:10F67000DB19187822491300DB009B1ADB00CB183A
:10F680001B5C013B29191F4A9B00995002E01B4A51
:10F6900012231370194B1B78122B00D147E224253B
:10F6A000A022AB18DB191B78591E3126B318DB19C1
:10F6B0001B78981C124A0B00DB005B1ADB00D31886
:10F6C0001B5C9CB2A022AB18DB191B78591EB31827
:10F6D000DB191B78D81C0A4A0B00DB005B1ADB0025
:10F6E000D3181B5C9BB21B029BB2E3189BB2C822CF
:10F6F000BA1812681BB2138019E2C046F617002030
:10F7000034160020FC1700202424A0216318DB19E4
:10F710001B785A1E31235B18DB191878CD4913006A
:10F72000DB009B1ADB00CB181B5C013BCA4A9B0029
:10F730009A580F2313403DD1042014F08FFB03008F
:10F74000C8203D182B603B181B68002B2FD03B189E
:10F750001B68E0221206944663441D042600A02282
:10F76000A318DB191B78591E31239B18DB191B7852
:10F77000581CB84A0B00DB005B1ADB00D3181B5C7B
:10F780001C00A0217318DB191B785A1E31235B184B
:10F79000DB191878AF491300DB009B1ADB00CB188C
:10F7A0001B5C013B2919AC4A9B00995002E0AB4A13
:10F7B00012231370A94B1B78122B00D1B9E1242519
:10F7C000A022AB18DB191B78591E3126B318DB19A0
:10F7D0001B78981C9F4A0B00DB005B1ADB00D318D8
:10F7E0001B5C1C00A022AB18DB191B78591EB31838
:10F7F000DB191B78D81C974A0B00DB005B1ADB0077
:10F80000D3181B5C1B02E418A022AB18DB191B7871
:10F81000591EB318DB191B78181D8E4A0B00DB002C
:10F820005B1ADB00D3181B5C1B04E418A022AB1886
:10F83000DB191B78591EB318DB191B78581D854A34
:10F840000B00DB005B1ADB00D3181B5C1B06C82215
:10F85000BA181268E31813606BE12424A02163181E
:10F86000DB191B785A1E31235B18DB19187879498C
:10F870001300DB009B1ADB00CB181B5C013B764AB4
:10F880009B009A580F2313403DD1042014F0E6FA50
:10F890000300C8203D182B603B181B68002B2FD09D
:10F8A0003B181B68E0221206944663441D042600A0
:10F8B000A022A318DB191B78591E31239B18DB19D2
:10F8C0001B78581C634A0B00DB005B1ADB00D31863
:10F8D0001B5C1C00A0217318DB191B785A1E3123F6
:10F8E0005B18DB1918785B491300DB009B1ADB00FF
:10F8F000CB181B5C013B2919574A9B00995002E029
:10F90000564A12231370554B1B78122B00D112E16B
:10F910002425A022AB18DB191B78591E3126B318F9
:10F92000DB191B78981C4B4A0B00DB005B1ADB00D1
:10F93000D3181B5C1C00A022AB18DB191B78591EC6
:10F94000B318DB191B78D81C424A0B00DB005B1A8A
:10F95000DB00D3181B5C1B02E418A022AB18DB19D8
:10F960001B78591EB318DB191B78181D394A0B0078
:10F97000DB005B1ADB00D3181B5C1B04E418A0221D
:10F98000AB18DB191B78591EB318DB191B78581DEF
:10F99000304A0B00DB005B1ADB00D3181B5C1B0634
:10F9A000C822BA181268E3181360C4E02424A02106
:10F9B0006318DB191B785A1E31235B18DB19187882
:10F9C00024491300DB009B1ADB00CB181B5C013BB6
:10F9D000214A9B009A580F23134044D1042014F06D
:10F9E0003DFA0300C8203D182B603B181B68002B14
:10F9F00036D03B181B68E0221206944663441D046F
:10FA00002600A022A318DB191B78591E31239B184E
:10FA1000DB191B78581C0F4A0B00DB005B1ADB005C
:10FA2000D3181B5C1C00A0217318DB191B785A1E0D
:10FA300031235B18DB19187806491300DB009B1A89
:10FA4000DB00CB181B5C013B2919034A9B00995032
:10FA500009E0C04634160020FC170020F6170020ED
:10FA6000EC4A12231370EB4B1B78122B65D0242524
:10FA7000A022AB18DB191B78591E3126B318DB19ED
:10FA80001B78981CE44A0B00DB005B1ADB00D318E0
:10FA90001B5C1C00A022AB18DB191B78591EB31885
:10FAA000DB191B78D81CDC4A0B00DB005B1ADB007F
:10FAB000D3181B5C1B02E418A022AB18DB191B78BF
:10FAC000591EB318DB191B78181DD34A0B00DB0035
:10FAD0005B1ADB00D3181B5C1B04E418A022AB18D4
:10FAE000DB191B78591EB318DB191B78581DCA4A3D
:10FAF0000B00DB005B1ADB00D3181B5C1B06E31852
:10FB0000BB620023FB62C54BB96AFA6A19605A608E
:10FB1000C24BC822BA1812681B6813600DE0C046B9
:10FB20000CE0C0460AE0C04608E0C04606E0C04619
:10FB300004E0C04602E0C04600E0C0462426A02102
:10FB40007318DB191B785A1E31256B18DB191878CE
:10FB5000B1491300DB009B1ADB00CB181B5C013B97
:10FB6000AF4A9B009A580F231A401400A022B318E2
:10FB7000DB191B78591EAB18DB191B78581CA64AD9
:10FB80000B00DB005B1ADB00D3181B5C9C4201D12D
:10FB900000F0D0FBA0217318DB191B785A1E2C0033
:10FBA0006B18DB1918789C491300DB009B1ADB00EB
:10FBB000CB181B5C013B9A4A9B009D58A022B318AE
:10FBC000DB191B78591EA318DB191B78581C924AA5
:10FBD0000B00DB005B1ADB00D3181B5C914A9446D8
:10FBE00063441C00A0217318DB191B785A1E3123B3
:10FBF0005B18DB19187888491300DB009B1ADB00BF
:10FC0000CB181B5C013B21002940854A9B00995081
:10FC1000804A142313708DE37E4A1323137089E303
:10FC20002425A022AB18DB191B78591E3126B318E6
:10FC3000DB191B78981C784A0B00DB005B1ADB0091
:10FC4000D3181B5C1C06A022AB18DB191B78591EAD
:10FC5000B318DB191B78D81C6F4A0B00DB005B1A4A
:10FC6000DB00D3181B5C1B04E418A022AB18DB19C3
:10FC70001B78591EB318DB191B78181D664A0B0038
:10FC8000DB005B1ADB00D3181B5C1B02E418A0220C
:10FC9000AB18DB191B78591EB318DB191B78581DDC
:10FCA0005D4A0B00DB005B1ADB00D3181B5CE3181A
:10FCB000C821781803607B181A6880239B059A4234
:10FCC00000D2B1E17B181A68574B9A4200D9ABE1D8
:10FCD000A022AB18DB191B78591EB318DB191B784F
:10FCE000581C4D4A0B00DB005B1ADB00D3181B5C71
:10FCF000082B00D996E19A004C4BD3181B689F46FD
:10FD00002423A0229B18DB191B78591E31239B1832
:10FD1000DB191B78981DC823FB181C683E4A0B0092
:10FD2000DB005B1ADB00D3181B5C23707BE1242310
:10FD3000A0229B18DB191B78591E31239B18DB1955
:10FD40001B78981D344A0B00DB005B1ADB00D318CC
:10FD50001B5CC822BA1812685BB2137063E12425D9
:10FD6000A022AB18DB191B78591E3126B318DB19FA
:10FD70001B78981D284A0B00DB005B1ADB00D318A8
:10FD80001B5C9CB2A022AB18DB191B78591EB31860
:10FD9000DB191B78D81D204A0B00DB005B1ADB0047
:10FDA000D3181B5C9BB21B029BB2C822BA18126804
:10FDB000E3189BB2138036E12425A022AB18DB198F
:10FDC0001B78591E3126B318DB191B78981D124A6F
:10FDD0000B00DB005B1ADB00D3181B5C9CB2A0227B
:10FDE000AB18DB191B78591EB318DB191B78D81D0B
:10FDF000094A0B00DB005B1ADB00D3181B5C9BB2CB
:10FE00001B029BB2E3189BB2C822BA1812681BB23D
:10FE1000138008E1F617002034160020781800201F
:10FE2000FC170020F0FF0000FF7F002078D00208C0
:10FE30002425A022AB18DB191B78591E3126B318D4
:10FE4000DB191B78981DCB4A0B00DB005B1ADB002B
:10FE5000D3181B5C1C00A022AB18DB191B78591EA1
:10FE6000B318DB191B78D81DC24A0B00DB005B1AE4
:10FE7000DB00D3181B5C1B02E418A022AB18DB19B3
:10FE80001B78591EB318DB191B7808331800B94AC0
:10FE90000B00DB005B1ADB00D3181B5C1B04E418AF
:10FEA000A022AB18DB191B78591EB318DB191B787D
:10FEB00009331800AF4A0B00DB005B1ADB00D318D4
:10FEC0001B5C1B06C822BA181268E3181360AAE06C
:10FED0002425A022AB18DB191B78591E3126B31834
:10FEE000DB191B78981DA34A0B00DB005B1ADB00B3
:10FEF000D3181B5C1C00A022AB18DB191B78591E01
:10FF0000B318DB191B78D81D9A4A0B00DB005B1A6B
:10FF1000DB00D3181B5C1B02E418A022AB18DB1912
:10FF20001B78591EB318DB191B7808331800914A47
:10FF30000B00DB005B1ADB00D3181B5C1B04E4180E
:10FF4000A022AB18DB191B78591EB318DB191B78DC
:10FF500009331800874A0B00DB005B1ADB00D3185B
:10FF60001B5C1B06C822BA181268E31813605AE01B
:10FF70002425A022AB18DB191B78591E3126B31893
:10FF8000DB191B78981D7B4A0B00DB005B1ADB003A
:10FF9000D3181B5C1C00A022AB18DB191B78591E60
:10FFA000B318DB191B78D81D724A0B00DB005B1AF3
:10FFB000DB00D3181B5C1B02E418A022AB18DB1972
:10FFC0001B78591EB318DB191B7808331800694ACF
:10FFD0000B00DB005B1ADB00D3181B5C1B04E4186E
:10FFE000A022AB18DB191B78591EB318DB191B783C
:10FFF000093318005F4A0B00DB005B1ADB00D318E3
:020000040801F1
:100000001B5C1B06E3183B6200237B625A4B396A78
:100010007A6A19605A60584BC822BA1812681B686D
:10002000136000E0C04685E1C8243B191A688023AC
:100030001B059A4200D27AE13B191A684F4B9A424B
:1000400000D974E10DF058F92E23A0229B18DB197A
:100050001B88222B04D13B191B68180003F00AFEF1
:10006000474B1B78002B00D051E12423A0229B1882
:10007000DB191B78591E31239B18DB191B78581C80
:100080003C4A0B00DB005B1ADB00D3181B5C082B1F
:1000900000D93EE19A003B4BD3181B689F46C8230A
:1000A000FB181B681B889AB2374B9A4203D0344A1C
:1000B000162313702EE12423A0229B18DB191B7832
:1000C000591E31239B18DB191B78981D294A0B00F8
:1000D000DB005B1ADB00D3181B5CBB610023FB61F8
:1000E000254BB969FA6919605A6013E1C823FB18F6
:1000F0001B681B889AB2244B9A4203D0204A1623CD
:10010000137007E12425A022AB18DB191B78591EB8
:100110003126B318DB191B78981D164A0B00DB003B
:100120005B1ADB00D3181B5C1C00A022AB18DB1988
:100130001B78591EB318DB191B78D81D0D4A0B000C
:10014000DB005B1ADB00D3181B5C1B02E3183B616E
:10015000DB177B61084B39697A6919605A60D9E00D
:10016000C823FB181B681B6801330FD0044A1623F1
:100170001370CFE03416002078180020FFFF01082C
:10018000F61700209CD00208FFFF00002425A022C3
:10019000AB18DB191B78591E3126B318DB191B78F5
:1001A000981DA14A0B00DB005B1ADB00D3181B5C17
:1001B0001C00A022AB18DB191B78591EB318DB19E1
:1001C0001B78D81D984A0B00DB005B1ADB00D318A4
:1001D0001B5C1B02E418A022AB18DB191B78591E0C
:1001E000B318DB191B78083318008F4A0B00DB00AB
:1001F0005B1ADB00D3181B5C1B04E418A022AB18AD
:10020000DB191B78591EB318DB191B78093318004A
:10021000854A0B00DB005B1ADB00D3181B5C1B0656
:10022000E318BB600023FB60804BB968FA68196073
:100230005A606FE0C823FB181B681B68013303D0AA
:100240007B4A1623137065E02425A022AB18DB1926
:100250001B78591E3126B318DB191B78981D724A7A
:100260000B00DB005B1ADB00D3181B5C1C00A02218
:10027000AB18DB191B78591EB318DB191B78D81D76
:10028000694A0B00DB005B1ADB00D3181B5C1B0206
:10029000E418A022AB18DB191B78591EB318DB1920
:1002A0001B7808331800604A0B00DB005B1ADB0088
:1002B000D3181B5C1B04E418A022AB18DB191B78B5
:1002C000591E1500B318DB191B7809331800564A5C
:1002D0000B00DB005B1ADB00D3181B5C1B06E3186A
:1002E0003B6000237B60514B39687A6819605A6023
:1002F0004E4B1A685B6836214919CC19C821791808
:10030000096801200CF0AAFF0300237002E0C04638
:1003100000E0C0460DF014F83623A0229B18DB192C
:100320001B78002B06D0424A1623137002E0404A85
:10033000152313703F4B1B78602B05D03D4B1B786A
:10034000202B01D001F053F8394B1B783A4A137037
:100350003523A0229B18DB191B78012221211800CC
:10036000FAF77AFE01F043F82423A0215B18DB1989
:100370001B785A1E31235B18DB1918782A491300A1
:10038000DB009B1ADB00CB181B5C294A137001F0C1
:1003900031F82424A026A319DB191B785A1E312515
:1003A000AB19DB19187820491300DB009B1ADB001E
:1003B000CB18185CA319DB191B785A1E3400AB1933
:1003C000DB191B78591C1300DB009B1ADB005A1841
:1003D000154BD11822231B19DB191B789BB2013B4B
:1003E0009AB20A2300930A2307F042F801F002F8B8
:1003F0002423A0215B18DB191B785A1E31235B18BC
:10040000DB19187808491300DB009B1ADB00CB18B6
:100410001B5C022B00D1DBE100DD24E2002B0DD0C0
:10042000012B00D1EDE01EE23416002078180020E8
:10043000F6170020FC140020C41700202425A02259
:10044000AB18DB191B78591E3126B318DB191B7842
:10045000581CDD4A0B00DB005B1ADB00D3181B5C69
:100460001C00A022AB18DB191B78591EB318DB192E
:100470001B78981CD44A0B00DB005B1ADB00D318F6
:100480001B5C1B02E418A022AB18DB191B78591E59
:10049000B318DB191B78D81CCB4A0B00DB005B1AA6
:1004A000DB00D3181B5C1B04E418A022AB18DB197B
:1004B0001B78591EB318DB191B78181DC24A0B0094
:1004C000DB005B1ADB00D3181B5C1B06E218BF4B7A
:1004D0001A60A022AB18DB191B78591EB318DB1960
:1004E0001B78581DB84A0B00DB005B1ADB00D318E1
:1004F0001B5C1C00A022AB18DB191B78591EB3181B
:10050000DB191B78981DB04A0B00DB005B1ADB007F
:10051000D3181B5C1B02E418A022AB18DB191B7854
:10052000591EB318DB191B78D81DA74A0B00DB0036
:100530005B1ADB00D3181B5C1B04E418A022AB1869
:10054000DB191B78591EB318DB191B780833180008
:100550009D4A0B00DB005B1ADB00D3181B5C1B06FB
:10056000E2189A4B5A60A022AB18DB191B78591E6F
:10057000B318DB191B7809331800934A0B00DB0012
:100580005B1ADB00D3181B5C1C00A022AB18DB1924
:100590001B78591EB318DB191B780A3318008A4AD6
:1005A0000B00DB005B1ADB00D3181B5C1B02E4189A
:1005B000A022AB18DB191B78591EB318DB191B7866
:1005C0000B331800804A0B00DB005B1ADB00D318EA
:1005D0001B5C1B04E418A022AB18DB191B78591E06
:1005E000B318DB191B780C331800774A0B00DB00BB
:1005F0005B1ADB00D3181B5C1B06E218734B9A6076
:1006000031E12425A022AB18DB191B78591E3126B5
:10061000B318DB191B78581C6B4A0B00DB005B1A04
:10062000DB00D3181B5C1C00A022AB18DB191B7865
:10063000591EB318DB191B78981C634A0B00DB00AA
:100640005B1ADB00D3181B5C1B02E418A022AB185A
:10065000DB191B78591EB318DB191B78D81C5A4AB2
:100660000B00DB005B1ADB00D3181B5C1B04E418D7
:10067000A022AB18DB191B78591EB318DB191B78A5
:10068000181D514A0B00DB005B1ADB00D3181B5C02
:100690001B06E2184D4BDA60A022AB18DB191B7861
:1006A000591EB318DB191B78581D474A0B00DB0095
:1006B0005B1ADB00D3181B5C1C00A022AB18DB19F3
:1006C0001B78591EB318DB191B78981D3E4A0B0086
:1006D000DB005B1ADB00D3181B5C1B02E418A022B2
:1006E000AB18DB191B78591EB318DB191B78D81D02
:1006F000354A0B00DB005B1ADB00D3181B5C1B04C4
:10070000E418A022AB18DB191B78591EB318DB19AB
:100710001B78083318002C4A0B00DB005B1ADB0047
:10072000D3181B5C1B06E218284B1A61A022AB18D9
:10073000DB191B78591EB318DB191B780933180015
:10074000214A0B00DB005B1ADB00D3181B5C1C008A
:10075000A022AB18DB191B78591EB318DB191B78C4
:100760000A331800184A0B00DB005B1ADB00D318B1
:100770001B5C1B02E418A022AB18DB191B78591E66
:10078000B318DB191B780B3318000F4A0B00DB0082
:100790005B1ADB00D3181B5C1B04E418A022AB1807
:1007A000DB191B78591EB318DB191B780C331800A2
:1007B000054A0B00DB005B1ADB00D3181B5C1B0631
:1007C000E218024B5A614EE034160020B423002098
:1007D0002425A022AB18DB191B78591E3126B3182B
:1007E000DB191B78581CE64A0B00DB005B1ADB00A8
:1007F000D3181B5C1C00A022AB18DB191B78591EF8
:10080000B318DB191B78981CDD4A0B00DB005B1A60
:10081000DB00D3181B5C1B02E418A022AB18DB1909
:100820001B78591EB318DB191B78D81CD44A0B004F
:10083000DB005B1ADB00D3181B5C1B04E418A0224E
:10084000AB18DB191B78591EB318DB191B78181D60
:10085000CB4A0B00DB005B1ADB00D3181B5C1B06CA
:10086000E218C84B9A612424A026A319DB191B782F
:100870005A1E3125AB19DB191878C1491300DB006A
:100880009B1ADB00CB181B5C9BB2BF4A1380A319D9
:10089000DB191B78591EAB19DB191B78581CB84A99
:1008A0000B00DB005B1ADB00D3181B5C9BB2B74A62
:1008B0001380B64B1B88002B10D1B34B1B88DAB2C8
:1008C000B34B1900100005F0DFF8AF4B1B88D8B20E
:1008D000B04AAF4B190005F027F913E0AB4B1B886A
:1008E000012B0FD1A84B1B88DAB2AB4B19001000BB
:1008F00005F0CAF8A44B1B88D8B2A64AA64B19002B
:1009000005F012F9A54AA64B1100180005F092F95E
:100910002425A026AB19DB191B785A1E3124A319F4
:10092000DB19187896491300DB009B1ADB00CB1803
:100930001B5C9BB2944A1380934B1B88DAB2994B91
:100940001900100005F06EFA3200AB18DB191B78A5
:10095000591E2600B318DB191B78581D884A0B0056
:10096000DB005B1ADB00D3181B5C1C00A022AB1859
:10097000DB191B78591EB318DB191B78981D804AA8
:100980000B00DB005B1ADB00D3181B5C1B02E418B6
:10099000A022AB18DB191B78591EB318DB191B7882
:1009A000D81D774A0B00DB005B1ADB00D3181B5CF9
:1009B0001B04E418A022AB18DB191B78591EB318CE
:1009C000DB191B78083318006D4A0B00DB005B1A3B
:1009D000DB00D3181B5C1B06E2186A4BDA61A0220D
:1009E000AB18DB191B78591EB318DB191B780933B8
:1009F0001800634A0B00DB005B1ADB00D3181B5C9A
:100A00001C00A022AB18DB191B78591EB318DB1988
:100A10001B780A3318005A4A0B00DB005B1ADB0014
:100A2000D3181B5C1B02E418A022AB18DB191B783F
:100A3000591EB318DB191B780B331800504A0B00F2
:100A4000DB005B1ADB00D3181B5C1B04E418A0223C
:100A5000AB18DB191B78591EB318DB191B780C3344
:100A60001800474A0B00DB005B1ADB00D3181B5C45
:100A70001B06E218434B1A6200F0BCFC4A4A0123F1
:100A8000137000F0B7FC494A0123137000F0B2FC68
:100A90002423A0215B18DB191B785A1E31235B1815
:100AA000DB19187836491300DB009B1ADB00CB18E2
:100AB0001B5C082B01D900F041FC9A003C4BD31879
:100AC0001B689F462423A0241B19DB191B78591E81
:100AD00031231B19DB191B78581C294A0B00DB003A
:100AE0005B1ADB00D3181B5C002B09D137231B19C1
:100AF000DA19002313702F4A1023137000F01FFC23
:100B00003723A0229B18DA19FF23137000F017FC7B
:100B10002424A026A319DB191B78591E3125AB19F3
:100B2000DB191B78581C164A0B00DB005B1ADB0034
:100B3000D3181B5C002B1AD137239B19DA19002319
:100B40001370A319DB191B78591EAB19DB191B781D
:100B5000981C0B4A0B00DB005B1ADB00D3181B5CF4
:100B60005A1E9341DBB2144A137000F0E8FB37239E
:100B7000A0229B18DA19FF23137000F0E0FBC04697
:100B800034160020B42300204423002046230020F4
:100B9000D8CE020854230020DCCE020848230020CF
:100BA0004C23002050230020211500202215002076
:100BB000C0D00208F61700208C2300202424A02691
:100BC000A319DB191B78591E3125AB19DB191B78CA
:100BD000581CE54A0B00DB005B1ADB00D3181B5CDA
:100BE000002B38D137239B19DA1900231370A3196E
:100BF000DB191B78591EAB19DB191B78981CDA4AD4
:100C00000B00DB005B1ADB00D3181B5CD74A937028
:100C1000A319DB191B78591EAB19DB191B78D81CDB
:100C2000D14A0B00DB005B1ADB00D3181B5CCF4AF8
:100C3000D370A319DB191B78591EAB19DB191B786C
:100C4000181DC94A0B00DB005B1ADB00D3181B5CC4
:100C5000C64A137173E33723A0229B18DA19FF23C6
:100C600013706CE32424A026A319DB191B78591EEA
:100C70003125AB19DB191B78581CBB4A0B00DB0074
:100C80005B1ADB00D3181B5C002B17D137239B1991
:100C9000DA1900231370A319DB191B78591EAB193D
:100CA000DB191B78981CB04A0B00DB005B1ADB00D9
:100CB000D3181B5C5BB2AD4A537040E33723A022CC
:100CC0009B18DA19FF23137039E32425A0242B196C
:100CD000DB191B78591E31263319DB191B78581C78
:100CE000A14A0B00DB005B1ADB00D3181B5C002B56
:100CF0007DD137231B19DA190023137022002B1919
:100D0000DB191B78591EB318DB191B78981C964AFF
:100D10000B00DB005B1ADB00D3181B5C9CB2A0222B
:100D2000AB18DB191B78591EB318DB191B78D81CBC
:100D30008D4A0B00DB005B1ADB00D3181B5C9BB2F7
:100D40001B029BB2E3189BB2884A1381A022AB1806
:100D5000DB191B78591EB318DB191B78181D824A42
:100D60000B00DB005B1ADB00D3181B5C9CB2A022DB
:100D7000AB18DB191B78591EB318DB191B78581DEB
:100D8000794A0B00DB005B1ADB00D3181B5C9BB2BB
:100D90001B029BB2E3189BB2744A5381A022AB188A
:100DA000DB191B78591EB318DB191B78981D6E4A86
:100DB0000B00DB005B1ADB00D3181B5C9CB2A0228B
:100DC000AB18DB191B78591EB318DB191B78D81D1B
:100DD000654A0B00DB005B1ADB00D3181B5C9BB27F
:100DE0001B029BB2E3189BB2604A9381A7E23723B0
:100DF000A0229B18DA19FF231370A0E22424A02557
:100E00006319DB191B78591E31267319DB191B78FE
:100E1000581C554A0B00DB005B1ADB00D3181B5C27
:100E2000002B30D1372329005B18DA190023137007
:100E300025000A00A318DB191B78591EB318DB190B
:100E40001B78981C484A0B00DB005B1ADB00D318A8
:100E50001B5C9CB2A022AB18DB191B78591EB3187F
:100E6000DB191B78D81C404A0B00DB005B1ADB0047
:100E7000D3181B5C9BB21B029BB2E3189BB21BB244
:100E80003A4AD3805BE23723A0229B18DA19FF236A
:100E9000137054E22425A0242B19DB191B78591E4A
:100EA00031263319DB191B78581C2F4A0B00DB0045
:100EB0005B1ADB00D3181B5C002B4ED137231B19A8
:100EC000DA190023137022002B19DB191B78591E25
:100ED000B318DB191B78981C234A0B00DB005B1A44
:100EE000DB00D3181B5C1C00A022AB18DB191B789D
:100EF000591EB318DB191B78D81C1B4A0B00DB00EA
:100F00005B1ADB00D3181B5C1B02E418A022AB1891
:100F1000DB191B78591EB318DB191B78181D124AF0
:100F20000B00DB005B1ADB00D3181B5C1B04E4180E
:100F3000A022AB18DB191B78591EB318DB191B78DC
:100F4000581D094A0B00DB005B1ADB00D3181B5C41
:100F50001B06E218054B5A61F1E13723A0229B18CA
:100F6000DA19FF231370EAE1341600208C230020E5
:100F70002425A0242B19DB191B78591E312633197F
:100F8000DB191B78581CEE4A0B00DB005B1ADB00F8
:100F9000D3181B5C002B4ED137231B19DA19002301
:100FA000137022002B19DB191B78591EB318DB199B
:100FB0001B78981CE24A0B00DB005B1ADB00D3189D
:100FC0001B5C1C00A022AB18DB191B78591EB31840
:100FD000DB191B78D81CDA4A0B00DB005B1ADB003C
:100FE000D3181B5C1B02E418A022AB18DB191B787A
:100FF000591EB318DB191B78181DD14A0B00DB00F2
:101000005B1ADB00D3181B5C1B04E418A022AB188E
:10101000DB191B78591EB318DB191B78581DC84AF9
:101020000B00DB005B1ADB00D3181B5C1B06E2180D
:10103000C44B1A6183E13723A0229B18DA19FF23DE
:1010400013707CE12425A0242B19DB191B78591E71
:1010500031263319DB191B78581CB94A0B00DB0009
:101060005B1ADB00D3181B5C002B00D05FE1372339
:101070001B19DA190023137022002B19DB191B78B6
:10108000591EB318DB191B78981CAD4A0B00DB0006
:101090005B1ADB00D3181B5C1C00A022AB18DB1909
:1010A0001B78591EB318DB191B78D81CA44A0B00F7
:1010B000DB005B1ADB00D3181B5C1B021C43A02265
:1010C000AB18DB191B78591EB318DB191B78181DD8
:1010D0009B4A0B00DB005B1ADB00D3181B5C1B0474
:1010E0001C43A022AB18DB191B78591EB318DB195F
:1010F0001B78581D924A0B00DB005B1ADB00D318EB
:101100001B5C1B062343AC203C1823600C23A0214E
:101110005B18DB191A688B4B9A6100233A1813602D
:101120000A00AB18DB191B78591EB318DB191B78A2
:10113000981D834A0B00DB005B1ADB00D3181B5C95
:101140001C00A022AB18DB191B78591EB318DB1941
:101150001B78D81D7A4A0B00DB005B1ADB00D31822
:101160001B5C1B021C43A022AB18DB191B78591E09
:10117000B318DB191B7818000830714A0B00DB002C
:101180005B1ADB00D3181B5C1B041C43A022AB18AA
:10119000DB191B78591EB318DB191B7818000930AE
:1011A000674A0B00DB005B1ADB00D3181B5C1B06D5
:1011B0002343AC203C1823600C23A0215B18DB19CF
:1011C0001A68604BDA6100233A1813600A00AB1802
:1011D000DB191B78591EB318DB191B7818000A306D
:1011E000574A0B00DB005B1ADB00D3181B5C1C00AA
:1011F000A022AB18DB191B78591EB318DB191B781A
:1012000018000B304E4A0B00DB005B1ADB00D318D2
:101210001B5C1B021C43A022AB18DB191B78591E58
:10122000B318DB191B7818000C30454A0B00DB00A3
:101230005B1ADB00D3181B5C1B041C43A022AB18F9
:10124000DB191B78591EB318DB191B7818000D30F9
:101250003B4A0B00DB005B1ADB00D3181B5C1B0650
:101260002343AC203C1823600C23A0215B18DB191E
:101270001A68344B1A6200233A1813600A00AB183C
:10128000DB191B78591EB318DB191B7818000E30B8
:101290002B4A0B00DB005B1ADB00D3181B5C1C0025
:1012A000A022AB18DB191B78591EB318DB191B7869
:1012B00018000F30224A0B00DB005B1ADB00D3184A
:1012C0001B5C1B021C43A022AB18DB191B78591EA8
:1012D000B318DB191B7818001030194A0B00DB001B
:1012E0005B1ADB00D3181B5C1B041C43A022AB1849
:1012F000DB191B78591E1500B318DB191B78180071
:1013000011300F4A0B00DB005B1ADB00D3181B5CAB
:101310001B062343AC217A1813600C235B19DB19DD
:101320001A68084B5A6200237A18136007E03723C3
:10133000A0229B18DA19FF23137000E0C04659E081
:10134000341600208C2300203726A0203318DD1906
:1013500023231B18DB191C7835221318DB191B7883
:101360009C46242102000B18DB1919782E208318C3
:10137000DB19188831239B18DB191B780093230095
:10138000624600F08FF803002B70A022B318DB191F
:101390001B78012B2DD1B318DD19232316009B19BF
:1013A000DB191C7835229319DB191A7824218B1943
:1013B000DB1919782E208319DB19188831239B1922
:1013C000DB191B780093230000F078FC03002B70DE
:1013D0000FE0C0460EE0C0460CE0C0460AE0C04642
:1013E00008E0C04606E0C04604E0C04602E0C04651
:1013F00000E0C0463724A0256319DB191B78012BB8
:101400000CD135235B19DB191B7800220021180051
:10141000F9F722FE6319DA19002313702421A0259D
:101420004B19DB191B78013B1A00D200D21AD300EA
:101430001A00194BD0180C004B19DB191B785A1ED7
:10144000164B9B5C1A00002112F037FF6319DB1961
:101450001B78591E114A002353546319DB191A785B
:101460000F4B9B5C022B13D06319DB191A780C4BC2
:101470009B5C032B0CD06319DB191A78084B9B5C1F
:10148000042B05D06319DB191978054A002353543E
:1014900007F0C6FBFAF771FF34160020BC170020D6
:1014A00024150020B0B584B000AF05000C0010007A
:1014B0001900BB1D2A1C1A807B1D221C1A703B1DA3
:1014C000021C1A70FB1C0A1C1A700F217B180122C7
:1014D0001A707B181B781800BD4604B0B0BD90B5DB
:1014E00095B000AF14243B1918003C231A000021CA
:1014F00012F0E3FE3B1D180010231A00002112F029
:10150000DCFE80239B0018000DF0C2FA3B1902227A
:101510001A603B1980225200DA6021007B180022F9
:101520001A617B1840225A617B1802221A627B18CA
:1015300002225A627B1830229A627B182D22DA62CC
:101540007B18C022D2021A637B18802292045A634D
:101550007B18C022D2059A637B1818000DF0E4FABC
:10156000031E01D004F0B4FD3B1D07221A603B1D91
:1015700002225A603B1D00229A603B1D0022DA6065
:101580003B1D012118000DF02FFE031E01D004F0B9
:101590009FFDC046BD4615B090BD0000F0B591B0AE
:1015A00000AF1C2318215B18DB1900221A701B26C0
:1015B0007318DB1900221A7026235B18DB1902222C
:1015C0001A8018235B18DB1900221A807B1800226E
:1015D0001A60043311220021180012F06EFE0BF085
:1015E0008BFEC14B190004200BF0B8FF18217318B3
:1015F000DE19FA239B0018000BF0BEFE03003370C7
:101600001B2618217318DB191B78002B03D0B74B4E
:101610005B68DBB2BCE1B64B5A69B54B02218A4329
:101620005A61B44B1B78002B00D1B5E0B24B1B784C
:101630009BB21B0299B2AF4B1B789AB218201826A6
:101640008319DB198A181A808319DB191B889BB24E
:101650003B6100237B61A4493A697B6901200BF05F
:10166000FDFD1B239B19DE19FA239B0018000BF0CC
:1016700083FE030033701B2318269B19DB191B788C
:10168000002B03D0994B5B68DBB281E1984B5A6920
:10169000974B01218A435A61252318229B18DB1995
:1016A00001221A706FE0242318229B18DB190022F4
:1016B0001A7059E0252018268319DB191B785A1E49
:1016C0008E491300DB009B1A5B005B5A002B42D053
:1016D00026229319DB191B8883495E1818214318A9
:1016E000DB191B785A1E24235B18DB1918788349F1
:1016F0001300DB009B1A1B185B005B5ABB600023C6
:10170000FB60BA68FB68310001200BF0A7FD2622C0
:1017100018215318DB195218D219128802321A8074
:101720001B235B18DE19FA239B0018000BF024FE24
:10173000030033701B2318215B18DB191B78002B67
:1017400003D06A4B5B68DBB222E1694B5A69684B94
:1017500001218A435A61242118200B18DB191A78B9
:101760000B18DB1901321A70242318201B18DB19FF
:101770001B780A2B9ED925210B18DB191A780B1818
:10178000DB1901321A705C4B1B7825221821521884
:10179000D21912789A4286D9594BBB631F2318225B
:1017A0009B18DB1900221A70E2E01F20182683190B
:1017B000DB191A78534913009B009B189B005B5C54
:1017C000002B00D1CBE0BB19FE221A708319DB1964
:1017D0001A7813009B009B189B004A4A9918BB1962
:1017E00001331422180012F05FFD1E239B19DB1930
:1017F00000221A7038E0B96B1E2318269B19DB19DA
:101800001B785B00BA19D3181B881C0000231D002D
:1018100022002B0001200BF021FD1B239B19DE1958
:10182000FA239B0018000BF0A7FD030033701B2365
:1018300018269B19DB191B78002B03D02B4B5B68F8
:10184000DBB2A5E02A4B5A69294B01218A435A6130
:10185000BB6B0233BB631E2118200B18DB191A78EF
:101860000B18DB1901321A701E2318229B18DB1982
:101870001B78092BBFD91D239B18DB1900221A7076
:1018800054E0B86B1F2318269B19DB191A781D49E1
:1018900013009B009B189B00CB180C331B681D2268
:1018A0009219D219127852009B181B883B600023B2
:1018B0007B603A687B68010001200BF0CFFC1B23A2
:1018C0009B19DE19FA239B0018000BF055FD03004D
:1018D00033701B2318269B19DB191B78002B13D0A0
:1018E000024B5B68DBB253E0000004083CAD012012
:1018F00000200240B1000020B0000020780200204B
:1019000000100408E0180020234B5A69224B0121E3
:101910008A435A61BB6B0233BB631D2118200B182D
:10192000DB191A780B18DB1901321A701D231822E3
:101930009B18DB191E781F239B18DB191A7817498F
:1019400013009B009B189B00CB180C331B681800DE
:10195000EEF7E4FB030001335B089E4291D31F21A5
:1019600018200B18DB191A780B18DB1901321A70C2
:101970000B4B1B781F2218269219D21912789A4203
:1019800000D212E70BF0DCFC1C239B19DB191B783F
:101990001800BD4611B0F0BD00200240E018002044
:1019A00044190020F0B589B004AF05000C00100008
:1019B0001900FB1D2A1C1A70BB1D221C1A707B1DEE
:1019C000021C1A703B1D0A1C1A700F257B1900227D
:1019D0001A700E26BB1900221A704A4B1A787C190D
:1019E000BB1D1B7819001000F2F76EFE0300237078
:1019F0003B1D1B78002B0ED0424B1B78BA1D127872
:101A00009A4208D17B193A1D12781A70BB193D4AC7
:101A100012781A701BE03B1D1B78002B17D1BB1DE1
:101A20001B78013B384AD35C012B05D10E23FB18F0
:101A3000344A12781A700AE0BB1D1B78013B324A07
:101A4000D35C5A1E0E23FB1830498A5C1A702D4B4A
:101A50001B78FA1D12789A422FD106F067FE030018
:101A6000BB603B1D1B78002B08D1294B1968BB1D9F
:101A70001A78BB68180012F011FE08E0254B1968AF
:101A8000BB1D1A783B1D1B78B86812F007FE224B6D
:101A90001A68BB681100180012F020FEBB6818001D
:101AA000EEF73CFB03009AB2B9687B1D187832232D
:101AB00005F034FD642009F0ABFF7B1D1B78180096
:101AC00000F02CF80F257B191B78180000F026F881
:101AD0000C4B19780B4B1C787B191A787B1D1878E6
:101AE0000023039301235B42029301235B42019392
:101AF000022300932300F9F759FEC046BD4605B006
:101B0000F0BDC046B1000020F8150020A022002042
:101B1000A4000020A8000020AC00002080B584B004
:101B200000AF0200FB1D1A70FB1D1B78180005F0AA
:101B300051FD0300FB60FB68E12212025A60FB6862
:101B40008022D2001A61FB68802252019A60FB68F1
:101B500018000FF0B9FAFB681B681A68FB681B686D
:101B600020210A431A60C046BD4604B080BD000073
:101B700080B582B000AF02F0ABFA05F039F805F09D
:101B80007FF805F0A9F805F0D3F805F0FDF805F0A9
:101B900027F902F017FB02F0DDFB0521002000F021
:101BA00069FA082208210F2000F0A2F901237B60C6
:101BB00061E07B68DBB2180005F00CFD0200324BDF
:101BC0009A4206D17B685A1E304B92003049D15060
:101BD0004EE07B68DBB2180005F0FCFC02002D4BE8
:101BE0009A4206D17B685A1E284B92002A49D1504E
:101BF0003EE07B68DBB2180005F0ECFC0200274BEE
:101C00009A4206D17B685A1E204B92002449D1503B
:101C10002EE07B68DBB2180005F0DCFC0200214BF3
:101C20009A4206D17B685A1E184B92001E49D15029
:101C30001EE07B68DBB2180005F0CCFC02001B4BF9
:101C40009A4206D17B685A1E104B92001849D15017
:101C50000EE07B68DBB2180005F0BCFC0200154BFF
:101C60009A4205D17B685A1E084B92001249D15006
:101C70007B6801337B607B68062B9ADDC046C046DB
:101C8000BD4602B080BDC0467C250020E014002087
:101C90000C0002401026002020000240A426002054
:101CA000340002403827002048000240CC270020A2
:101CB0005C0002406028002070000240F0B585B052
:101CC00000AF05000C0010001900BB1D2A1C1A8073
:101CD0007B1D221C1A703B1D021C1A70FB1C0A1C67
:101CE0001A700F23FB1800221A70BB1D1B88793B4A
:101CF000FF3B0C2B00D97FE09A00454BD3181B68A3
:101D00009F4600F01DF97CE07B1D1B785A1E2023A6
:101D100008215B18DB1919783E481300DB009B1A79
:101D2000DB00C3185B5C180000F02EF969E07B1D36
:101D30001B785A1E202608257319DB191978354897
:101D40001300DB009B1ADB00C3185C5C7B1D1B7857
:101D50005A1E7119CB191B78591C2E481300DB0031
:101D60009B1ADB00C3185D5C7B1D1B785A1E082381
:101D7000F318DB191B78991C26481300DB009B1A0B
:101D8000DB00C3185B5C1A002900200000F017F983
:101D900037E0012000F03AF933E0002000F036F996
:101DA0002FE0002000F04CF92BE0012000F048F972
:101DB00027E07B1D1B785A1E202308215B18DB19A6
:101DC000197814481300DB009B1ADB00C3185B5C16
:101DD000180000F06FF914E0002000F0A5F910E001
:101DE000012000F0A1F90CE0002000F0B7F908E0B4
:101DF000012000F0B3F904E00F23FB1801221A7050
:101E0000C0460F23FB181B781800BD4605B0F0BD77
:101E1000D4D502083416002080B582B000AF7860B7
:101E20007B681B68124A934201D102231CE07B6845
:101E30001B68104A934201D1032315E07B681B689D
:101E40000D4A934201D104230EE07B681B680B4AC4
:101E5000934201D1052307E07B681B68084A93423F
:101E600001D1062300E000231800BD4602B080BD6A
:101E70000044004000480040004C0040005000403A
:101E8000003C014080B500AF114B180006F098FBF4
:101E9000104B180006F094FB0F4B180006F090FB57
:101EA0000E4B180006F08CFB0D4B180006F088FB5B
:101EB0000C4B180006F084FB0B4B180006F080FB5F
:101EC0000A4B180006F07CFBC046BD4680BDC046EC
:101ED000B0D10208A4D20208A8D3020828D402086C
:101EE000A0D4020800D5020860D50208C4D50208B3
:101EF00090B585B000AF040008001100FB1D221C46
:101F00001A70BB1D021C1A707B1D0A1C1A700F234D
:101F1000FB1800221A707B1D1A78BB1D1978FB1D57
:101F20001B78180006F006F9031E01D0FF2302E01B
:101F30000F23FB181B781800BD4605B090BD0000AC
:101F400080B500AF80235A010C490D4B18000FF0EB
:101F50009DFA031E01D0FF230DE0FA23DB0009499F
:101F6000074801220FF04EF9031E01D0FF2302E0C3
:101F7000044B01221A701800BD4680BDF8280020CD
:101F80007C250020B002002080B584B000AF0200A4
:101F9000FB1D1A700F23FB1800221A70FB1D1B7803
:101FA0001900002006F01CF8031E01D0FF2302E0F8
:101FB0000F23FB181B781800BD4604B080BD90B5F8
:101FC00085B000AF040008001100FB1D221C1A7030
:101FD000BB1D021C1A707B1D0A1C1A700F23FB18F4
:101FE00000221A707B1D1A78BB1D1978FB1D1B7807
:101FF000180006F0E9F8031E01D0FF2302E00F23CA
:10200000FB181B781800BD4605B090BD80B584B0A4
:1020100000AF0200FB1D1A700F23FB1800221A707C
:10202000FB1D1B78180006F07BF9031E01D0FF236F
:1020300002E00F23FB181B781800BD4604B080BDDA
:1020400080B584B000AF0200FB1D1A700F23FB188F
:1020500000221A70FB1D1B78180005F01DFF031EDF
:1020600001D0FF2302E00F23FB181B781800BD46A8
:1020700004B080BD80B584B000AF0200FB1D1A70B3
:10208000BB1D0A1C1A700F23FB1800221A70BB1DFF
:102090001A78FB1D1B781100180005F067FD031E60
:1020A00001D0FF2302E00F23FB181B781800BD4668
:1020B00004B080BD80B584B000AF0200FB1D1A7073
:1020C0000F23FB1800221A70FB1D1B78002B0AD16E
:1020D000002000F029F8031E01D0FF231DE0114B62
:1020E00001221A7016E0FB1D1B78180005F05EFC3B
:1020F000031E01D0FF2310E00A4B1B78002B09D0F0
:10210000012000F011F8031E01D0FF2305E0054B6C
:1021100000221A700F23FB181B781800BD4604B06C
:1021200080BDC046F428002080B584B000AF020016
:10213000FB1D1A700F23FB1800221A70FB1D1B7861
:10214000180005F0E1FC031E01D0FF2302E00F237D
:10215000FB181B781800BD4604B080BD80B584B064
:1021600000AF0200FB1D1A700F23FB1800221A702B
:10217000FB1D1B78180005F095FC031E01D0FF2302
:1021800002E00F23FB181B781800BD4604B080BD89
:10219000B0B586B000AFF860B9607A6017257B19DA
:1021A00000221A707C19FFF7CBFE030023707B1905
:1021B0001B78002B07D10C4B1A68FB681100180024
:1021C00012F06CFA0BE01723FB181B78FF2B06D1DB
:1021D000064B1A68FB681100180012F09AFA0023E7
:1021E0001800BD4606B0B0BDB4020020B802002001
:1021F000B0B588B000AFF860B9607A601F243B19B1
:1022000000221A701E257B1900221A7000237B61A0
:102210000023BB611423FA18FB680121180006F0A3
:102220008DFA0300BB61BB69180011F0E6FD0200E6
:1022300029007B181A7025003C197B181B781800A0
:10224000FFF7A2FE030023707B191B78002B07D138
:102250000C4B1A68FB681100180012F01FFA0BE013
:102260001F23FB181B78FF2B06D1074B1A68FB684E
:102270001100180012F04DFA00231800BD4608B0F6
:10228000B0BDC046BC020020C0020020F0B58DB039
:1022900000AFF860B9607A602F243B1900221A70F1
:1022A0000023BB6200237B6200233B621F257B1956
:1022B00000221A701E217B1800221A700023BB61B5
:1022C00000237B6100233B611823FA18FB6802217D
:1022D000180006F033FA0300BB621423FA18FB68F7
:1022E0000221180006F02AFA03007B621023FA1874
:1022F000FB680321180006F021FA03003B62BB6A69
:10230000180011F07AFD02001D23FB181A707B6A79
:10231000180011F072FD02002E007B191A703B6A42
:10232000180011F06AFD02001E217B181A702500AA
:102330003C197B181A78BB1919781D23FB181B78D8
:102340001800FFF73CFE030023707B191B78002B5D
:1023500007D10C4B1A68FB681100180012F09EF9A7
:102360000BE02F23FB181B78FF2B06D1064B1A68B6
:10237000FB681100180012F0CCF900231800BD46CC
:102380000DB0F0BDC4020020C8020020B0B588B076
:1023900000AFF860B9607A601F243B1900221A7000
:1023A0000023BB6117257B1900221A7000233B61B3
:1023B0001023FA18FB680121180006F0BFF903008A
:1023C000BB61BB69180011F018FD020029007B18E1
:1023D0001A7025003C197B181B781800FFF716FEB1
:1023E000030023707B191B78002B07D10C4B1A6854
:1023F000FB681100180012F051F90BE01F23FB18C5
:102400001B78FF2B06D1074B1A68FB6811001800D8
:1024100012F07FF900231800BD4608B0B0BDC046D9
:10242000CC020020D0020020B0B588B000AFF86028
:10243000B9607A601F243B1900221A700023BB6127
:1024400017257B1900221A7000233B611023FA180C
:10245000FB680221180006F071F90300BB61BB693B
:10246000180011F0CAFC020029007B181A70250020
:102470003C197B181B781800FFF7E2FD030023705E
:102480007B191B78002B07D10C4B1A68FB681100D5
:10249000180012F003F90BE01F23FB181B78FF2B29
:1024A00006D1074B1A68FB681100180012F031F9C9
:1024B00000231800BD4608B0B0BDC046D4020020BD
:1024C000D8020020B0B588B000AFF860B9607A607B
:1024D0001F243B1900221A700023BB6117257B19AA
:1024E00000221A7000233B611023FA187B68012137
:1024F000180006F023F90300BB61BB69180011F056
:102500007CFC020029007B181A7025003C197B18FE
:102510001B781800FFF7CEFD030023707B191B7892
:10252000002B07D10C4B1A68FB681100180012F041
:10253000B5F80BE01F23FB181B78FF2B06D1074BC8
:102540001A68FB681100180012F0E3F80023180065
:10255000BD4608B0B0BDC046DC020020E00200204D
:10256000B0B588B000AFF860B9607A601F257B19FC
:1025700000221A700023BB6117243B1900221A7035
:1025800000233B611023FA187B680121180006F034
:10259000D5F80300BB61BB69180011F02EFC0200E6
:1025A0003B191A703B191B78002B06D17C190020AF
:1025B000FFF7BAFD030023700BE01723FB181B780D
:1025C000012B06D11F23FC180120FFF7ADFD0300EE
:1025D00023701F23FB181B78002B07D10C4B1A68A4
:1025E000FB681100180012F059F80BE01F23FB18CC
:1025F0001B78FF2B06D1074B1A68FB6811001800E7
:1026000012F087F800231800BD4608B0B0BDC046E0
:10261000E4020020E8020020B0B588B000AFF86006
:10262000B9607A601F257B1900221A700023BB61F4
:1026300017243B1900221A7000233B611023FA185B
:102640007B680121180006F079F80300BB61BB69C3
:10265000180011F0D2FB02003B191A703B191B78CD
:10266000002B06D17C190120FFF778FD03002370B1
:102670000BE01723FB181B78012B06D11F23FC1836
:102680000020FFF76BFD030023701F23FB181B784E
:10269000002B07D10C4B1A68FB681100180011F0D1
:1026A000FDFF0BE01F23FB181B78FF2B06D1074B08
:1026B0001A68FB681100180012F02BF800231800AC
:1026C000BD4608B0B0BDC046EC020020F0020020BC
:1026D00080B584B000AFF860B9607A60BB689B00D9
:1026E000094A944663441B687F2293431900BB68E0
:1026F0009B00054A944663447A680A431A60C046C0
:10270000BD4604B080BDC0460008024080B582B01E
:1027100000AF214B9A6B204B01210A439A631E4B59
:102720009B6B012213407B607B681B4B9A6B1A4B9F
:1027300002210A439A63184B9B6B022213403B60B1
:102740003B68164A164B1100180000F03BF8154A7A
:10275000154B1100180000F035F8144A144B110005
:10276000180000F02FF8134A134B1100180000F066
:1027700029F8124A124B1100180000F023F8002229
:102780000021092009F084FF092009F096FFC046C6
:10279000BD4602B080BDC046001002401C00024091
:1027A000A839002030000240083A0020080002400A
:1027B000683A002044000240C83A00206C00024001
:1027C000283B002080B582B000AF786039607B681C
:1027D0003A681A607B6800229A607B680022DA609F
:1027E0007B6880221A617B6800225A617B68002224
:1027F0009A617B682022DA617B68802292011A62EA
:102800007B6818000AF0B8F9C046BD4602B080BD2A
:1028100080B582B000AF786039607B683A681A6032
:102820007B6800229A607B680022DA607B68002265
:102830001A617B6800225A617B6800229A617B687A
:102840002022DA617B68802252011A627B681800BC
:102850000AF092F9C046BD4602B080BD80B500AF17
:102860001A4B9B78002B05D1194A1A4B11001800FE
:1028700000F042F8154BDB78002B05D1164A174BB8
:102880001100180000F038F8104B1B79002B05D10F
:10289000134A144B1100180000F02EF80B4B5B7913
:1028A000002B05D1104A114B1100180000F024F83C
:1028B000064B9B79002B05D10D4A0E4B11001800D9
:1028C00000F01AF8C046BD4680BDC0462415002061
:1028D000A839002010260020083A0020A426002055
:1028E000683A002038270020C83A0020CC27002072
:1028F000283B00206028002080B582B000AF7860BF
:1029000039607B681800FFF787FA03005A1E13002E
:102910005B009B189B01054A99187B68C022180030
:102920000EF01AFEC046BD4602B080BDA01B0020BE
:1029300080B582B000AF78607B68DB6F180000F074
:1029400031F97B68DB6F00229A627B680022DA67CC
:10295000C046BD4602B080BDB0B586B000AFF860DD
:10296000B960BB1D1A8017257C19FB681800FFF79A
:1029700053FA030023707B191B785A1E13005B0067
:102980009B185B010D4A9B183B613A69FB6811007B
:10299000180000F079F9FB68882220219950BB6863
:1029A0001B6828331900BB1D1A88FB6818000EF03D
:1029B000D3FDC046BD4606B0B0BDC046A83C002011
:1029C00080B584B000AF0200FB1D1A70FB1D1B78A0
:1029D0005A1E13005B009B185B01124A9B18FB6098
:1029E000FB1D1B78180004F0F5FD0300BB60BB68FD
:1029F00018000EF017FEFB681B6800225A60FB1DD2
:102A00001B785A1E084B92000021D150FB1D1B78E9
:102A10005A1E064B92000021D150C046BD4604B05C
:102A200080BDC046A83C00207820002090200020D7
:102A300080B584B000AF0200FB1D1A70FB1D1B782F
:102A4000180004F0C7FD0300FB60FB1D1B785A1E35
:102A500013005B009B185B01074A9B18BB60FB6877
:102A600018000EF0DFFDBB681B6800225A60C046EC
:102A7000BD4604B080BDC0464839002080B582B054
:102A800000AF0200FB1D1A70FB1D1B781800FFF73A
:102A9000CFFFFB1D1B785A1E13005B009B185B01C8
:102AA000084A9818FB1D1B785A1E074913005B0043
:102AB0009B185B015B581900FFF7AAFEC046BD4694
:102AC00002B080BDA83C00204839002080B584B009
:102AD00000AF0200FB1D1A70FB1D1B781800FFF7EA
:102AE0006FFFFB1D1B78180004F074FD0300FB60F2
:102AF000FB1D1B785A1E13005B009B185B01254AC7
:102B00009818FB1D1B785A1E234913005B009B1865
:102B10005B015B581900FFF755FEFB68180004F0D5
:102B20008BF9FB1D1B785A1E1B4913005B009B1879
:102B30005B01CB1828331B681800FFF76DF9030001
:102B40001A00164B00219954FB1D1B785A1E12497E
:102B500013005B009B185B0100225A50FB1D1B7881
:102B60005A1E0F4B92000021D150FB1D1B781800FC
:102B700004F030FDFB1D1B785A1E13005B009B18F0
:102B80005B01044A9B181900FFF7B6FEC046BD461C
:102B900004B080BD48390020A83C00202415002046
:102BA0006020002080B582B000AF78607B681B6831
:102BB000294A934247D0284A934248D8274A934209
:102BC00041D0264A934242D8254A93423BD0244AD8
:102BD00093423CD8234A934231D0224A934236D87A
:102BE000214A93422BD0204A934230D81F4A934225
:102BF00029D01E4A93422AD81D4A934223D01C4A08
:102C0000934224D81B4A93421DD01A4A93421ED89D
:102C1000194A934217D0184A934218D8174A934238
:102C20000DD0164A934212D8154A934203D0154A42
:102C3000934204D00BE0092009F04FFD08E00A2080
:102C400009F04BFD04E00B2009F047FD00E0C04611
:102C5000C046BD4602B080BD580402404404024054
:102C6000300402401C04024008040240800002407C
:102C70006C00024058000240440002403000024014
:102C8000080002401C00024080B582B000AF7860AE
:102C900039607B681B68374A93420BD13B681B68DD
:102CA000354A934206D1354B322200211800FFF7F6
:102CB0000FFD53E07B681B68314A93420BD13B68A0
:102CC0001B68304A934206D12F4B34220121180051
:102CD000FFF7FEFC42E07B681B682C4A93420BD155
:102CE0003B681B682A4A934206D12A4B36220221AE
:102CF0001800FFF7EDFC31E07B681B68264A934221
:102D00000BD13B681B68254A934206D1244B3822DD
:102D100003211800FFF7DCFC20E07B681B68214AD8
:102D200093420BD13B681B681F4A934206D11F4B4D
:102D30004A2204211800FFF7CBFC0FE07B681B68D8
:102D40001B4A93420AD13B681B681A4A934205D139
:102D5000194B4C2205211800FFF7BAFC7B68802133
:102D60003A685A503B687A689A62C046BD4602B0DB
:102D700080BDC046003801400800024008400020E5
:102D8000004400401C0002400C400020004800406D
:102D90003000024010400020004C0040440002403F
:102DA000144000200050004058000240184000200D
:102DB000003C01406C0002401C40002080B500AF88
:102DC0000D4B0E4A1A600C4B1022DA600A4B00229F
:102DD0005A71094B00221A71074B00225A61064BA7
:102DE00000229A61044B03221A62034B180009F077
:102DF00091FCC046BD4680BD3840002000300240F6
:102E000080B584B000AF7860084B9A6B074B802187
:102E100049010A439A63054B9A6B80235B01134077
:102E2000FB60FB68C046BD4604B080BD0010024098
:102E300080B586B000AF78600A00BB1C1A800823FA
:102E4000FB1800221A607B68002B00D192E0BB1CAB
:102E50001B88002B00D18DE0BB1C1B88032B33D8B3
:102E60001623FB1800221A7000233B611BE0162278
:102E7000BB181B78BA18591C11701A007B689B1874
:102E800019780823FA183B69D3180A1C1A70BB1C5E
:102E9000BA1C1288013A1A80BB1C1B88002B06D072
:102EA0003B6901333B613B69032BE0DD00E0C04639
:102EB0000823F918324B0122180009F0D8FC02004F
:102EC0001723FB181A7051E0BB1C1B889B089BB290
:102ED0001A0079682A4B180009F0C9FC0200172370
:102EE000FB181A70BB1C1B88032213409BB2002BDB
:102EF0003CD0BB1C1B88DAB21623FB1803218A4383
:102F00001A70BB1CBA1C128803210A401A800023C5
:102F1000FB601BE01622BB181B78BA18591C1170F5
:102F20001A007B689B1819780823FA18FB68D318D5
:102F30000A1C1A70BB1CBA1C1288013A1A80BB1CEE
:102F40001B88002B06D0FB680133FB60FB68032B5A
:102F5000E0DD00E0C0460823F918094B0122180003
:102F600009F03EFC02001723FB181A701723FB1808
:102F70001B7800E000231800BD4606B080BDC046A7
:102F800038400020B0B584B000AF0A243B190622B7
:102F90001A8008257B1906221A800E23FB180022AE
:102FA0001A80BB1D00221A803B1D00221A800C23B0
:102FB000FB18012252421A80BB1C01221A800AF01F
:102FC0009BF9D14B1A683B191A80D04B1A687B19B0
:102FD0001A803B191B88CE4A93420CD080225202A1
:102FE000934200DBD8E2002B00D1DFE1C94A9342D3
:102FF00000D1AEE0D0E20823FB181B88002B36D1AD
:10300000C14A80231B02110018000AF0A7FAFA2314
:103010009B0018000AF0B0F903001A00BB1C1A80CC
:10302000BB1C1B88002B03D0BB4B5B689BB2D2E25E
:10303000BA4A80231B02110018000AF08FFAFA2303
:103040009B0018000AF098F903001A00BB1C1A80B4
:10305000BB1C1B88002B03D0AF4B5B689BB2BAE252
:10306000AF4B5A69AE4B02218A435A61A9E2082349
:10307000FB181B88A74A934254D1A34A80231B0202
:10308000110018000AF06AFAFA239B0018000AF0EF
:1030900073F903001A00BB1C1A80BB1C1B88002B91
:1030A00003D09D4B5B689BB295E29C4A80231B0238
:1030B000110018000AF052FAFA239B0018000AF0D7
:1030C0005BF903001A00BB1C1A80BB1C1B88002B79
:1030D00003D0914B5B689BB27DE2914B5A69904B58
:1030E00002218A435A618F4A01235B4287490120AA
:1030F0000AF0B4F8FA239B0018000AF03DF9030027
:103100001A00BB1C1A80BB1C1B88002B03D0824BEF
:103110005B689BB25FE2824B5A69814B01218A4313
:103120005A614EE2BC1C00F001FB03002380FA232D
:103130009B0018000AF020F903001A00BB1C1A803B
:10314000BB1C1B88002B00D13BE2734B5B689BB21E
:1031500041E20823FB181B88002B00D0A1E00E23BE
:10316000FB1801221A8044E06F4B1B889BB20E2192
:103170007A1812889A4204D10C23FB187A18128804
:103180001A800E257B191A880C23FB1800215B5E20
:103190009A4228D03C1D654A7B191B8811001800F3
:1031A00000F032FA030023803B1D1B88012B1AD04C
:1031B0005E4B1A88BC1D7B191B881100180000F09B
:1031C000A3FB03002380FA239B0018000AF0D4F825
:1031D00003001A00BB1C1A80BB1C1B88002B02D0EA
:1031E000BB1D1B88F7E10E217B181A887B18013262
:1031F0001A800E23FB181A888023DB009A42B3D969
:10320000484A01235B42404901200AF027F8FA238B
:103210009B0018000AF0B0F803001A00BB1C1A80CB
:10322000BB1C1B88002B03D03B4B5B689BB2D2E1DD
:103230003B4B5A693A4B01218A435A61334B19007F
:1032400004200AF08BF9FA239B0018000AF094F886
:1032500003001A00BB1C1A80BB1C1B88002B03D068
:103260002D4B5B689BB2B6E1314B190004200AF08C
:1032700075F9FA239B0018000AF07EF803001A0083
:10328000BB1C1A80BB1C1B88002B03D0224B5B6825
:103290009BB2A0E1224B5A69214B02218A435A6119
:1032A00091E10823FB181B88194A934267D1174BF9
:1032B000190004200AF052F9FA239B0018000AF0C2
:1032C0005BF803001A00BB1C1A80BB1C1B88002B78
:1032D00003D0114B5B689BB27DE1154B19000420B4
:1032E0000AF03CF9FA239B0018000AF045F80300A5
:1032F0001A00BB1C1A80BB1C1B88002B1AD0064B63
:103300005B689BB267E1C04600D8070800E8070881
:10331000FFFF0000EEEE00003CAD012000E00708DA
:10332000002002400000FFFF06D80708AC40002044
:1033300000F00708AA4B5A69A94B02218A435A6137
:10334000A84A01235B42A849012009F087FFFA231C
:103350009B0018000AF010F803001A00BB1C1A802A
:10336000BB1C1B88002B03D0A04B5B689BB232E1D7
:103370009B4B5A699A4B01218A435A6123E1BC1C39
:1033800000F0D4F903002380FA239B00180009F011
:10339000F3FF03001A00BB1C1A80BB1C1B88002B08
:1033A00000D110E1914B5B689BB214E10823FB183C
:1033B0001B88002B15D1BC1C00F0B8F9030023803A
:1033C000FA239B00180009F0D7FF03001A00BB1C6A
:1033D0001A80BB1C1B88002B00D1F6E0BB1C1B888D
:1033E000F9E00823FB181B88814A934232D1814BB4
:1033F000190004200AF0B2F8FA239B00180009F023
:10340000BBFF03001A00BB1C1A80BB1C1B88002BCF
:1034100003D0764B5B689BB2DDE0774B190004204C
:103420000AF09CF8FA239B00180009F0A5FF03009E
:103430001A00BB1C1A80BB1C1B88002B03D06B4BD3
:103440005B689BB2C7E0664B5A69654B02218A43B1
:103450005A61BAE00E23FB1801221A8044E0674B40
:103460001B889BB20E217A1812889A4204D10C2331
:10347000FB187A1812881A800E257B191A880C23DB
:10348000FB1800215B5E9A4228D03C1D5C4A7B19E8
:103490001B881100180000F0B7F8030023803B1DC3
:1034A0001B88012B1AD0564B1A88BC1D7B191B8810
:1034B0001100180000F028FA03002380FA239B0073
:1034C000180009F059FF03001A00BB1C1A80BB1C2E
:1034D0001B88002B02D0BB1D1B887CE00E217B18B3
:1034E0001A887B1801321A800E23FB181A88802351
:1034F000DB009A42B3D93B4A01235B423D4901209C
:1035000009F0ACFEFA239B00180009F035FF030018
:103510001A00BB1C1A80BB1C1B88002B03D0334B2A
:103520005B689BB257E02E4B5A692D4B01218A43B1
:103530005A612D4B190004200AF010F8FA239B0061
:10354000180009F019FF03001A00BB1C1A80BB1CED
:103550001B88002B03D0254B5B689BB23BE0294BBB
:103560001900042009F0FAFFFA239B00180009F063
:1035700003FF03001A00BB1C1A80BB1C1B88002B16
:1035800003D01A4B5B689BB225E0154B5A69144B6C
:1035900002218A435A6118E0BC1C00F0C7F80300FE
:1035A0002380FA239B00180009F0E6FE03001A00AE
:1035B000BB1C1A80BB1C1B88002B08D0BB1C1B88A3
:1035C00009E0C04604E0C04602E0C04600E0C04654
:1035D00009F0B6FE00231800BD4604B0B0BDC046D9
:1035E000002002400000FFFF00D807083CAD01208A
:1035F000FFFF000000E8070800F0070806E80708DA
:10360000AC40002000E00708B0B586B000AF020073
:103610003960BB1D1A800E217B1800221A800C23F2
:10362000FB18264A1A801623FB1801221A80002351
:103630003B610023BB600D007C18002000F01CF9EA
:10364000030023807B191B88AB2B01D1AB2330E017
:103650000E22BB181B881A498C466344DB02BB60F0
:10366000BB181B88174A94466344DB023B6118E091
:103670003A690C217B1812881A807A18BB1D1288AF
:103680001B889A420AD13B69083B1B889AB23B6867
:103690001A801623FB1800221A8007E03B69083BBA
:1036A0003B61BB6804333A699A42E1D81623FB18A0
:1036B0001B881800BD4606B0B0BDC0465555000079
:1036C000FB000100FD000100B0B584B000AF0200B6
:1036D000BB1D1A803B1D0A1C1A800E257B19002277
:1036E0001A8009F009FE7C193B1D1A88BB1D1B8836
:1036F0001100180000F008F9030023807B191B88D3
:10370000802B0AD17C193B1D1A88BB1D1B88110018
:10371000180000F0A9F90300238009F011FE0E2320
:10372000FB181B881800BD4604B0B0BD90B583B02F
:1037300000AFFB1D00221A7009F0DEFD474A80230E
:103740001B021100180009F009FFFC1DFA239B0061
:10375000180009F011FE03002370FB1D1B78002BDD
:1037600003D03F4B5B689BB274E03E4A80231B0250
:103770001100180009F0F2FEFC1DFA239B0018004E
:1037800009F0FAFD03002370FB1D1B78002B03D00A
:10379000334B5B689BB25DE0334B5A69324B02217D
:1037A0008A435A61314A01235B422C49012009F0C6
:1037B00055FDFC1DFA239B00180009F0DDFD0300F8
:1037C0002370FB1D1B78002B03D0254B5B689BB23D
:1037D00040E0254B5A69244B01218A435A6109F084
:1037E000AFFD234A80231B021100180009F0B6FE2A
:1037F000FC1DFA239B00180009F0BEFD0300237096
:10380000FB1D1B78002B03D0154B5B689BB221E09E
:10381000184A80231B021100180009F09FFEFC1DAE
:10382000FA239B00180009F0A7FD03002370FB1D7D
:103830001B78002B03D00A4B5B689BB20AE00A4B53
:103840005A69094B01218A435A6109F079FDFB1D30
:103850001B789BB21800BD4603B090BD00D8070886
:103860003CAD012000E00708002002400000FFFFFF
:1038700000E8070800F0070880B584B000AF020038
:10388000FB1D1A700623FB600623BB601B4B1B88C5
:103890009BB2FB601A4B1B889BB2BB60FB1D1B7865
:1038A000002B19D0012B23D1BB68002B07D1FB685B
:1038B000144A934201D100231BE0022319E0FB6864
:1038C000002B07D1BB680F4A934201D1022310E0BD
:1038D00000230EE0AB230CE0FB68002B01D100239A
:1038E00007E0BB68002B01D1022302E0AB2300E01C
:1038F00000231800BD4604B080BDC04600D80708AC
:1039000000E80708EEEE0000F0B589B000AF020055
:103910000E23FB181A800C23FB180A1C1A80132391
:1039200008215B18DB1900221A7010267318DB19A6
:1039300000221A800023FB6100237B6109F0DCFC7C
:1039400008217318DE190120FFF796FF030033806A
:10395000102608217318DB191B88AB2B01D1AB2370
:1039600075E0102208201318DB191B883A498C4691
:103970006344DB02FB611318DB191B880233DB0293
:10398000364A944663447B615AE0FB691B68013305
:1039900053D10C23FB181B889BB21C0000231D0075
:1039A000F96922002B00012009F058FC1325082694
:1039B000AB19DC19FA239B00180009F0DDFC0300A9
:1039C0002370AB19DB191B78002B03D0244B5B68E9
:1039D0009BB23CE0234B5A69224B01218A435A6136
:1039E000FB69083319000E23FB181B889BB23B6050
:1039F00000237B603A687B68012009F02FFC1325C7
:103A00000826AB19DC19FA239B00180009F0B4FC56
:103A100003002370AB19DB191B78002B03D0104B6C
:103A20005B689BB213E00F4B5A690E4B01218A432E
:103A30005A610B4B5B689BB209E0FB690833FB6181
:103A4000FA697B699A42A0D309F07AFC80231800B6
:103A5000BD4609B0F0BDC046FB000100FED7070817
:103A60003CAD012000200240F0B589B000AF02005B
:103A7000BB1D1A803B1D0A1C1A801923FB1800224B
:103A80001A7000237B610023FB6112243B19002282
:103A90001A801A23FB1800221A801023FB18002218
:103AA0001A800E23FB1800221A8009F025FC25003D
:103AB0003C190020FFF7E0FE030023807B191B88E0
:103AC000022B04D1664B7B61664BFB610BE012233A
:103AD000FB181B88002B04D1624B7B61604BFB61A0
:103AE00001E0AB23B7E019257C19FA239B001800ED
:103AF00009F042FC030023707B191B78002B03D0D4
:103B0000594B5B689BB2A6E0584B5A69574B012151
:103B10008A435A6110257C193B1D1A88BB1D1B88DE
:103B200011001800FFF7F0FE030023807B191B88AB
:103B3000002B02D07B191B888DE01A23FB18012271
:103B40001A802EE01A257A19BB1D12881B889A420A
:103B500021D00E26BC19464A7B191B88110018007B
:103B6000FFF752FD03002380BB191B88012B12D0E5
:103B70003F4B1A881026BC197B191B8811001800AE
:103B8000FFF7C2FE03002380BB191B88002B02D065
:103B9000BB191B885FE01A217B181A887B18013239
:103BA0001A801A23FB181A888023DB009A42C9D98D
:103BB000FB691900042009F0D1FC19257C19FA23AE
:103BC0009B00180009F0D8FB030023707B191B78B9
:103BD000002B03D0244B5B689BB23CE0FB69802246
:103BE0001201944663441900042009F0B7FC19251A
:103BF0007C19FA239B00180009F0BEFB0300237018
:103C00007B191B78002B03D0174B5B689BB222E01B
:103C1000164B5A69154B02218A435A6119257C19A2
:103C2000FA239B00180009F0A7FB030023707B19FF
:103C30001B78002B03D00C4B5B689BB20BE00B4B4B
:103C40005A690A4B01218A435A6109F079FB192309
:103C5000FB181B789BB21800BD4609B0F0BDC046EA
:103C600000D8070800E807083CAD0120002002400A
:103C7000AC400020B0B588B000AF78601F23FB18BF
:103C800000221A700C217B1802221A607B187A68B5
:103C90009A607B180122DA601E257C190823FA1825
:103CA0007B181100180009F0D5FB030023707B1965
:103CB0001B78002B02D1BB68013302D0044B1622C3
:103CC0001A701F23FB181B781800BD4608B0B0BD42
:103CD000F617002080B58AB000AF1423FB18180037
:103CE00014231A00002110F0E8FA214B5A6B204BE4
:103CF00004210A435A631E4B5B6B042213403B6151
:103D00003B691B4B5A6B1A4B01210A435A63184BF0
:103D10005B6B01221340FB60FB68154B5A6B144B25
:103D200008210A435A63124B5B6B08221340BB60A5
:103D3000BB680F4B5A6B0E4B02210A435A630C4B64
:103D40005B6B022213407B607B68094B5A6B084B0C
:103D500020210A435A63064B5B6B202213403B60D1
:103D60003B6800F007F8C046BD460AB080BDC046BB
:103D70000010024080B586B000AF3B1D802252018A
:103D80001A603B1D01225A603B1D00229A603B1DB8
:103D90000222DA603A1DA023DB051100180009F0A9
:103DA000A9FCC046BD4606B080BD0000F0B593B08A
:103DB00002AF534B5A6B524B01210A435A63504B8B
:103DC0005B6B012213403B613B694D4B5A6B4C4B83
:103DD00002210A435A634A4B5B6B02221340FB6089
:103DE000FB68474B5A6B464B04210A435A63444BCA
:103DF0005B6B04221340BB60BB68414B5A6B404B6A
:103E000008210A435A633E4B5B6B082213407B60D8
:103E10007B682423F8181A257A192823F9181823FF
:103E2000FB1800930300012000F06EF81C23F81823
:103E30001623FA182023F9181426BB19009303003F
:103E4000062000F061F82C217B1801225A607B18B3
:103E500000229A607B191B881A007B181A60BB6AC3
:103E60001A000C007B181900100009F043FC210017
:103E70007B1800225A607B1802229A60BB191B88AB
:103E80001A007B181A60FB691A007B1819001000D1
:103E900009F030FCBB6A18007B191B88002219004E
:103EA00009F089FE052002F07FFEFB691A00BB19AC
:103EB0001B881900100009F061FE031E17D1BB6AB0
:103EC00018007B191B880122190009F074FE0520D7
:103ED00002F06AFEFB691A00BB191B88190010006A
:103EE00009F04CFE0300012B01D1012304E0054B36
:103EF000012252421A6000231800BD4611B0F0BDE5
:103F000000100240F07F002080B586B000AFB9609D
:103F10007A603B600F217B18021C1A701723FB1874
:103F200000221A707B181B78180003F053FB030063
:103F30003B613A693D4B9A4210D1BB68A022D20541
:103F40001A607B68802292001A803B68A022D2050A
:103F50001A603B6A8022D2001A8060E03A69344BD2
:103F60009A420ED1BB68A022D2051A607B68042257
:103F70001A803B68A022D2051A603B6A08221A8088
:103F80004DE03A692B4B9A420ED1BB682A4A1A601F
:103F90007B688022D2001A803B68274A1A603B6AFD
:103FA000802212011A803AE03A69244B9A420ED1DB
:103FB000BB68A022D2051A607B6801221A803B6888
:103FC000A022D2051A603B6A02221A8027E03A69D1
:103FD0001B4B9A420CD1BB681A4A1A607B680822B4
:103FE0001A803B68174A1A603B6A04221A8016E05E
:103FF0003A69154B9A420ED1BB680F4A1A607B682A
:10400000802252001A803B680B4A1A603B6A802269
:1040100092001A8003E01723FB18FF221A7017235F
:10402000FB181B781800BD4606B080BD7C2500201B
:1040300010260020A426002000040050382700206D
:10404000CC270020000C00506028002080B584B0F0
:1040500000AF78600A00BB1C1A807B68002B0BD075
:10406000BB1C19887B680122180009F0A4FD0F23EE
:10407000FB1800221A7003E00F23FB18FF221A70AE
:104080000F23FB181B781800BD4604B080BD80B517
:1040900084B000AF78600A00BB1C1A807B68002BDC
:1040A0000BD0BB1C19887B680022180009F083FD27
:1040B0000F23FB1800221A7003E00F23FB18FF22C6
:1040C0001A700F23FB181B781800BD4604B080BD82
:1040D00090B589B000AF0C243B19180014231A00C6
:1040E000002110F0EAF8344B5A6B334B01210A439C
:1040F0005A63314B5B6B01221340BB60BB682E4B94
:104100005A6B2D4B02210A435A632B4B5B6B0222E5
:1041100013407B607B68284B5A6B274B08210A436E
:104120005A63254B5B6B082213403B603B68234B73
:1041300000220221180009F03EFD214B0022F82147
:10414000180009F038FD3B1902221A603B19882239
:1041500052035A603B1900229A603B19184A190011
:10416000100009F0C7FA3B1902221A603B1901221C
:104170005A603B1900229A603B190022DA603B1911
:104180000E4A1900100009F0B5FA21007B18F82238
:104190001A607B1801225A607B1800229A607B18F3
:1041A0000022DA607B18064A1900100009F0A2FA12
:1041B000C046BD4609B090BD00100240000C005042
:1041C0000004005080B500AF154B164A1A60144B1E
:1041D000154A5A60124B00229A60114B0122DA6094
:1041E0000F4B00221A610E4B00225A610C4B002229
:1041F0009A610B4B0022DA61094B00221A62084BCC
:10420000180009F011FD064B002118000AF0C0F853
:10421000034B002118000AF007F9C046BD4680BDD7
:1042200000410020005800405D3E3020B0B59CB0F9
:1042300000AF78605C243B19180014231A00002199
:1042400010F03BF810257B1918004C231A000021B0
:1042500010F033F87B681B68204A93423AD17B19EF
:1042600040221A607B190022DA617B1918000BF0DA
:1042700065F91B4B5A6B1A4B01210A435A63184BC1
:104280005B6B01221340FB60FB683B19C022D2012B
:104290001A6021007B1812225A607B1800229A6053
:1042A0007B180322DA607B1808221A617B180D4AFA
:1042B0001900100009F01EFA094BDA6B084B802137
:1042C000C9030A43DA63064BDA6B8023DB0313402E
:1042D000BB60BB68C046BD461CB0B0BD00580040C6
:1042E0000010024000040050F0B589B002AFF86041
:1042F00008007A6019000A257B19021C1A80082020
:104300003B180A1C1A801726BB1900221A70FB687A
:10431000002B13D07B68002B10D03B181C887A68C8
:104320007B191988F8680A230093230009F012FD0D
:10433000031E07D1BB1900221A7003E01723FB18D4
:10434000FF221A701723FB181B781800BD4607B010
:10435000F0BD000080B500AF104B114A1A600F4B42
:10436000802292005A600D4B00229A600B4B002273
:10437000DA600A4B802292001A61084B094A5A619E
:10438000064B00229A61054B18000AF099F8031EAB
:1043900001D001F09DFEC046BD4680BDA441002075
:1043A0000030014044AC000090B59DB000AF786093
:1043B0005C23FB18180014231A0000210FF07DFF66
:1043C00010243B1918004C231A0000210FF075FF30
:1043D0007B681B683C4A934272D13B1980221201D0
:1043E0001A603B1900221A623B1918000BF0A6F85C
:1043F000031E01D001F06CFE344B1A6C334B80214C
:1044000049010A431A64314B1A6C80235B01134043
:10441000FB60FB682D4B5A6B2C4B01210A435A63FE
:104420002A4B5B6B01221340BB60BB685C217B188D
:10443000F0221A607B1802225A607B1800229A60D0
:104440007B180022DA607B1800221A617A18A023F8
:10445000DB051100180009F04DF91D4B1D4A1A60CB
:104460001B4B11225A601A4B10229A60184B0022E3
:10447000DA60174B80221A61154B802252005A6174
:10448000134B8022D2009A61114B2022DA61104B2B
:1044900000221A620E4B180008F06EFB031E01D0BA
:1044A00001F016FE7B680A4ADA62094B7A689A6262
:1044B00000220021192008F0EBF8192008F0FDF87F
:1044C000C046BD461DB090BD003001400010024006
:1044D000E04100200800024080B582B000AF020039
:1044E000FB1D1A70C046BD4602B080BD90B587B0B6
:1044F00002AF0F23FB1800221A700E23FB180022B4
:104500001A700D23FB1801221A7000F0B5FB0D2064
:104510003B181A78C2491300DB009B18CB180133F3
:104520001B78002B01D100F08EFBBE4B1B780122C3
:104530005340DBB2002B07D03B181A78B849130060
:10454000DB009B1800225A543C1DBA1C0823F918A2
:104550000D23FB1818783B0000932300FFF7D4FCD1
:10456000BB681800BB1C1B880022190009F023FB44
:104570000A2002F0F5FA7B681A003B001B8819003C
:10458000100009F0FBFA031E16D1BB681800BB1C13
:104590001B880122190009F00EFB0A2002F0E0FA44
:1045A0007B681A003B001B880F217C181900100043
:1045B00009F0E4FA03002370BB681800BB1C1B88D9
:1045C0000022190009F0F7FA0D23FB181A78944914
:1045D0001300DB009B18CB1801331B78042B44D04D
:1045E00057DC032B2DD054DC012B02D0022B14D02E
:1045F0004FE00F23FB181B78012B04D10E23FB186F
:1046000004221A7047E00F23FB181B78002B42D1BD
:104610000E23FB1803221A703DE00F23FB181B78B2
:10462000012B04D10E23FB1804221A7035E00F234E
:10463000FB181B78002B30D10E23FB1803221A70B5
:104640002BE00F23FB181B78012B04D10E23FB1842
:1046500002221A7023E00F23FB181B78002B1ED1B7
:104660000E23FB1801221A7019E00F23FB181B7888
:10467000012B04D10E23FB1801221A7011E00F2325
:10468000FB181B78002B0CD10E23FB1802221A708A
:1046900007E0C04606E0C04604E0C04602E0C0466F
:1046A00000E0C0460E22BB181B78042B03D0BB18B9
:1046B0001B78022B19D10D217B181A785A4B9200C6
:1046C000D3585A4A934209D87B181B78564A990006
:1046D0008A58511C544A9B00995006E00D23FB1840
:1046E0001A78514B92000021D1500E22BB181B7832
:1046F000032B03D0BB181B78012B40D10D217B1855
:104700001A784B4B9200D358484A934209D87B18E9
:104710001B78474A99008A58511C454A9B0099507A
:1047200006E00D23FB181A78414B92000021D1506E
:10473000404B1B78022B11D10D217B181B783E4A70
:10474000D25C3E4B5B799A4208D87B181B783A4A78
:10475000D25C0132D1B2384AD15410E00D217B181D
:104760001B78354AD25C354B5B799A4207D9314B7D
:1047700000221A707B181B782F4A0021D1540D217A
:104780007B181A78284B9200D3582C4A12889342EF
:1047900000D294E07B181A78234B9200D358274A12
:1047A0001288934211D108007B181A781C49130013
:1047B000DB009B1807225A543B181B781A4A9900B1
:1047C0008A58511C184A9B0099500D217B181A7861
:1047D000174B9200D358194A1288934205D97B1877
:1047E0001A78134B92000021D1500D217B181A78B2
:1047F0000D4B9200D358114A528893423ED97B18F0
:104800001A78094B9200D258FA235B009A4235D2AB
:10481000084B1B78002B13D1064B01221A704DE078
:104820009042002010430020D0420020FEFF0000F4
:10483000EC420020A1430020084300200415002082
:10484000D94B1B78022B39D10D217B181B78D74A05
:10485000D25CD74B1B799A4230D97B181B78D34A4C
:10486000D25CD34B5B799A4228D2CF4B03221A7089
:104870007B181B78CD4A0021D1541FE00D217B18F5
:104880001A78CC4B9200D258FA235B009A4216D386
:104890007B181A78C74B9200D358C74A93420ED858
:1048A000C14B1B78002B02D0BF4B00221A700D2386
:1048B000FB181B78180000F0EFF900E0C0460D214E
:1048C0007B181A78BD4B9200D358B94A128893428C
:1048D00000D277E07B181A78B84B9200D358B44ACC
:1048E0001288934211D108007B181A78B44913003A
:1048F000DB009B1808225A543B181B78AF4A9900DA
:104900008A58511CAD4A9B0099500D217B181A788A
:10491000A84B9200D358A64A1288934205D97B1817
:104920001A78A44B92000021D1500D217B181A78DF
:10493000A24B9200D3589E4A5288934229D97B18A1
:104940001A789E4B9200D258FA235B009A4220D2EA
:10495000954B1B78012B0BD17B181A7898491300C3
:10496000DB009B1805225A548F4B02221A7028E054
:104970008D4B1B78032B24D10D23FB181A789049FB
:104980001300DB009B1806225A54874B00221A7032
:1049900017E00D217B181A78884B9200D258FA2321
:1049A0005B009A420ED37B181A78844B9200D3583E
:1049B000814A934206D87B181B78180000F0EAF968
:1049C00000E0C0460D23FB181A787D491300DB0078
:1049D0009B185B5C053B092B00D936E19A00794BAB
:1049E000D3181B689F460D243B191B781800FFF74E
:1049F00073FD3B191A7872491300DB009B180022E3
:104A00005A5433E10D243B191B78180001F0A6FB22
:104A10003B191A786A491300DB009B1800225A548C
:104A200024E1694B1B7801225340DBB2002B00D1FB
:104A30000DE10D203B181A7861491300DB009B182B
:104A4000CB1808331B781A000123134000D1FEE075
:104A50005D4B01221A703B181B78180001F088FB8F
:104A6000F5E0594B1B7801225340DBB2002B00D1FB
:104A7000EFE00D203B181A7851491300DB009B181A
:104A8000CB1808331B781A000223134000D1E0E052
:104A90004D4B01221A703B181B78180001F072FB75
:104AA000D7E0494B1B7801225340DBB2002B00D1E9
:104AB000D1E00D203B181A7841491300DB009B1808
:104AC000CB1808331B781A000423134000D1C2E02E
:104AD0003D4B01221A703B181B780121180001F090
:104AE0005BFBB8E0384B1B7801225340DBB2002B54
:104AF00000D1B2E00D203B181A7831491300DB00D9
:104B00009B18CB1808331B781A000823134000D1D8
:104B1000A3E02D4B01221A703B181B7802211800CC
:104B200001F03AFB99E0284B1B7801225340DBB29D
:104B3000002B00D193E00D203B181A782049130078
:104B4000DB009B18CB1808331B781A001023134086
:104B500000D184E01C4B01221A703B181B78032102
:104B6000180001F019FB7AE0174B1B780122534023
:104B7000DBB2002B00D174E00D203B181A781049ED
:104B80001300DB009B18CB1808331B781A00202376
:104B9000134066D00C4B01221A703B181B78012180
:104BA000180001F006FB5CE0A14300200843002050
:104BB00004150020D0420020FEFF0000EC4200203F
:104BC0009042002024D6020810430020304B1B786E
:104BD00001225340DBB2002B45D00D203B181A7840
:104BE0002C491300DB009B18CB1808331B781A00E4
:104BF0004023134037D0264B01221A703B181B78F4
:104C00000221180001F0D5FA2DE0214B1B7801227A
:104C10005340DBB2002B28D00D203B181A781D49D9
:104C20001300DB009B18CB1808331B785BB2002BFA
:104C30001BDA174B01221A703B181B78032118004E
:104C400001F0B7FA11E0C04610E0C0460EE0C046E1
:104C50000CE0C0460AE0C04608E0C04606E0C04698
:104C600004E0C04602E0C04600E0C0460D217B18CB
:104C70001A787B1801321A700D23FB181B78062B4B
:104C800000D844E4C046C046BD4605B090BDC0460D
:104C9000104300209042002080B586B000AF020093
:104CA000FB1D1A701723FB1800221A70FB1D1A78BF
:104CB00036491300DB009B18CB1802331B783B618D
:104CC000FB1D1A7831491300DB009B18CB18033306
:104CD0001B78FB60FB1D1A782C491300DB009B1826
:104CE000CB1804331B78BB603A6913005B019B1A35
:104CF0009B009B18DB003B61FA6813005B019B1A69
:104D00009B009B18DB00FB60BA6813005B019B1AD9
:104D10009B009B18DB00BB60FB1D1A781C4B9200AC
:104D2000D3583A699A4208D1FB1D1A7817491300E3
:104D3000DB009B1809225A5420E0FB1D1A78144B03
:104D40009200D358FA689A4208D1FB1D1A780F498D
:104D50001300DB009B180A225A540FE0FB1D1A783F
:104D60000B4B9200D358BA689A4207D1FB1D1A78B0
:104D700006491300DB009B180A225A541723FB181C
:104D80001B781800BD4606B080BDC046904200208A
:104D9000D042002080B586B000AF0200FB1D1A7023
:104DA0001723FB1800221A70FB1D1A7836491300CE
:104DB000DB009B18CB1805331B783B61FB1D1A7871
:104DC00031491300DB009B18CB1806331B78FB60BE
:104DD000FB1D1A782C491300DB009B18CB180733F6
:104DE0001B78BB603A6913005B019B1A9B009B1800
:104DF000DB003B61FA6813005B019B1A9B009B1868
:104E0000DB00FB60BA6813005B019B1A9B009B18D8
:104E1000DB00BB60FB1D1A781C4B9200D3583A692B
:104E20009A4208D1FB1D1A7817491300DB009B1822
:104E30000C225A5420E0FB1D1A78144B9200D358D0
:104E4000FA689A4208D1FB1D1A780F491300DB005B
:104E50009B180D225A540FE0FB1D1A780B4B920041
:104E6000D358BA689A4207D1FB1D1A780649130035
:104E7000DB009B180D225A541723FB181B781800CF
:104E8000BD4606B080BDC04690420020EC420020E6
:104E9000F0B58FB002AF0200FB1D1A70BB1D0A1CDB
:104EA0001A702F23FB1800221A702E23FB180022E1
:104EB0001A708C4B1B78002B0FD0BB1D1A788A4BB5
:104EC0009200D358180003F03DFBBB1D1A78874BA6
:104ED0009200D358180003F035FBBB1D1B78844AA1
:104EE0000421D1547F4B1B78002B08D0BB1D1B78AD
:104EF000180002F06FFB030018000CF03BF91023C0
:104F0000FC180E257A191423F918BB1D18780C26E5
:104F1000BB1900932300FEF7F7FF7B191B881A00CB
:104F200018243B191A603B1901225A603B190022D0
:104F30009A603B190022DA607B691A003B1919005C
:104F4000100008F0D7FBBB191B881A003B191A6028
:104F50003B1900225A603B1902229A603B691A00F1
:104F60003B191900100008F0C5FBBB1D1A786149F8
:104F70001300DB009B18CB180133FA1D12781A704E
:104F8000BB1D1B783A339BB29B009BB22C257C192E
:104F90000A26BA1911001800FEF736FB0300238019
:104FA0007B191B88002B57D1BB191B881B0A9AB28F
:104FB0002E217B181A707B181B781B09DBB2BA1DD7
:104FC00012789A4209D17B181B780F221A40FB1DD8
:104FD0001B789A4201D100237FE0BB1D1B781B0385
:104FE0001AB2FB1D1B781B021BB213431BB29AB2F1
:104FF0000A217B181A80BB1D1B783A339BB29B0099
:105000009AB27B181B8819001000FEF75DFBBB1DD0
:105010001B783A339BB29B009BB201339BB20021B9
:105020001800FEF751FBBB1D1B783A339BB29B0067
:105030009BB202339BB200211800FEF745FBBB1D5B
:105040001B783A339BB29B009BB203339BB2002187
:105050001800FEF739FB3DE0BB1D1B781B031AB29D
:10506000FB1D1B781B021BB213431BB29AB20A2111
:105070007B181A80BB1D1B783A339BB29B009AB2F7
:105080007B181B8819001000FEF71EFBBB1D1B7848
:105090003A339BB29B009BB201339BB200211800B4
:1050A000FEF712FBBB1D1B783A339BB29B009BB2F1
:1050B00002339BB200211800FEF706FBBB1D1B78D4
:1050C0003A339BB29B009BB203339BB20021180082
:1050D000FEF7FAFA2F23FB181B781800BD460DB017
:1050E000F0BDC046F9170020142200203022002015
:1050F0002415002090420020B0B586B000AF020019
:10510000FB1D1A701723FB1800221A70FB1D1A785A
:1051100072491300DB009B18CB18013300221A7070
:10512000FB1D1A786D491300DB009B1800225A54AE
:10513000FB1D1A7869491300DB009B18CB18083354
:1051400000221A70FB1D1A7864491300DB009B18BB
:10515000CB18023300221A70FB1D1A785F49130026
:10516000DB009B18CB18033300221A70FB1D1A7842
:105170005A491300DB009B18CB18043300221A7025
:10518000FB1D1A7855491300DB009B18CB1805331B
:1051900000221A70FB1D1A7850491300DB009B187F
:1051A000CB18063300221A70FB1D1A784B491300E6
:1051B000DB009B18CB18073300221A70FB1D1B78ED
:1051C0003A339BB29B009BB214257C190E22BA186D
:1051D00011001800FEF718FA030023807B191B88C2
:1051E000002B2DD1FB1D1B783A339BB29B009BB249
:1051F00000211800FEF768FAFB1D1B783A339BB2BA
:105200009B009BB201339BB200211800FEF75CFAB1
:10521000FB1D1B783A339BB29B009BB202339BB2BF
:1052200000211800FEF750FAFB1D1B783A339BB2A1
:105230009B009BB203339BB200211800FEF744FA97
:10524000FB1D1B78180002F0C5F903003B613B69A8
:105250001B68234A934202D101F0CAFC2BE03B6950
:105260001B68204A934202D101F00AFD23E03B690A
:105270001B681D4A934202D101F02EFD1BE03B69E1
:105280001B681A4A934202D101F052FD13E03B69B8
:105290001B68174A934202D101F076FD0BE03B698F
:1052A0001B68144A934202D101F09AFD03E01723D0
:1052B000FB18FF221A70FB1D1B780F4A0021D154E6
:1052C0000E493B69012218000CF0E0F81723FB1887
:1052D0001B781800BD4606B0B0BDC0469042002005
:1052E000003801400044004000480040004C0040AD
:1052F00000500040003C014024150020F21700201F
:10530000F0B585B000AF05000C0010001900FB1DC2
:105310002A1C1A70BB1D221C1A707B1D021C1A70DD
:105320003B1D0A1C1A700F23FB1800221A70FB1D6C
:105330001A78D2491300DB009B18CB1801331B7875
:10534000002B02D10B2300F092FBFB1D1A78CB49F6
:105350001300DB009B18CB1802333A1D12781A7029
:10536000FB1D1A78C5491300DB009B18CB18DA1C0B
:10537000202308201B18DB191B781370FB1D1A78DB
:10538000BE491300DB009B18CB18043324221218EB
:10539000D21912781A70FB1D1A78B8491300DB0075
:1053A0009B18CB18053328221218D21912781A70BC
:1053B000FB1D1A78B1491300DB009B18CB1806338C
:1053C0002C221218D21912781A70FB1D1A78AB49C8
:1053D0001300DB009B18CB18073330221218D219A8
:1053E00012781A7034221318DB191B78012B08D09D
:1053F0001318DB191B78002B1AD1BB1D1B78002B4F
:1054000016D0FB1D1A789D491300DB009B18CB18A2
:1054100008331B78FA1D127801210B43D8B2974943
:105420001300DB009B18CB180833021C1A7020E015
:10543000342308229B18DB191B78002B19D1BB1DC4
:105440001B78002B15D1FB1D1A788C491300DB004B
:105450009B18CB1808331B78FA1D127801218B4357
:10546000D8B286491300DB009B18CB180833021C06
:105470001A70342208215318DB191B78012B08D02D
:105480005318DB191B78002B1AD17B1D1B78002BBE
:1054900016D0FB1D1A7879491300DB009B18CB1836
:1054A00008331B78FA1D127802210B43D8B27349D6
:1054B0001300DB009B18CB180833021C1A7020E085
:1054C000342308229B18DB191B78002B19D17B1D74
:1054D0001B78002B15D1FB1D1A7868491300DB00DF
:1054E0009B18CB1808331B78FA1D127802218B43C6
:1054F000D8B262491300DB009B18CB180833021C9A
:105500001A70342208215318DB191B78012B08D09C
:105510005318DB191B78002B1AD13B1D1B78002B6D
:1055200016D0FB1D1A7855491300DB009B18CB18C9
:1055300008331B78FA1D127804210B43D8B24F4967
:105540001300DB009B18CB180833021C1A7020E0F4
:10555000342308229B18DB191B78002B19D13B1D23
:105560001B78002B15D1FB1D1A7844491300DB0072
:105570009B18CB1808331B78FA1D127804218B4333
:10558000D8B23E491300DB009B18CB180833021C2D
:105590001A70342208215318DB191B78012B0AD00A
:1055A0005318DB191B78002B1CD120235B18DB1947
:1055B0001B78002B16D0FB1D1A7830491300DB0036
:1055C0009B18CB1808331B78FA1D127808210B435F
:1055D000D8B22A491300DB009B18CB180833021CF1
:1055E0001A7022E0342308229B18DB191B78002B49
:1055F0001BD120239B18DB191B78002B15D1FB1D19
:105600001A781E491300DB009B18CB1808331B784F
:10561000FA1D127808218B43D8B218491300DB0019
:105620009B18CB180833021C1A7034220821531817
:10563000DB191B78012B0AD05318DB191B78002BC0
:105640001ED124235B18DB191B78002B18D0FB1DFF
:105650001A780A491300DB009B18CB1808331B7813
:10566000FA1D127810210B43D8B204491300DB0055
:105670009B18CB180833021C1A7024E090420020BB
:10568000342308229B18DB191B78002B1BD1242301
:105690009B18DB191B78002B15D1FB1D1A786B4961
:1056A0001300DB009B18CB1808331B78FA1D127807
:1056B00010218B43D8B265491300DB009B18CB182F
:1056C0000833021C1A70342208215318DB191B7886
:1056D000012B0AD05318DB191B78002B1CD128236F
:1056E0005B18DB191B78002B16D0FB1D1A78574965
:1056F0001300DB009B18CB1808331B78FA1D1278B7
:1057000020210B43D8B251491300DB009B18CB1862
:105710000833021C1A7022E0342308229B18DB197C
:105720001B78002B1BD128239B18DB191B78002B1F
:1057300015D1FB1D1A7845491300DB009B18CB18C7
:1057400008331B78FA1D127820218B43D8B23F49C9
:105750001300DB009B18CB180833021C1A7034228C
:1057600008215318DB191B78012B0AD05318DB19B9
:105770001B78002B1CD12C235B18DB191B78002B0A
:1057800016D0FB1D1A7831491300DB009B18CB188B
:1057900008331B78FA1D127840210B43D8B22B49ED
:1057A0001300DB009B18CB180833021C1A7022E090
:1057B000342308229B18DB191B78002B1BD12C23C8
:1057C0009B18DB191B78002B15D1FB1D1A781F497C
:1057D0001300DB009B18CB1808331B78FA1D1278D6
:1057E00040218B43D8B219491300DB009B18CB181A
:1057F0000833021C1A70342208215318DB191B7855
:10580000012B0AD05318DB191B78002B20D1302331
:105810005B18DB191B78002B1AD0FB1D1A780B497B
:105820001300DB009B18CB1808331B78FA1D127885
:10583000802149420B43D8B204491300DB009B1876
:10584000CB180833021C1A7025E0C0469042002095
:10585000342308229B18DB191B78002B1BD1302323
:105860009B18DB191B78002B15D1FB1D1A78824978
:105870001300DB009B18CB1808331B78FA1D127835
:105880007F210B40D8B27C491300DB009B18CB185A
:105890000833021C1A70FB1D1B783A339BB29B0025
:1058A0009BB20C26BC1908257A1911001800FDF7C7
:1058B000ABFE03002380BB191B88002B00D0D1E076
:1058C0002C003B191B881B0A9AB20B257B191A70F6
:1058D0003B191B88D9B2FB1D1A7867481300DB00FF
:1058E0009B18C31808331B7899421ED07B191B786C
:1058F0001B0219B2FB1D1A785F481300DB009B18CE
:10590000C31808331B781BB20B431BB29AB23B1966
:105910001A80FB1D1B783A339BB29B009AB23B194D
:105920001B8819001000FDF7CFFEFB1D1B783A33D2
:105930009BB29B009BB201339BB208243A19110021
:105940001800FDF761FE3B191B8819003B1D1B78F1
:105950001A02282408256319DB191B78134399427E
:1059600015D0FB1D1B783A339BB29B009BB20133D1
:1059700098B23B1D1B781B021AB26319DB191B7806
:105980001BB213431BB29BB21900FDF79DFEFB1D1A
:105990001B783A339BB29B009BB202339BB2082424
:1059A0003A1911001800FDF72FFE3B191B8819004A
:1059B00020240826A319DB191B781A022C25AB1901
:1059C000DB191B781343994216D0FB1D1B783A3321
:1059D0009BB29B009BB2023398B2A319DB191B78D0
:1059E0001B021AB2AB19DB191B781BB213431BB293
:1059F0009BB21900FDF768FEFB1D1B783A339BB282
:105A00009B009BB203339BB208243A191100180083
:105A1000FDF7FAFD3B191B88190024240826A31959
:105A2000DB191B781A023025AB19DB191B781343DD
:105A3000994219D0FB1D1B783A339BB29B009BB255
:105A4000033398B2A319DB191B781B021AB2AB19E6
:105A5000DB191B781BB213431BB29BB21900FDF775
:105A600033FE01E00B2302E00F23FB181B78180024
:105A7000BD4605B0F0BDC0469042002080B500AFE5
:105A8000C046BD4680BD000080B582B000AF0200B8
:105A90003960FB1D1A70FB1D1B78022B03D0FB1D08
:105AA0001B78032B31D11B4B01221A70FB1D1B7875
:105AB000180001F08FFD030018000BF05BFBFB1DCD
:105AC0001B78013B144A0621D154FB1D1B7818009A
:105AD00001F080FD02003B681900100000F0B2FAEE
:105AE0000300DAB20D4B1A703A68FB1D1B781100E7
:105AF000180000F0F1FA03001A00094B1A70094B64
:105B00001B78002B01D1FFF7B9FFC046BD4602B09C
:105B100080BDC046A04300202415002084430020FF
:105B2000954300209443002090B585B000AFB96044
:105B30007A600F243B19021C1A70384B1B78012B1A
:105B40005CD13B191B78180001F044FD0200BB68D2
:105B50001900100000F076FA0300DAB2304B1A7028
:105B6000BA683B191B781100180000F0B5FA030061
:105B70001A002C4B1A702A4B1B781A002A4B1A60F9
:105B8000294B01225A60284B06229A60264A274B4D
:105B90001100180006F0B0F9031E01D000F098FAC9
:105BA000224B180006F07EF8204B6421180006F006
:105BB00003F91E4B180006F093F90100194B1B78EE
:105BC0001A0089B21A4B5200D152184B180006F035
:105BD000B7F8134B1B781A00134B1A60124B0222B2
:105BE0005A60114B06229A600F4A104B11001800A0
:105BF00006F082F9031E01D000F06AFA094B1B7807
:105C00001A000B4B5200D35A1800EBF7E1F9021CB3
:105C10007B681A60C046BD4605B090BD9443002025
:105C20008443002095430020784300201443002043
:105C300088430020B0B582B000AF78603960694B0E
:105C40001B78002B01D1FFF719FF674B674A1A60D9
:105C5000654B01225A60644B02229A60624A644B8F
:105C60001100180006F048F9031E01D000F030FAC8
:105C70005F4B180006F016F85D4B6421180006F023
:105C80009BF85B4B180006F02BF903009AB2594BB6
:105C90001A80584B1B881800ECF76CFF564A574B7C
:105CA000ECF716F902000B00100019000022544B0B
:105CB000EBF70CFD02000B0010001900514A524B8B
:105CC000ECF772FB02000B00100019004F4A504B1A
:105CD000EBF7FCFC02000B001000190000224D4BFA
:105CE000EBF7B8F902000B0010001900ECF7E0FF29
:105CF000021C7B681A603E4B180006F021F83A4BF4
:105D00003A4A1A60384B02225A60374B02229A6094
:105D1000354A374B1100180006F0EEF8031E01D08B
:105D200000F0D6F9304B3C4A1A602F4B01225A60E2
:105D30002D4B06229A602C4A2D4B1100180006F0BC
:105D4000DBF8031E01D000F0C3F9294B180005F061
:105D5000A9FF274B6421180006F02EF8244B1800E9
:105D600006F0BEF803009AB22C4B1A802C4B1B880D
:105D70001800ECF7FFFE204A204BECF7A9F80200D0
:105D80000B0014001D00254B1B881800ECF7F2FED9
:105D900002000B0020002900EBF798FC02000B002A
:105DA00010001900ECF784FF021C3B681A60104BCE
:105DB000180005F0C5FF0C4B174A1A600A4B022267
:105DC0005A60094B02229A60074A094B11001800D9
:105DD00006F092F8031E01D000F07AF9C046BD46E5
:105DE00002B0B0BD9443002078430020001000B002
:105DF00014430020904300206666666666660A408B
:105E000000FEAF408FC2F5285C8FF63F333333334B
:105E10003333114000003940002000B49243002089
:105E2000BAF7FF1F80B588B000AF02003960FB1DD4
:105E30001A70FB1D1B78022B04D0FB1D1B78032B53
:105E400000D0E1E0734B1B78002B57D1FFF716FE13
:105E5000FB1D1B78180001F0BDFB030018000BF0C0
:105E600089F9FB1D1B78032B24D1A023DB0510210E
:105E7000180007F0ABFD0C217B1810221A607B186C
:105E800001225A607B180222DA607A18A023DB050F
:105E90001100180007F02EFCFB1D1B78013B5E4A29
:105EA0000621D154A023DB0501221021180007F0A0
:105EB00082FE23E0A023DB050421180007F086FD05
:105EC0000C217B1804221A607B1801225A607B186F
:105ED0000222DA607A18A023DB051100180007F00F
:105EE00009FCFB1D1B78013B4B4A0621D154A02322
:105EF000DB0501220421180007F05DFEFB1D1B7865
:105F0000180001F067FB0200444B1900100000F07C
:105F100099F80300DAB2424B1A70414B1B781A0011
:105F2000404B1A603F4B01225A603E4B02229A605E
:105F30003C4A3D4B1100180005F0DEFF031E01D066
:105F400000F0C6F8384B180005F0ACFE364B642163
:105F5000180005F031FF344B180005F0C1FF0300B5
:105F60001800EBF735F8021C304B1A602F4B1B68FA
:105F7000181CECF755FE2E4A2E4BEBF7A9FF02003A
:105F80000B001000190000222B4BEBF79FFB0200C7
:105F90000B0010001900ECF78BFE021C234B1A605B
:105FA000224B1B682549181CEAF71EFD031C181C10
:105FB000ECF736FE1E4A1F4BEBF788FB02000B0086
:105FC00010001900ECF774FE021C1D4B1A601C4BEC
:105FD0001A683B681A60144B180005F0B1FE104BAC
:105FE0001B781A000F4B1A600E4B02225A600D4BA1
:105FF00002229A600B4A0C4B1100180005F07CFF3E
:10600000031E01D000F064F8C046181CBD4608B05D
:1060100080BDC04694430020241500204CD60208C1
:10602000844300207843002014430020984300203C
:106030006666666666660A4000FEAF400000C842BB
:106040009C43002080B582B000AF786039607B68E7
:106050001B68174A934205D13A68164B9A4201D100
:10606000154B20E07B681B68114A934205D13A68C2
:10607000124B9A4201D1124B15E07B681B68114A02
:10608000934205D13A680B4B9A4201D10E4B0AE07C
:106090007B681B680B4A934205D13A68074B9A42CA
:1060A00001D10A4BFFE71800BD4602B080BDC046D3
:1060B0000044004054D60208040000084CD60208F0
:1060C0000800000C003C01401000001020000014EB
:1060D00080B500AFFEE7000080B582B000AF0200DF
:1060E0003960FB1D1A70FB1D1B78022B07D13A6823
:1060F000174B9A4203D1174B00221A7022E0FB1D66
:106100001B78022B07D13A68134B9A4203D1114BEB
:1061100001221A7016E0FB1D1B78032B07D13A6889
:106120000B4B9A4203D10B4B02221A700AE0FB1D63
:106130001B78032B06D13A68074B9A4202D1054BD4
:1061400003221A70034B1B781800BD4602B080BDB5
:1061500054D60208954300204CD6020880B582B080
:1061600000AF0200FB1D1A70C046BD4602B080BDE4
:1061700080B582B000AF0200FB1D1A70C046BD465C
:1061800002B080BD80B582B000AF0200FB1D1A7066
:10619000C046BD4602B080BD80B582B000AF0200EF
:1061A000FB1D1A70BB1D0A1C1A70C046BD4602B00A
:1061B00080BD80B582B000AF0200FB1D1A70BB1D10
:1061C0000A1C1A70C046BD4602B080BD80B500AF43
:1061D000BFF34F8FC046044B044ADA60BFF34F8FC2
:1061E000C046C046FDE7C04600ED00E00400FA05E9
:1061F00080B500AFFEE780B500AF05F0EDFB02F023
:10620000D3F9C046BD4680BD80B584B002AF0B4B0C
:106210007B600B4B18787968FF230093FF231122D2
:1062200001F026F9064B1878064B1968FF230093F6
:10623000FF230F2201F01CF9FFF7C8FF70D60208F8
:10624000F81700202003002080B582B000AF0023A3
:106250007B60074B18000BF079FA7B68002B03D0AA
:10626000044B802252051A60C046BD4602B080BD74
:106270007C25002004ED00E080B582B000AF002353
:106280007B60074B18000BF061FA7B68002B03D092
:10629000044B802252051A60C046BD4602B080BD44
:1062A0001026002004ED00E080B582B000AF00238E
:1062B0007B600D4B18000BF049FA0C4B18000BF0EB
:1062C00045FA0B4B18000BF041FA0A4B18000BF083
:1062D0003DFA7B68002B03D0074B802252051A60E1
:1062E000C046BD4602B080BDA4260020382700204D
:1062F000CC2700206028002004ED00E080B584B0A9
:1063000000AF78600023FB607B68DB6F002B03D05D
:106310007B681800FCF70CFB7B681800FBF77CFD22
:1063200003001A00064B9200D3580C22BA18110031
:10633000180003F04CF8C046BD4604B080BDC0460E
:1063400030220020B0B584B000AF78607B6888222E
:10635000202199500F257C197B681800FBF75CFD04
:106360000300237029007B181B78254AD35C022B7D
:1063700013D17B181B785A1E224B9200D3581B68EE
:10638000283319007B6880229B581B685B689AB28F
:106390007B6818000BF0E0F82EE00F243B191B7807
:1063A000013B194A0021D1543B191B78013B174A84
:1063B0000021D1543B191B785A1E13005B009B1817
:1063C0009B01134A9B18C022002118000DF075FF95
:1063D0003B191B785A1E13005B009B189B010C4A4B
:1063E00099187B68C02218000BF0B6F83B191B788F
:1063F000013B084A0121D154C046BD4604B0B0BD9E
:106400002415002060200020D0140020D814002083
:10641000A01B0020A820002080B582B000AF7860CB
:1064200080239B000D480022190007F0C4FB7B6805
:106430001B680B4A93420DD10A4B1B78012B09D1E3
:1064400080231A010849094B180008F03DF9054B53
:1064500000221A70C046BD4602B080BD0004005044
:10646000003801401E030020F8280020A44100202D
:1064700080B582B000AF786080235B0014480022B2
:10648000190007F098FB7B681B68124A93421BD1E6
:1064900080235B000E480122190007F08CFB80234B
:1064A0009B000B480122190007F085FB80231A018D
:1064B00009490A4B18000AF0E9FFFA239B00084932
:1064C000064801220AF09EFEC046BD4602B080BDCD
:1064D0000004005000300140F82800207C250020F6
:1064E000B002002080B582B000AF786080235B00EE
:1064F00014480022190007F05EFB7B681B68124AF3
:1065000093421BD180235B000E480122190007F043
:1065100052FB80239B000B480122190007F04BFB24
:1065200080231A0109490A4B18000AF0AFFFFA2329
:106530009B000849064801220AF064FEC046BD4699
:1065400002B080BD0004005000300140F83000204F
:106550007C250020B002002080B586B002AF7860B4
:1065600039600B4BFB600B4B1878F968FF230093E5
:10657000FF23102200F07CFF064B1878064B1968A9
:10658000FF230093FF230F2200F072FFFFF71EFE90
:1065900084D60208F81700202003002080B584B0BC
:1065A00002AF0B4B7B600B4B18787968FF2300938D
:1065B000FF23142200F05CFF064B1878064B196885
:1065C000FF230093FF230F2200F052FFFFF7FEFD91
:1065D00098D60208F81700202003002080B500AFED
:1065E000034B18000AF074FBC046BD4680BDC04690
:1065F0000444002080B500AF034B180006F0B6FC41
:10660000C046BD4680BDC046E041002080B500AF19
:10661000034B180008F004F9C046BD4680BDC046D3
:10662000A441002080B500AF294BDA6D284B8021B2
:1066300009020A43DA65274B274A1A60254B0022D4
:106640009A60244B7C22DA60224B244A1A61214B47
:1066500000225A611F4B00229A611E4B0022DA6110
:106660001C4B8022D2051A621A4B00225A62194B27
:10667000180009F0C1FE031E01D0FF2325E0154BD1
:10668000012118000AF056FA0300154A934202D07D
:1066900000F02AF811E00E4B1A6E80231B05134000
:1066A00002D0104B00221A70094B1A6E8023DB04B3
:1066B000134002D00B4B01221A70054B1A6E044B8B
:1066C000802109040A431A6600231800BD4680BDD4
:1066D00000100240A044002000280040CF07000026
:1066E000F2320000CC440020B0B58EB000AF0C21D7
:1066F0007B185A4A31CA31C33B00594A11CA11C3E7
:1067000012781A700C003B19093318000DF075FB54
:1067100002003523FB181A703B1900229A713B19AD
:10672000043318000DF069FB02003423FB181A70C3
:106730003B190022DA703623FB1800221A7019E088
:1067400036243B191A78474B9200D2580C23FB1879
:1067500011001800E9F7D8FC031E05D13723FB18F8
:106760003A19127801321A7036217B181A787B1880
:1067700001321A703623FB181B780B2BE0D93B0033
:10678000063318000DF039FB02003323FB181A7092
:106790000C243B1900225A713B00033318000DF002
:1067A0002CFB02003223FB181A703B1900229A704E
:1067B0003B0018000DF021FB02003123FB181A707A
:1067C0002C217B183522BA181278DA707B18372200
:1067D000BA1812785A707B183422BA1812789A7044
:1067E0007B1801221A7079181F4B0022180009F03B
:1067F000B1FF031E01D0FF232CE018217B183122AA
:10680000BA1812781A707B183222BA1812785A7095
:106810007B183322BA1812789A707B180022DA702B
:10682000124B18225A737B180022DA607B18002260
:106830001A6179180C4B0022180009F087FE031E1C
:1068400001D0FF2306E00A4A074B012118000AF095
:1068500054F900231800BD460EB0B0BDB8D60208EA
:10686000C4D6020854000020A044002004150020D3
:10687000F2320000B0B588B000AF05000C00100087
:106880001900FB1D2A1C1A70BB1D221C1A703B1D0F
:10689000021C1A80FB1C0A1C1A703B1D1B88DBB2F1
:1068A0003033DAB21C217B18DA707B18FA1D1278AB
:1068B0005A707B18BA1D12789A707B18FA1C1278DD
:1068C0001A707918324B0022180009F043FF031E9A
:1068D00001D0FF2358E008217B1838203A1812789D
:1068E0001A707B183422BA1812785A707A1830232A
:1068F000FB181B7893707B1800221A613B181B78D9
:106900000C2B02D9234B18225A733C23FB181B78FB
:10691000012B07D10823FB180022DA701D4B0C2233
:106920005A730FE03C23FB181B78022B07D1082376
:10693000FB180122DA70174B0C225A7302E0154B38
:1069400018225A730823F918114B0022180009F075
:10695000FDFD031E01D0FF2316E00E4B5B7B1B02E7
:106960001AB20C4B1B791BB213431BB29AB28D2384
:106970005B0011001800FCF7A7FE074A044B012139
:1069800018000AF0BAF800231800BD4608B0B0BDE0
:10699000A044002004150020F232000090B587B01A
:1069A00000AF39001F4B0022180009F077FE1424B5
:1069B00039191C4B0022180009F05EFF3B00DB7800
:1069C000DB09DBB20133DAB2174BDA743B005B68E8
:1069D0005B089AB2144BDA813B009A78124B1A7416
:1069E0003B005A78104B5A743B001A780E4B9A743D
:1069F0003B199A780C4B5A753B195A780A4B9A7581
:106A00003B191A78084B1A753B19DB789BB2FA22AE
:106A1000D200944663449AB2034B1A83C046BD46E3
:106A200007B090BDA04400200415002080B584B0BC
:106A300000AF174B1A6C164B802189020A431A6467
:106A4000134B1A6C80239B0213403B603B68114B35
:106A5000114A1A600F4B2F225A600E4B00229A6087
:106A60000C4B0E4ADA600B4B00221A61094B0022D4
:106A70005A61084B00229A61064B18000AF075F81B
:106A8000044B18000AF0CAF8C046BD4604B080BDE9
:106A9000001002403445002000440140FFFF000088
:106AA00080B584B000AF174B1A6C164B8021C90219
:106AB0000A431A64134B1A6C8023DB0213403B60B9
:106AC0003B68114B114A1A600F4B114A5A600E4B2A
:106AD00000229A600C4B0F4ADA600B4B00221A61BD
:106AE000094B00225A61084B00229A61064B18009C
:106AF0000AF03BF8044B18000AF090F8C046BD4677
:106B000004B080BD001002408045002000480140D4
:106B10007FBB0000FFFF000080B584B000AF78604D
:106B20007B681A688023DB059A4213D10B4BDA6B22
:106B30000A4B01210A43DA63084BDB6B0122134045
:106B4000FB60FB68002201210F2005F0A1FD0F2052
:106B500005F0B3FDC046BD4604B080BD0010024044
:106B600080B584B000AF0200BB1D1A800023FB601B
:106B700002F066F8BB1D1B88002B0DD0094B1B686B
:106B80005B6AFB60C046074B1B685A6AFB68D21AF7
:106B9000BB1D1B889A42F6D902F064F8C046BD4678
:106BA00004B080BD3445002080B584B000AF020041
:106BB000BB1D1A800023FB6002F042F8BB1D1B883E
:106BC000002B0DD0094B1B685B6AFB60C046074B6E
:106BD0001B685A6AFB68D21ABB1D1B889A42F6D9F9
:106BE00002F040F8C046BD4604B080BD804500209C
:106BF00080B500AF1F4B204A1A601E4B1F4A5A60D7
:106C00001C4B00229A601B4B0022DA60194B0022B9
:106C10001A61184B0C225A61164B00229A61154BCF
:106C20000022DA61134B00221A62124B00229A6290
:106C3000104B18000AF048FA0E4B002118000CF017
:106C4000ECFF031E01D0FFF743FA0A4B00211800A6
:106C50000DF022F8031E01D0FFF73AFA054B180099
:106C60000CF09EFF031E01D0FFF732FAC046BD466E
:106C700080BDC0467C2500200038014060E82A0025
:106C800080B500AF124B134A1A60114BE122120378
:106C90005A600F4B00229A600D4B0022DA600C4BB9
:106CA00000221A610A4B0C225A61094B00229A6198
:106CB000074B0022DA61064B00221A62044B0022C5
:106CC0009A62034B18000AF0FFF9C046BD4680BD2A
:106CD000102600200044004080B500AF124B134A3C
:106CE0001A60114BE12212035A600F4B00229A6086
:106CF0000D4B0022DA600C4B00221A610A4B0C2269
:106D00005A61094B00229A61074B0022DA61064B57
:106D100000221A62044B00229A62034B18000AF008
:106D2000D3F9C046BD4680BDA426002000480040DF
:106D300080B500AF124B134A1A60114BE1221203C7
:106D40005A600F4B00229A600D4B0022DA600C4B08
:106D500000221A610A4B0C225A61094B00229A61E7
:106D6000074B0022DA61064B00221A62044B002214
:106D70009A62034B18000AF0A7F9C046BD4680BDD1
:106D800038270020004C004080B500AF124B134A5A
:106D90001A60114BE12212035A600F4B00229A60D5
:106DA0000D4B0022DA600C4B00221A610A4B0C22B8
:106DB0005A61094B00229A61074B0022DA61064BA7
:106DC00000221A62044B00229A62034B18000AF058
:106DD0007BF9C046BD4680BDCC2700200050004056
:106DE00080B500AF124B134A1A60114BE122120317
:106DF0005A600F4B00229A600D4B0022DA600C4B58
:106E000000221A610A4B0C225A61094B00229A6136
:106E1000074B0022DA61064B00221A62044B002263
:106E20009A62034B18000AF04FF9C046BD4680BD78
:106E300060280020003C0140B0B5A6B000AF7860EB
:106E400084243B19180014231A0000210DF035FA90
:106E500038257B1918004C231A0000210DF02DFA5B
:106E60007B681B68F04A93425BD17B1901221A6050
:106E70007B1900225A607B19180008F05FFBEB4B6E
:106E80001A6CEA4B8021C9010A431A64E74B1A6C59
:106E90008023DB0113407B637B6BE44B5A6BE34B3A
:106EA00001210A435A63E14B5B6B012213403B63B0
:106EB0003B6B3B19802292001A603B1902225A60F8
:106EC0003B1900229A603B190022DA603B1901222B
:106ED0001A613A19A023DB051100180006F00AFC1C
:106EE00021007B188022D2001A607B1802225A608F
:106EF0007B1800229A607B180022DA607B1801223E
:106F00001A617A18A023DB051100180006F0F2FBC5
:106F1000002200211B2005F0BBFB1B2005F0CDFB50
:106F200090E27B681B68C24A934200D081E038211E
:106F30007B1802221A607B1800229A607B181800C6
:106F400008F0FCFAB94BDA6BB84B802189020A438E
:106F5000DA63B64BDA6B80239B021340FB62FB6A59
:106F6000B24B5A6BB14B01210A435A63AF4B5B6B77
:106F700001221340BB62BB6A84243B1904221A60BD
:106F80003B1902225A603B1900229A603B190022E9
:106F9000DA603B1901221A613A19A023DB051100BE
:106FA000180006F0A7FB21007B1808221A607B1846
:106FB00002225A607B1800229A607B180022DA6055
:106FC0007B1801221A617A18A023DB051100180032
:106FD00006F090FB974B984A1A60964B34225A6001
:106FE000944B00229A60934B0022DA60914B8022EE
:106FF0001A61904B00225A618E4B00229A618D4B90
:107000002022DA618B4B00221A628A4B180005F0AD
:10701000B3FD7B688021874A5A50864B7A689A6212
:10702000002200211C2005F033FB1C2005F045FB4D
:1070300008E27B681B68814A934200D082E03821D5
:107040007B1804221A607B180022DA607B18180073
:1070500008F074FA754BDA6B744B8021C9020A434D
:10706000DA63724BDA6B8023DB0213407B627B6A4C
:107070006E4B5A6B6D4B02210A435A636B4B5B6B31
:10708000022213403B623B6A84217B188022D2009B
:107090001A600C003B1902225A603B1900229A60C8
:1070A0003B190022DA603B1904221A613B19644A39
:1070B0001900100006F01EFB21007B18802212012F
:1070C0001A607B1802225A607B1800229A607B1893
:1070D0000022DA607B1804221A617B18584A1900D2
:1070E000100006F007FB574B574A1A60554B3622E3
:1070F0005A60544B00229A60524B0022DA60514B86
:1071000080221A614F4B00225A614E4B00229A6135
:107110004C4B2022DA614B4B00221A62494B18007B
:1071200005F02AFD7B688021464A5A50454B7A6813
:107130009A62002200211D2005F0AAFA1D2005F008
:10714000BCFA7FE17B681B68404A934200D083E031
:10715000364BDA6B354B802109030A43DA63334B34
:10716000DA6B80231B031340FB61FB6984243B190A
:1071700001221A603B1902225A603B1900229A60D0
:107180003B190022DA603B1904221A613A19A02344
:10719000DB051100180006F0ADFA21007B18022271
:1071A0001A607B1802225A607B1800229A607B18B2
:1071B0000022DA607B1804221A617A18A023DB050A
:1071C0001100180006F096FA214B224A1A60204B53
:1071D00038225A601E4B00229A601D4B0022DA6052
:1071E0001B4B80221A611A4B00225A61184B002255
:1071F0009A61174B2022DA61154B00221A62144B58
:10720000180005F0B9FC7B688021114A5A50104BD8
:107210007A689A62002201211D2005F039FA1D20AA
:1072200005F04BFA0EE1C046003801400010024064
:1072300000440040844600201C00024000480040FA
:1072400000040050E446002030000240004C0040A2
:1072500044470020440002407B681B687B4A9342FD
:1072600074D17B4BDA6B7A4B802149000A43DA6395
:10727000774BDA6B80235B001340BB61BB69744BB7
:107280005A6B734B08210A435A63714B5B6B08229C
:1072900013407B617B6984243B1908221A603B19E7
:1072A00002225A603B1900229A603B190022DA60E0
:1072B0003B1903221A613B19664A1900100006F0B7
:1072C00019FA21007B1804221A607B1802225A60E6
:1072D0007B1800229A607B180022DA607B18032258
:1072E0001A617B185B4A1900100006F003FA5A4B2A
:1072F0005A4A1A60584B4A225A60574B00229A60E9
:10730000554B0022DA60544B80221A61524B002206
:107310005A61514B00229A614F4B2022DA614E4B49
:1073200000221A624C4B180005F026FC7B68802175
:10733000494A5A50484B7A689A62002200211D201F
:1073400005F0A6F91D2005F0B8F97BE07B681B6805
:10735000434A934276D13E4BDA6B3D4B8021890004
:107360000A43DA633A4BDA6B80239B0013403B619C
:107370003B69374B5A6B364B02210A435A63344BF5
:107380005B6B02221340FB60FB6884217B18802228
:1073900052001A600C003B1902225A603B1900226D
:1073A0009A603B190022DA603B1908221A613B19E6
:1073B0002C4A1900100006F09DF921007B1880224C
:1073C00092001A607B1802225A607B1800229A6091
:1073D0007B180022DA607B1808221A617B18214A88
:1073E0001900100006F086F91F4B204A1A601E4B48
:1073F0004C225A601C4B00229A601B4B0022DA6020
:10740000194B80221A61184B00225A61164B002238
:107410009A61154B2022DA61134B00221A62124B3B
:10742000180005F0A9FB7B6880210F4A5A500E4BCB
:107430007A689A62002200211D2005F029F91D209A
:1074400005F03BF9C046BD4626B0B0BD0050004037
:1074500000100240000C0050A447002058000240D9
:10746000003C014000040050044800206C00024031
:10747000B0B586B000AFB96011007B600F243B1936
:10748000021C1A700C23FB180A1C1A801723FB1805
:1074900001221A703B191B78180000F09BF8031E9C
:1074A00032D03B191A781C4B9200D3587A681100DD
:1074B000180000F0FDFF031E26D113E00F23FB1878
:1074C0001B78180000F086F805001723FC18B86A2E
:1074D0000C23FB181A88B9680300280009F092FEF3
:1074E000030023701722BB181B78002B03D0BB1896
:1074F0001B78032BE2D10F23FB181A78064B92005E
:10750000D358180001F01EF81723FB181B78180039
:10751000BD4606B0B0BDC04630220020F0B587B0F1
:1075200000AFB96011007B600F243B19021C1A7078
:107530000C257B190A1C1A801726BB1901221A7008
:107540003B191B78180000F045F8031E19D03B19B1
:107550001A780F4B9200D3587A681100180000F087
:10756000A7FF031E0DD13B191B78180000F032F85D
:10757000BC197B191A88BB68190009F0DFFE0300EB
:1075800023701723FB181B781800BD4607B0F0BD09
:107590003022002090B585B000AF02003960FB1D9D
:1075A0001A700F243B1900221A70FB1D1B7818005B
:1075B00000F010F80300BB60BB683A685A60BB6813
:1075C000180009F081FD3B191B781800BD4605B075
:1075D00090BD000080B582B000AF0200FB1D1A70A4
:1075E000FB1D1B78062B0ED89A00094BD3181B687D
:1075F0009F46084B08E0084B06E0084B04E0084BA8
:1076000002E0084B00E000231800BD4602B080BD38
:10761000D8D6020810260020A426002038270020F3
:10762000CC2700206028002080B582B000AF7860B1
:107630000A00FB1C1A707B68002B54D0FB1C1B78C3
:10764000012B26D17B681800FAF7E6FB0300013B0B
:10765000802212021A411100254B1B785A1E254B1D
:107660005200D35A1AB20BB2134319B2204B1B78F3
:107670005A1E89B21F4B5200D1527B6808229A626F
:107680007B68802212029A637B68180009F01CFD57
:1076900029E0FB1C1B78002B25D17B681800FAF72A
:1076A000BBFB0300013B802212021A411300D943A5
:1076B0000F4B1B785A1E0F4B5200D35A1BB20AB203
:1076C000134019B20A4B1B785A1E89B2094B52005B
:1076D000D1527B6808229A627B6800229A637B6899
:1076E000180009F0F1FCC046BD4602B080BDC0469E
:1076F000B10000201C46002080B582B000AFFB1D09
:1077000000221A70BB1D01221A7035E0204B1B7835
:10771000BA1D12789A4211D0BB1D1B78002213218A
:107720001800F3F799FC3220FFF73EFA194B1B784B
:10773000002B1CD0FB1D02221A7018E07B1D0122B9
:107740001A7010E0124B1B78591E114B1B785A1EF1
:10775000114B4900C95A104B5200D1527B1D1A7867
:107760007B1D01321A707B1D1B78062BEAD9BB1DCD
:107770001A78BB1D01321A70084B1B78BA1D12789B
:107780009A42C3D9FB1D1B781800BD4602B080BDCC
:10779000B1000020F61700201C460020B000002099
:1077A00080B586B000AF0200FB1D1A700F23FB18D6
:1077B00000221A701623FB1800221A8001233B6155
:1077C00018E03B69DBB21800FFF704FF03009A6B77
:1077D00080231B029A420AD11622BB181B88BA18B2
:1077E000591C11801A003B69D9B20C4B99543B6962
:1077F00001333B613B69062BE3DD1623FB181A8836
:10780000FB1D1B7814211800F3F726FC0F23FB182F
:107810001B781800BD4606B080BDC046C4170020C6
:107820001748854600F0F0FD16481749174A00230F
:1078300002E0D458C4500433C4188C42F9D3144A1B
:10784000144C002301E013600432A242FBD312481F
:107850001249026800608A4205D000F0D5FD0CF0A4
:10786000D9FA0CF0B9FA0E480E4901600E480D49DC
:1078700001600E4801688D4640680047FEE7000041
:107880000040022000000020A40D00203CDF020880
:10789000B00D002098AD0120F03F0220EFBEADDE1C
:1078A0004010024001000000000001400000FF1FE6
:1078B000FEE7000080B582B000AF0200FB1D1A7029
:1078C000FB1D1B78032B3ED04FDC022B29D04CDC58
:1078D000002B02D0012B12D047E0334B10211800AF
:1078E000FCF7D5FB031E01D0FF2358E02E4B0821E7
:1078F0001800FCF7CCFB031E49D0FF234FE02A4BB6
:1079000010211800FCF7C3FB031E01D0FF2346E043
:10791000254B08211800FCF799FB031E39D0FF23E3
:107920003DE0214B10211800FCF790FB031E01D015
:10793000FF2334E01C4B08211800FCF7A8FB031EB2
:1079400029D0FF232BE0184B10211800FCF77EFBF9
:10795000031E01D0FF2322E0134B08211800FCF77F
:1079600075FB031E19D0FF2319E00F4B10211800DF
:10797000FCF78DFB031E01D0FF2310E00A4B08210A
:107980001800FCF784FB031E08D0FF2307E0C04665
:1079900004E0C04602E0C04600E0C04600231800F4
:1079A000BD4602B080BDC0460004005080B582B024
:1079B00000AF0200FB1D1A70FB1D1B78042B08D0C2
:1079C0004FDC032B17D04CDC012B26D0022B36D0FA
:1079D00047E0334B40211800FCF759FB031E01D050
:1079E000FF2358E02E4B20211800FCF750FB031E0C
:1079F00049D0FF234FE02A4B40211800FCF747FBFA
:107A0000031E01D0FF2346E0254B20211800FCF780
:107A10001DFB031E39D0FF233DE0214B4021180000
:107A2000FCF714FB031E01D0FF2334E01C4B202184
:107A30001800FCF72CFB031E29D0FF232BE0184B6A
:107A400040211800FCF702FB031E01D0FF2322E0B7
:107A5000134B20211800FCF7F9FA031E19D0FF235D
:107A600019E00F4B40211800FCF711FB031E01D059
:107A7000FF2310E00A4B20211800FCF708FB031E2F
:107A800008D0FF2307E0C04604E0C04602E0C0463D
:107A900000E0C04600231800BD4602B080BDC046CD
:107AA0000004005080B582B000AF0200FB1D1A70C8
:107AB000FB1D1B78002B02D0012B09D011E0114BCC
:107AC00080211800FCF7E3FA031E13D0FF2315E012
:107AD0000C4B80211800FCF7B9FA031E0CD0FF23D1
:107AE0000CE0084B80211800FCF7B0FA031E04D00C
:107AF000FF2303E0C04600E0C04600231800BD4657
:107B000002B080BD0004005080B582B000AF02001A
:107B1000FB1D1A70FB1D1B78002B02D0012B09D016
:107B200011E0114B02211800FCF7B1FA031E13D02B
:107B3000FF2315E00C4B02211800FCF787FA031E07
:107B40000CD0FF230CE0084B02211800FCF77EFA52
:107B5000031E04D0FF2303E0C04600E0C04600231C
:107B60001800BD4602B080BD000C005080B582B048
:107B700000AF0200FB1D1A70BB1D0A1C1A7000200A
:107B8000FFF790FF031E01D0FF2319E0FB1D1B78B8
:107B90001800FFF78FFE031E01D0FF2310E0BB1D6E
:107BA0001B781800FFF702FF031E01D0FF2307E038
:107BB0000120FFF777FF031E01D0FF2300E0002321
:107BC0001800BD4602B080BD80B500AF294B1A78C1
:107BD0007F210A401A70274B1A7840218A431A7075
:107BE000244B1A7820210A431A70224B1A7810214C
:107BF0000A431A701F4B1A7808218A431A701D4BCA
:107C00001A7804218A431A701B4B1A7807218A4379
:107C10001A70194B1A7808218A431A70164B1A7871
:107C200010218A431A70154B08221A70114B1A78CA
:107C3000124B5A70114A124802233021FCF754FBB0
:107C4000031E01D0FF2311E00C4B09221A700A4BCE
:107C50001A780A4B5A70094A094802233021FCF766
:107C600043FB031E01D0FF2300E000231800BD46A4
:107C700080BDC046CC480020D04800200C490020E0
:107C80000041002090B583B000AF0400080011004F
:107C9000FB1D221C1A70BB1D021C1A707B1D0A1CC6
:107CA0001A70FB1D1B7801221340DAB21F4BD00162
:107CB0001A787F210A40111C021C0A431A70BB1D4E
:107CC0001B7807221340DAB2184B07210A40100133
:107CD0001A7870218A43111C021C0A431A707B1DFA
:107CE0001B7807221340DAB2104B07210A4010001C
:107CF0001A7807218A43111C021C0A431A700C4B84
:107D00000A221A70094B1A78094B5A70084A094816
:107D100002233021FCF7E8FA031E01D0FF2300E024
:107D200000231800BD4603B090BDC046D4480020D3
:107D30000C4900200041002090B583B000AF040042
:107D4000080011003B60FB1D221C1A70BB1D021CA9
:107D50001A707B1D0A1C1A70FB1D1B78032213402E
:107D6000DAB2484B03210A4010011A7830218A43C5
:107D7000111C021C0A431A70BB1D1B780F221340F2
:107D8000DAB2404B0F210A4010001A780F218A43C3
:107D9000111C021C0A431A707B1D1B780122134020
:107DA000DAB2394BD0011A787F210A40111C021C2B
:107DB0000A431A703B681B0A1A1C7F231340DAB26D
:107DC000314B7F210A4010001A787F218A43111C11
:107DD000021C0A431A701823FB181B780122134057
:107DE000DAB22A4B01210A4010001A7801218A4395
:107DF000111C021C0A431A703B681A1C7F23134093
:107E0000DAB2224B90181A7801210A40111C021C88
:107E10000A431A701E4B05221A701A4B1A781C4B13
:107E20005A701B4A1B4802233021FCF75DFA031EDF
:107E300001D0FF2322E0164B06221A70124B1A784B
:107E4000134B5A70124A134802233021FCF74CFAA4
:107E5000031E01D0FF2311E00D4B07221A700B4BBC
:107E60001A780B4B5A700A4A0A4802233021FCF751
:107E70003BFA031E01D0FF2300E000231800BD469B
:107E800003B090BDC0480020C4480020C84800206E
:107E90000C4900200041002080B582B000AF0200F4
:107EA000FB1D1A70FB1D1B7801221340DAB20F4B29
:107EB000D0011A787F210A40111C021C0A431A7053
:107EC0000B4B17221A70094B1A78094B5A70084A43
:107ED000084802233021FCF707FA031E01D0FF23D4
:107EE00000E000231800BD4602B080BD0849002014
:107EF0000C4900200041002080B582B000AF020094
:107F0000FB1D1A70FB1D1B7807221340DAB2104BC1
:107F100007210A4010001A7807218A43111C021C0D
:107F20000A431A700B4B16221A70094B1A78094B28
:107F30005A70084A084802233021FCF7D5F9031E7D
:107F400001D0FF2300E000231800BD4602B080BD31
:107F5000044900200C4900200041002080B582B077
:107F600000AF0200FB1D1A70FB1D1B78012213409D
:107F7000DAB2184B01210A40D0001A7808218A434E
:107F8000111C021C0A431A70FB1D1B7801221340AE
:107F9000DAB2104B01210A4090001A7804218A437A
:107FA000111C021C0A431A700B4B0A221A70094B4F
:107FB0001A78094B5A70084A084802233021FCF706
:107FC00093F9031E01D0FF2300E000231800BD46F3
:107FD00002B080BD084900200C490020004100206B
:107FE00080B582B000AF0200FB1D1A70BB1D0A1CD9
:107FF0001A70FB1D1B7803221340DAB2184B0321C1
:108000000A4010011A7830218A43111C021C0A43CD
:108010001A70BB1D1B780F221340DAB2104B0F21D0
:108020000A4010001A780F218A43111C021C0A43CF
:108030001A700C4B0C221A70094B1A78094B5A70A3
:10804000084A094802233021FCF74EF9031E01D0EB
:10805000FF2300E000231800BD4602B080BDC046EB
:10806000DC4800200C49002000410020B0B582B05F
:1080700000AF05000C0010001900FB1D2A1C1A702F
:10808000BB1D221C1A707B1D021C1A703B1D0A1C92
:108090001A70FB1D1B78002B15D13B1D1B78190096
:1080A0000020FFF79DFF031E01D0FF233EE01823B1
:1080B000FB181B781A0000210120FFF7E3FD031EC7
:1080C0001DD0FF2332E0FB1D1B78012B17D13B1D78
:1080D0001A787B1D1B7811001800FFF781FF031E23
:1080E00001D0FF2322E01823FB181B781A0000217F
:1080F0000020FFF7C7FD031E01D0FF2316E0202359
:10810000FB181A781C23FB181978BB1D1B78180064
:1081100000F05AF8031E01D0FF2307E00120FFF70B
:108120001DFF031E01D0FF2300E000231800BD4601
:1081300002B0B0BD90B587B004AF040008001100D4
:10814000FB1D221C1A70BB1D021C1A707B1D0A1C11
:108150001A700120FFF7A0FE031E01D0FF232EE0BE
:10816000C023DB0100220092002200210120FFF742
:10817000E3FD031E01D0FF2321E0FFF725FD031ED1
:1081800001D0FF231BE0FB1D1A787B1D1B78029397
:10819000BB1D1B78019301230093130000220221D1
:1081A0000020FFF763FF031E01D0FF2307E000203C
:1081B000FFF7A2FE031E01D0FF2300E000231800FA
:1081C000BD4603B090BD000090B583B000AF040081
:1081D00008001100FB1D221C1A70BB1D021C1A7026
:1081E0007B1D0A1C1A70FB1D1B78002B20D1BB1DA8
:1081F0001B783F221340DAB2454B3F210A40100062
:108200001A783F218A43111C021C0A431A70414B01
:1082100011221A703E4B1A783E4B5A703D4A3E4826
:1082200002233021FCF760F8031E6CD0FF236BE0C3
:10823000FB1D1B78012B20D1BB1D1B783F22134057
:10824000DAB2364B3F210A4010001A783F218A43A8
:10825000111C021C0A431A702E4B10221A702F4B4D
:108260001A782C4B5A702B4A2B4802233021FCF7EA
:108270003BF8031E47D0FF2346E0FB1D1B78022B73
:1082800041D1BB1D1B783F221340DAB2234B3F2163
:108290000A4010001A783F218A43111C021C0A432D
:1082A0001A70BB1D1B783F221340DAB2184B3F21D6
:1082B0000A4010001A783F218A43111C021C0A430D
:1082C0001A70144B10221A70144B1A78114B5A70F2
:1082D000104A114802233021FCF706F8031E01D092
:1082E000FF2311E00B4B11221A70094B1A78094B2E
:1082F0005A70084A084802233021FBF7F5FF031E95
:1083000001D0FF2300E000231800BD4603B090BD5C
:10831000EC4800200C49002000410020F0480020DB
:1083200080B582B000AF0200FB1D1A70FB1D1B78E8
:10833000012B2BD1304B1A7840210A431A702F4B56
:108340001A7840210A431A702D4B10221A702A4BBA
:108350001A782B4B5A702A4A2A4802233021FBF7FD
:10836000C3FF031E01D0FF2341E0254B11221A70E9
:10837000224B1A78224B5A70214A2248022330217C
:10838000FBF7B2FF031E31D0FF2330E0FB1D1B784B
:10839000002B2BD1184B1A7840218A431A70174BA7
:1083A0001A7840218A431A70154B10221A70124B0A
:1083B0001A78134B5A70124A124802233021FBF7E5
:1083C00093FF031E01D0FF2311E00D4B11221A7001
:1083D0000A4B1A780A4B5A70094A0A48022330217C
:1083E000FBF782FF031E01D0FF2300E000231800EB
:1083F000BD4602B080BDC046F0480020EC480020D9
:108400000C4900200041002080B500AFC046BD46A9
:1084100080BD80B582B000AFEFF305837B607B68E1
:108420005A1E9341DBB21800BD4602B080BD80B534
:1084300000AF01F0A5FD00231800BD4680BD80B54A
:1084400084B000AF78607B68FB60FB68002B01D0D4
:10845000FB6800E00123180001F06AFC002318000B
:10846000BD4604B080BD80B584B000AF786039608F
:108470003B68012B11D103220021012000F057FE9F
:108480000300FB60FB68002B05D0F8680023002286
:10849000002100F0B4FEFB6806E03B683A6811007A
:1084A000180000F094FE03001800BD4604B080BD23
:1084B00080B584B000AF786039600023BB607B6812
:1084C000002B01D1802336E00023FB603B680133A1
:1084D00003D101235B42FB6009E03B68002B06D01F
:1084E0003B68FB60FB68002B01D10123FB60FFF7B9
:1084F00090FF031E13D00823FA187B680021180090
:1085000001F000F90300012B01D0FF2313E0BB6849
:10851000002B0FD00A4B802252051A600AE0FA683D
:108520007B681100180001F031F80300012B01D025
:10853000FF2300E000231800BD4604B080BDC04604
:1085400004ED00E080B584B000AF78600023FB60EC
:108550000023BB60FFF75DFF031E13D00823FA184A
:108560007B681100180000F032FF0300012B01D0DE
:10857000FF2313E0BB68002B0FD00A4B802252056B
:108580001A600AE0786800230022002100F037FE1C
:108590000300012B01D0FF23FB60FB681800BD46E0
:1085A00004B080BD04ED00E080B500AF02F01EFA1B
:1085B0000300012B01D000F097FBC046BD4680BDF3
:1085C00080B584B000AF78600023FB60082000F025
:1085D000C7FB0300BB60BB68002B12D000F030FB70
:1085E000BB687A681A60BB6800225A60074B1B6838
:1085F000BA685A60054BBA681A6000F033FB012371
:10860000FB60FB681800BD4604B080BD5C03002021
:1086100080B588B000AFF860B9607A600123FB6173
:108620003E4B1B68002B46D13C4B3D4A1A603CE058
:108630003A4B1B681B681B68BB61BB691800E7F7F6
:108640006DFD03007B61FA687B69D3181B785BB210
:10865000202B06D0FA687B69D3181B785BB2002BFD
:108660001ED17A69B969FB6818000CF05AF8031E2C
:1086700016D12A4B1B681B681B7B5BB2002B19DBD6
:10868000FB68180000F062F903001A00234B1B6816
:108690001B681B7B5BB29A420CD00023FB6109E094
:1086A0001E4B1B685A681D4B1A601C4B1B68002B25
:1086B000BED100E0C046194B1B68002B0CD0FB69F3
:1086C000002B09D17A681749BB6818000CF03BF8F9
:1086D000124B00221A601CE0104B1B68002B10D0BC
:1086E0000E4B1B681B689B68FA687968B8689847E6
:1086F0000300FB61FB69002B0BD1084B00221A60C1
:1087000007E07A680849BB6818000CF01CF80023E1
:10871000FB61FB691800BD4608B080BDC44B00205A
:1087200054030020F8D7020850D8020880B500AFE3
:10873000014B1800BD4680BD6049002080B586B061
:1087400000AFF860B9607A6000237B6100233B6171
:108750007B6800221A6042E0FB680133FB60FB6823
:108760001B785BB2002B08D0FB681B785BB2202B18
:10877000F2D102E0FB680133FB60FB681B785BB25F
:10878000002B04D0FB681B785BB2202BF2D0FB6877
:108790001B785BB2002B27D07B6901337B617A6940
:1087A000BB689A421BD1FB683B6107E07B681B6892
:1087B0005A1C7B681A60FB680133FB60FB681B78FE
:1087C0005BB2002B04D0FB681B785BB2202BEDD191
:1087D0007B681B68002B09D100233B6106E07A69A6
:1087E000BB689A42BBD302E0C04600E0C0463B698A
:1087F0001800BD4606B080BD80B586B000AFF860F9
:10880000B9607A6000233B611023FA187B6801216C
:108810001800FFF793FF0200434B1A60424B1B689E
:10882000002B2BD0404B1B684049062218000BF050
:1088300078FF031E22D13E4B1B78072B02D13C4B05
:1088400000221A703A4B1B785A1CD1B2384A117068
:108850001A00384B9200D158BA68FB6818000BF028
:1088600072FF334B1B78072B05D100237B61304B04
:1088700000221A7052E001237B614FE02A4B1B68F3
:10888000002B4BD12C4B1B68002B05D12A4B2B4ABC
:108890001A602B4B01221A70294B1A78294B1B782E
:1088A0009A421ED9FB6808331800234B1B681B68CB
:1088B0005968BB68083B1A000BF045FFFB680133A1
:1088C000214A110018000BF024FFFB6828221A70BF
:1088D000FB68063329221A70FB68073320221A70BE
:1088E00008E0154B1B681B685968BA68FB681800DC
:1088F0000BF029FF104B1B685A680F4B1A60104B86
:108900001B780133DAB20E4B1A700B4B1B68002B2D
:1089100002D100237B6101E001237B617B691800A8
:10892000BD4606B080BDC046C84B0020A0D8020896
:10893000CC4B0020B4000020D04B0020540300207A
:10894000D44B0020231500207AA5020880B584B0FE
:1089500000AF78600F23FB1800221A700023BB6061
:1089600018E07B681B785BB2202B0ED1BB68012B13
:108970000DD00F217B181B785BB2DBB20133DAB26A
:108980007B181A700123BB6001E00023BB607B6889
:1089900001337B607B681B785BB2002BE1D1BB6845
:1089A000012B08D10F217B181B785BB2DBB2013B96
:1089B000DAB27B181A700F23FB181B785BB2180011
:1089C000BD4604B080BD80B582B000AF78607B68E2
:1089D00008331A007B685A607B68012252429A6011
:1089E0007B6808331A007B68DA607B6808331A00FA
:1089F0007B681A617B6800221A60C046BD4602B0DF
:108A000080BD80B582B000AF78607B6800221A61BB
:108A1000C046BD4602B080BD80B584B000AF78606E
:108A200039607B685B68FB603B68FA685A60FB688A
:108A30009A683B689A60FB689B683A685A60FB6872
:108A40003A689A603B687A681A617B681B685A1CAE
:108A50007B681A60C046BD4604B080BD80B584B056
:108A600000AF786039603B681B68BB60BB6801334E
:108A700003D17B681B69FB600CE07B680833FB60FB
:108A800002E0FB685B68FB60FB685B681B68BA68B8
:108A90009A42F6D2FB685A683B685A603B685B684A
:108AA0003A689A603B68FA689A60FB683A685A606C
:108AB0003B687A681A617B681B685A1C7B681A607D
:108AC000C046BD4604B080BD80B584B000AF7860BC
:108AD0007B681B69FB607B685B687A6892689A6058
:108AE0007B689B687A6852685A60FB685B687A6842
:108AF0009A4203D17B689A68FB685A607B680022BF
:108B00001A61FB681B685A1EFB681A60FB681B68C9
:108B10001800BD4604B080BD80B584B000AFF860D9
:108B2000B9607A60FB68043BFB60FB6880225204FA
:108B30001A60FB68043BFB60BA68FB681A60FB685C
:108B4000043BFB60084AFB681A60FB68143BFB604F
:108B50007A68FB681A60FB68203BFB60FB681800C2
:108B6000BD4604B080BDC0466D8B010880B582B0A3
:108B700000AF00237B6072B6C0467B68002BFCD040
:108B8000C046C046BD4602B080BD80B500AFC046FD
:108B9000BD4680BD00000000000000000000000095
:108BA0000B4A13681868203080F30988022080F38C
:108BB0001488BFF36F8F3FBCAE4608BC04BC62B6DE
:108BC0001847C046C046C046C046C046C046C0461C
:108BD000C8AB0120C046C04680B500AF0E4B1A6836
:108BE0000D4BFF2109040A431A600B4B1A680A4B0C
:108BF000FF2109060A431A6000F090F8074B002293
:108C00001A60FFF7CDFF01F0DDFBFFF7AFFF002398
:108C10001800BD4680BDC04620ED00E06003002086
:108C200080B500AF054B802252051A60BFF34F8F0D
:108C3000BFF36F8FC046BD4680BDC04604ED00E067
:108C400080B500AF72B6064B1B685A1C044B1A6005
:108C5000BFF34F8FBFF36F8FC046BD4680BDC04688
:108C60006003002080B500AF064B1B685A1E054B01
:108C70001A60044B1B68002B00D162B6C046BD468B
:108C800080BDC04660030020EFF3108072B67047CD
:108C9000C046180080F310887047C04600000000EE
:108CA000EFF309800E4B1A6820381060F0C044467C
:108CB0004D4656465F46F0C008B572B601F082FBDD
:108CC00062B60CBC116808681030F0C8A046A9460E
:108CD000B246BB4680F309882038F0C81847C04622
:108CE000C8AB0120C046C04680B582B000AFFFF7D8
:108CF000CBFF03007B6001F0BDFA031E03D0064BDF
:108D0000802252051A607B681800FFF7C3FFC04637
:108D1000BD4602B080BDC04604ED00E080B500AFA6
:108D20000B4B00221A600B4B00221A600A4B1B6887
:108D3000FA2291001800E7F70DFA03001A00074B1A
:108D4000013A1A60024B07221A60C046BD4680BD38
:108D500010E000E018E000E02403002014E000E050
:108D600080B586B000AF78600023FB6001F042F967
:108D7000454B1B68002B01D100F0D2F8434B1B6818
:108D80007A68134000D072E07B68002B0CD0082278
:108D90007B689B187B607B680722134004D07B684C
:108DA0000722934308337B607B68002B5FD0384BEE
:108DB0001B687A689A425AD8364B3B61354B1B6820
:108DC0007B6104E07B693B617B691B687B617B693C
:108DD0005B687A689A4203D97B691B68002BF1D1E2
:108DE000294B1B687A699A4241D03B691B6808226B
:108DF0009B18FB607B691A683B691A607B695A683B
:108E00007B68D21A08235B009A4210D97A697B6882
:108E1000D318BB607B695A687B68D21ABB685A60FA
:108E20007B697A685A60BB68180000F0D9F8184B63
:108E30001A687B695B68D21A154B1A60144B1A6862
:108E4000154B1B689A4203D2114B1A68124B1A60D9
:108E50007B695A680D4B1B681A437B695A607B69B2
:108E600000221A600D4B1B685A1C0C4B1A6001F053
:108E7000CDF8FB68002B01D1FDF790FBFB681800D3
:108E8000BD4606B080BDC04670AB012084AB01205A
:108E900074AB012068AB012078AB01207CAB0120D2
:108EA00080B584B000AF78607B68FB607B68002B86
:108EB0002CD008235B42FA68D318FB60FB68BB60C8
:108EC000BB685A68134B1B6813401FD0BB681B68F4
:108ED000002B1BD1BB685A680E4B1B68DB431A4042
:108EE000BB685A6001F086F8BB685A680A4B1B6879
:108EF000D218094B1A60BB68180000F071F8074BD4
:108F00001B685A1C054B1A6001F080F8C046BD462C
:108F100004B080BD84AB012074AB012080AB012084
:108F200080B584B000AF274BBB60274BFB60FB686C
:108F3000072213400CD0FB680733FB60FB68072255
:108F40009343FB60BA68FB68D21A1F4BD318BB600F
:108F5000FB687B601D4B7A681A601C4B00225A60CC
:108F60007B68BA68D318FB600822FB689B1AFB6019
:108F7000FB6807229343FB60FA68154B1A60144B99
:108F80001B6800225A60124B1B6800221A607B6823
:108F90003B603B68FA68D21A3B685A600C4B1A680F
:108FA0003B681A603B685A680A4B1A603B685A680B
:108FB000094B1A60094B802212061A60C046BD4652
:108FC00004B080BD905F0100D84B002068AB012049
:108FD00070AB012078AB012074AB012084AB012081
:108FE00080B584B000AF7860274BFB6002E0FB687F
:108FF0001B68FB60FB681B687A689A42F7D8FB68BD
:10900000BB60FB685B68BA68D3187A689A4208D17B
:10901000FB685A687B685B68D218FB685A60FB681B
:109020007B607B68BB607B685B68BA68D218FB6852
:109030001B689A4218D1FB681A68144B1B689A4245
:109040000DD07B685A68FB681B685B68D2187B6828
:109050005A60FB681B681A687B681A6008E00B4B53
:109060001A687B681A6003E0FB681A687B681A60FC
:10907000FA687B689A4202D0FB687A681A60C04638
:10908000BD4604B080BDC04668AB012070AB012076
:1090900080B584B000AF786039607B68FB60FFF713
:1090A000CFFDFB681A68FB68D96BFB681B6C4B43F0
:1090B000D218FB689A60FB6800229A63FB681A6802
:1090C000FB685A60FB681A68FB68DB6B591EFB681B
:1090D0001B6C4B43D218FB68DA60FB684422FF210B
:1090E0009954FB684522FF2199543B68002B0DD110
:1090F000FB681B69002B13D0FB681033180001F0CC
:109100002FFA031E0CD0FFF78BFD09E0FB6810332C
:109110001800FFF758FCFB6824331800FFF753FCD6
:10912000FFF7A0FD01231800BD4604B080BD90B537
:109130008BB002AFF860B960FB1D1A70FB68BA68AB
:109140005343FB61FB6950331800FFF709FE03002E
:10915000BB61BB69002B0ED0BB697B617B6950335F
:109160007B61FB1D1C787A69B968F868BB6900935C
:10917000230000F005F8BB691800BD4609B090BD9A
:1091800080B584B000AFF860B9607A601A00FB1C4B
:109190001A70BB68002B03D1BB69BA691A6002E080
:1091A000BB697A681A60BB69FA68DA63BB69BA6836
:1091B0001A64BB6901211800FFF76AFFBB69FA1C3A
:1091C0004C2112785A54C046BD4604B080BD80B5CB
:1091D00084B000AF786039607B68022200211800FB
:1091E000FFF7A5FF0300FB60FB68002B02D0FB68C4
:1091F0003A689A63FB681800BD4604B080BD80B52C
:109200008AB000AFF860B9607A603B6000237B628F
:10921000FB683B62FFF714FD3B6A9A6B3B6ADB6BB2
:109220009A4202D33B68022B1ED13A68B9683B6A66
:10923000180000F0CDFA0300FB613B6A5B6A002B6B
:1092400009D03B6A2433180001F08AF9031E07D0C5
:10925000FFF7E6FC04E0FB69002B01D0FFF7E0FC20
:10926000FFF700FD01235BE07B68002B03D1FFF7D4
:10927000F9FC002354E07B6A002B06D11423FB1871
:10928000180001F0C5F901237B62FFF7EBFC00F049
:10929000B1FEFFF7D5FC3B6A44229B5C5BB2013315
:1092A00003D13B6A4422002199543B6A45229B5CCE
:1092B0005BB2013303D13B6A452200219954FFF789
:1092C000D1FC3A1D1423FB181100180001F0B4F969
:1092D000031E1ED13B6A180000F07FFB031E11D055
:1092E0003B6A10337A681100180001F0FDF83B6A00
:1092F000180000F0FEFA00F089FE031E8AD1FFF785
:109300008FFC87E73B6A180000F0F3FA00F07EFE5E
:1093100080E73B6A180000F0ECFA00F077FE0023CB
:109320001800BD460AB080BD90B58BB000AFF860A4
:10933000B9607A603B60FB683B62FFF7A5FC030005
:10934000FB613B6A9A6B3B6ADB6B9A4202D33B68D8
:10935000022B31D11B243B193A6A4521525C1A7009
:109360003B6A9B6B7B613A68B9683B6A180000F006
:109370002FFA3B191B785BB2013311D13B6A5B6A50
:10938000002B16D03B6A2433180001F0E9F8031EC5
:109390000FD07B68002B0CD07B6801221A6008E09C
:1093A0001B23FB181B780133DBB259B23B6A452201
:1093B000995401237B6201E000237B62FB69180062
:1093C000FFF768FC7B6A1800BD460BB090BD80B506
:1093D00088B000AF786039607B68BB61FFF754FCF0
:1093E00003007B61BB699B6B3B61BB69DB6B3A69CB
:1093F0009A422CD20F203B18BA694521525C1A7050
:109400003B695A1CBB699A633B181B785BB20133FA
:1094100011D1BB695B6A002B16D0BB6924331800DD
:1094200001F09EF8031E0FD03B68002B0CD03B6868
:1094300001221A6008E00F23FB181B780133DBB20E
:1094400059B2BB69452299540123FB6101E0002315
:10945000FB617B691800FFF71DFCFB691800BD4626
:1094600008B080BD80B58AB000AFF860B9607A609E
:1094700000237B62FB683B62FFF7E2FB3B6A9B6B6E
:10948000FB61FB69002B1AD0BA683B6A1100180017
:1094900000F009FAFB695A1E3B6A9A633B6A1B6932
:1094A000002B08D03B6A1033180001F059F8031E56
:1094B00001D0FFF7B5FBFFF7D5FB012362E07B6826
:1094C000002B03D1FFF7CEFB00235BE07B6A002B70
:1094D00006D11423FB18180001F09AF801237B62CF
:1094E000FFF7C0FB00F086FDFFF7AAFB3B6A4422B2
:1094F0009B5C5BB2013303D13B6A44220021995447
:109500003B6A45229B5C5BB2013303D13B6A452237
:1095100000219954FFF7A6FB3A1D1423FB181100F4
:10952000180001F089F8031E1ED13B6A180000F0F4
:109530003EFA031E11D03B6A24337A6811001800EA
:1095400000F0D2FF3B6A180000F0D3F900F05EFD96
:10955000031E91D1FFF764FB8EE73B6A180000F011
:10956000C8F900F053FD87E73B6A180000F0C1F925
:1095700000F04CFD3B6A180000F019FA031E00D100
:109580007AE700231800BD460AB080BD80B58AB0D6
:1095900000AF7860396000237B627B68FB61002349
:1095A0003B62FFF74DFBFB699B6BBB61BB69002B0B
:1095B0001DD0BB695A1EFB699A63FB691B68002BAF
:1095C00004D101F09FFC0200FB699A60FB691B69F2
:1095D000002B08D0FB691033180000F0C1FF031EF8
:1095E00001D0FFF71DFBFFF73DFB012386E03B6841
:1095F000002B03D1FFF736FB00237FE07B6A002BB3
:1096000006D10C23FB18180001F002F801237B623D
:10961000FFF728FB00F0EEFCFFF712FBFB6944228A
:109620009B5C5BB2013303D1FB6944220021995456
:10963000FB6945229B5C5BB2013303D1FB69452288
:1096400000219954FFF70EFB3A000C23FB18110080
:10965000180000F0F1FF031E2ED1FB69180000F086
:10966000A6F9031E21D0FB691B68002B0AD1FFF766
:10967000E7FAFB699B68180001F0D4F903003B622C
:10968000FFF7F0FAFB6924333A681100180000F084
:109690002BFFFB69180000F02CF900F0B7FC031E4B
:1096A00000D07EE7FFF7BCFA7BE7FB69180000F00B
:1096B00020F900F0ABFC74E7FB69180000F019F921
:1096C00000F0A4FCFB69180000F071F9031E00D142
:1096D00067E73B6A002B10D0FFF7B2FAFB6918006E
:1096E00000F060F803007B61FB699B687A691100F8
:1096F000180001F04BFAFFF7B5FA00231800BD4639
:109700000AB080BD90B58BB000AFF860B9607A60E8
:10971000FB683B62FFF7B8FA0300FB613B6A9B6B97
:10972000BB61BB69002B32D017243B193A6A442134
:10973000525C1A70BA683B6A1100180000F0B3F866
:10974000BB695A1E3B6A9A633B191B785BB20133B3
:1097500011D13B6A1B69002B16D03B6A10331800ED
:1097600000F0FEFE031E0FD07B68002B0CD07B6840
:1097700001221A6008E01723FB181B780133DBB2C3
:1097800059B23B6A4422995401237B6201E00023D1
:109790007B62FB691800FFF77DFA7B6A1800BD4603
:1097A0000BB090BD80B584B000AF78607B685B6A19
:1097B000002B06D07B681B6B1B680722D31AFB604B
:1097C00001E00023FB60FB681800BD4604B080BDCB
:1097D00080B586B000AFF860B9607A6000237B6125
:1097E000FB689B6B3B61FB681B6C002B0ED1FB681D
:1097F0001B68002B4ED1FB689B68180001F07AF9BA
:1098000003007B61FB6800229A6043E07B68002BC9
:1098100019D1FB685868FB681A6CBB6819000AF01C
:1098200043FDFB685A68FB681B6CD218FB685A60E2
:10983000FB685A68FB689B689A422BD3FB681A68DE
:10984000FB685A6026E0FB68D868FB681A6CBB6846
:1098500019000AF029FDFB68DA68FB681B6C5B42A3
:10986000D218FB68DA60FB68DA68FB681B689A420A
:1098700007D2FB689A68FB681B6C5B42D218FB68D6
:10988000DA607B68022B05D13B69002B02D03B6973
:10989000013B3B613B695A1CFB689A637B6918007A
:1098A000BD4606B080BD80B582B000AF786039603B
:1098B0007B681B6C002B18D07B68DA687B681B6C9C
:1098C000D2187B68DA607B68DA687B689B689A42AA
:1098D00003D37B681A687B68DA607B68D9687B6829
:1098E0001A6C3B6818000AF0DFFCC046BD4602B0A7
:1098F00080BD80B584B000AF7860FFF7A1F90F2379
:10990000FB187A684521525C1A7013E07B685B6A29
:10991000002B16D07B682433180000F021FE031EB4
:1099200001D000F0CFFE0F217B181B78013BDAB28B
:109930007B181A700F23FB181B785BB2002BE5DC39
:1099400000E0C0467B684522FF219954FFF78AF961
:10995000FFF776F90E23FB187A684421525C1A70DF
:1099600013E07B681B69002B16D07B68103318004E
:1099700000F0F6FD031E01D000F0A4FE0E217B18BE
:109980001B78013BDAB27B181A700E23FB181B7888
:109990005BB2002BE5DC00E0C0467B684422FF217F
:1099A0009954FFF75FF9C046BD4604B080BD80B54D
:1099B00084B000AF7860FFF743F97B689B6B002BA6
:1099C00002D10123FB6001E00023FB60FFF74AF9AD
:1099D000FB681800BD4604B080BD80B584B000AF00
:1099E0007860FFF72DF97B689A6B7B68DB6B9A4296
:1099F00002D10123FB6001E00023FB60FFF732F995
:109A0000FB681800BD4604B080BD000080B584B07E
:109A100000AF786039600023FB6015E00E4BFA68F8
:109A2000D200D358002B0CD10B4BFA68D200396806
:109A3000D150094AFB68DB00D31804337A681A60F6
:109A400006E0FB680133FB60FB68072BE6D9C046E4
:109A5000C046BD4604B080BD88AB012080B586B04D
:109A600000AFF860B9607A60FB687B61FFF7E8F8E7
:109A70007B6944229B5C5BB2013303D17B69442246
:109A8000002199547B6945229B5C5BB2013303D171
:109A90007B69452200219954FFF7E4F87B699B6BB1
:109AA000002B06D17B6924337A68B968180000F06E
:109AB00035FD7B691800FFF71CFFC046BD4606B0A8
:109AC00080BD90B58DB004AFF860B9603B60BB1D40
:109AD0001A80BB1D1B889B001800FFF741F903008B
:109AE0007B617B69002B10D06020FFF739F9030000
:109AF000FB61FB69002B03D0FB697A691A6306E0FE
:109B00007B691800FFF7CCF901E00023FB61FB69DA
:109B1000002B16D0BB1D1A883C68B968F868002372
:109B20000393FB6902937B6B01933B6B00932300D0
:109B300000F010F8FB69180000F092F80123BB61F7
:109B400002E001235B42BB61BB691800BD4609B05E
:109B500090BD000080B586B000AFF860B9607A6053
:109B60003B60BB6A186B7B689B001A00A5210AF05A
:109B7000A4FBBB6A1A6B7B6838498C4663449B0024
:109B8000D3183B613B69072293433B61BB68002BC1
:109B900020D000237B6113E0BA687B69D318187862
:109BA000BA6A34217B69D3185B18021C1A70BA6830
:109BB0007B69D3181B78002B06D07B6901337B614E
:109BC0007B690C2BE8D900E0C046BB6A402200212B
:109BD000995403E0BB6A3422002199543B6A062B56
:109BE00001D906233B62BB6A3A6ADA62BB6A3A6A07
:109BF000DA64BB6A00221A65BB6A04331800FEF7F8
:109C000000FFBB6A18331800FEF7FBFEBB6ABA6A96
:109C10001A613B6A0722D21ABB6A9A61BB6ABA6AA6
:109C20005A62BB6A00225A65BB6A00229A65BB6A07
:109C30005C22002199543A68F9683B691800FEF7E4
:109C40006BFF0200BB6A1A607B6A002B02D07B6A42
:109C5000BA6A1A60C046BD4606B080BDFFFFFF3F2E
:109C600080B582B000AF7860FEF7EAFF2A4B1B6830
:109C70005A1C294B1A60294B1B68002B09D1274B12
:109C80007A681A60244B1B68012B10D100F034FD58
:109C90000DE0234B1B68002B09D1204B1B68DA6AAF
:109CA0007B68DB6A9A4202D81C4B7A681A601D4BAB
:109CB0001B685A1C1B4B1A601A4B1A687B685A6443
:109CC0007B68DA6A184B1B689A4203D97B68DA6AA8
:109CD000154B1A607B68DA6A13009B009B189B0087
:109CE000124A9A187B68043319001000FEF794FE9C
:109CF000FEF7B8FF0A4B1B68002B08D0074B1B6808
:109D0000DA6A7B68DB6A9A4201D2FEF789FFC046B5
:109D1000BD4602B080BDC046C8AC0120C8AB012022
:109D2000D4AC0120E4AC0120D0AC0120CCAB0120AC
:109D300080B584B000AF78600023FB607B68002BA7
:109D40000AD000F057F97B680021180001F050FAA2
:109D500000F05CF90300FB60FB68002B01D1FEF70B
:109D60005FFFC046BD4604B080BD000080B588B02E
:109D700000AF78607B68BB612B4B1B68BA699A4265
:109D800004D11F23FB1800221A7046E0FEF758FF8B
:109D9000BB695B697B61254B1B683B61244B1B687E
:109DA000FB60FEF75FFF7A693B699A4203D07A69EC
:109DB000FB689A4204D11F23FB1802221A702CE080
:109DC0007A691C4B9A4218D1BB699B6A002B0FD150
:109DD000BB695C229B5CDBB2012B04D11F23FB1807
:109DE00002221A7019E01F23FB1803221A7014E0D4
:109DF0001F23FB1802221A700FE07A690E4B9A4259
:109E000002D07B69002B04D11F23FB1804221A7097
:109E100003E01F23FB1801221A701F23FB181B7875
:109E20001800BD4608B080BDC8AB012080AC012041
:109E300084AC0120B4AC01209CAC012080B584B07E
:109E400000AF7860FEF7FCFE7B68002B02D1074B69
:109E50001B6800E07B68FB60FB68DB6ABB60FEF7A9
:109E600001FFBB681800BD4604B080BDC8AB01202F
:109E700080B586B000AF7860396000237B613B68B5
:109E8000062B01D906233B60FEF7DAFE7B68002B28
:109E900002D1384B1B6800E07B683B613B69DB6C9F
:109EA000FB60FA683B689A425DD03A68FB689A4268
:109EB0000DD9304B1B683A699A420FD02D4B1B6865
:109EC000DB6A3A689A4209D301237B6106E0294B99
:109ED0001B683A699A4201D101237B613B69DB6AC5
:109EE000BB603B69DA6C3B69DB6A9A4202D13B6931
:109EF0003A68DA623B693A68DA643B699B69002B2D
:109F000004DB3B680722D21A3B699A613B695969B5
:109F1000BA6813009B009B189B00174A9B18994234
:109F20001CD13B6904331800FEF7CEFD3B69DA6AA9
:109F3000124B1B689A4203D93B69DA6A0F4B1A60CD
:109F40003B69DA6A13009B009B189B000A4A9A1827
:109F50003B69043319001000FEF75EFD7B69002B9E
:109F600001D0FEF75DFEFEF77DFEC046BD4606B0A1
:109F700080BDC046C8AB0120CCAB0120D0AC0120D5
:109F800080B584B002AF144A14491548154B0193AB
:109F9000002300930023FFF794FD03007B607B68A0
:109FA000012B03D101F078F903007B607B68012B62
:109FB0000ED172B60C4B012252421A600B4B012299
:109FC0001A600B4B00221A60F0F78AFDFEF704FEC0
:109FD000C046BD4602B080BDC4090000A8D8020832
:109FE000D9A60108ECAC0120E8AC0120D4AC0120DA
:109FF000CCAC012080B500AF034B1B685A1C024B50
:10A000001A60C046BD4680BDF0AC012080B584B06A
:10A0100000AF0023FB600023BB60FEF711FE364B50
:10A020001B685A1E344B1A60334B1B68002B5BD1E4
:10A03000324B1B68002B57D02FE0314BDB68DB68BD
:10A04000FB60FB6818331800FEF73EFDFB68043325
:10A050001800FEF739FDFB68DA6A2A4B1B689A4242
:10A0600003D9FB68DA6A274B1A60FB68DA6A1300C7
:10A070009B009B189B00244A9A18FB680433190024
:10A080001000FEF7C9FCFB68DA6A204B1B68DB6A2C
:10A090009A4202D31E4B01221A60194B1B68002BF7
:10A0A000CBD1FB68002B01D000F082FC194B1B6860
:10A0B0007B607B68002B0FD000F0DCF8031E02D021
:10A0C000134B01221A607B68013B7B607B68002B8D
:10A0D000F2D1104B00221A600D4B1B68002B03D0ED
:10A0E0000123BB60FEF79CFDFEF7BCFDBB681800BA
:10A0F000BD4604B080BDC046F0AC0120C8AC012014
:10A1000088AC0120D0AC0120CCAB0120C8AB012031
:10A11000DCAC0120D8AC012080B582B000AF044B8C
:10A120001B687B607B681800BD4602B080BDC046DE
:10A13000CCAC012080B582B000AF00237B60044B23
:10A140001B683B603B681800BD4602B080BDC0463E
:10A15000CCAC012080B586B000AFF860B9607A6001
:10A1600000237B6107233B61FFF744FF3B4B1B68E8
:10A17000BA689A426AD33B69013B3B617A69130032
:10A18000DB009B189B001A00FB6898183A691300C3
:10A190009B009B189B00324A9B180122190000F07B
:10A1A00089FB02007B699B187B613B69002BE2D134
:10A1B0007A691300DB009B189B001A00FB68981853
:10A1C000284B1B680222190000F074FB02007B6917
:10A1D0009B187B617A691300DB009B189B001A00B7
:10A1E000FB689818204B1B680222190000F062FBE4
:10A1F00002007B699B187B617A691300DB009B1866
:10A200009B001A00FB689B1818490422180000F0F4
:10A2100051FB02007B699B187B617A691300DB00AC
:10A220009B189B001A00FB689B1811490322180019
:10A2300000F040FB02007B699B187B617B68002B70
:10A2400004D0F0F763FC02007B681A60FFF7DEFEC3
:10A250007B691800BD4606B080BDC046C8AC012071
:10A26000CCAB012080AC012084AC01209CAC01204F
:10A27000B4AC012080B586B000AF00237B61464BB3
:10A280001B68002B00D07DE0444B1B6801333B6111
:10A29000424B3A691A603B69002B10D1404B1B6856
:10A2A000FB60404B1A683E4B1A603E4BFA681A60DE
:10A2B0003D4B1B685A1C3C4B1A6000F079FB3B4B32
:10A2C0001B683A699A4249D3354B1B681B68002BBF
:10A2D00004D1364B012252421A603FE0304B1B68DA
:10A2E000DB68DB68BB60BB685B687B603A697B6886
:10A2F0009A4203D22D4B7A681A602FE0BB68043370
:10A300001800FEF7E1FBBB689B6A002B04D0BB681A
:10A3100018331800FEF7D8FBBB68DA6A244B1B68B9
:10A320009A4203D9BB68DA6A214B1A60BB68DA6AC1
:10A3300013009B009B189B001E4A9A18BB680433AD
:10A3400019001000FEF768FBBB68DA6A1A4B1B683D
:10A35000DB6A9A42B8D301237B61B5E7164B1B68D1
:10A36000DA6A144913009B009B189B005B58012B71
:10A3700001D901237B61114B1B68002B07D00123FE
:10A380007B6104E00E4B1B685A1C0D4B1A607B6905
:10A390001800BD4606B080BDF0AC0120CCAC012059
:10A3A00080AC012084AC0120E0AC0120E8AC0120AD
:10A3B000D0AC0120CCAB0120C8AB0120DCAC01202B
:10A3C000D8AC012080B584B000AF3F4B1B68002B98
:10A3D00003D03E4B01221A6071E03C4B00221A6010
:10A3E000F0F794FB02003A4B1A60394B1A68394B6C
:10A3F0001B689A4209D9384B1B68596D344A10685A
:10A40000344A1268821A8A185A65314B1A68314BDD
:10A410001A60314B1B681B6BBB60304B7B60BB68A9
:10A420001B687A689A4211D1BB6804331B687A684A
:10A430009A420BD1BB6808331B687A689A4205D1EF
:10A44000BB680C331B687A689A4208D0224B1A68A2
:10A45000214B1B68343319001000FCF77DF8204BAA
:10A460001B68FB6002E0FB68013BFB601D49FA686A
:10A4700013009B009B189B005B58002BF3D0FA68DD
:10A4800013009B009B189B00164A9B183B603B687F
:10A490005B685A683B685A603B685A683B68083397
:10A4A0009A4204D13B685B685A683B685A603B68D3
:10A4B0005B68DA68084B1A60094BFA681A60C04694
:10A4C000BD4604B080BDC046F0AC0120DCAC01202C
:10A4D000F8AC0120F4AC0120C8AB0120A5A5A5A5CE
:10A4E000D0AC0120CCAB012080B582B000AF786049
:10A4F0003960094B1B6818331A007B68110018007B
:10A50000FEF7ACFA3B680121180000F071FEC0466E
:10A51000BD4602B080BDC046C8AB012080B584B046
:10A5200000AFF860B9607A600C4B1B6818331A00F2
:10A53000FB6811001800FEF76FFA7B68002B02D051
:10A5400001235B42BB607A68BB681100180000F011
:10A550004FFEC046BD4604B080BDC046C8AB01201A
:10A5600080B584B000AF78607B68DB68DB68BB6077
:10A57000BB6818331800FEF7A7FA1F4B1B68002BA7
:10A580001DD1BB6804331800FEF79EFABB68DA6A77
:10A590001A4B1B689A4203D9BB68DA6A174B1A60D8
:10A5A000BB68DA6A13009B009B189B00144A9A1838
:10A5B000BB68043319001000FEF72EFA07E0BB68F1
:10A5C00018331A000F4B11001800FEF725FABB686C
:10A5D000DA6A0D4B1B68DB6A9A4205D90123FB60DE
:10A5E0000A4B01221A6001E00023FB60FB6818009F
:10A5F000BD4604B080BDC046F0AC0120D0AC012007
:10A60000CCAB012088AC0120C8AB0120DCAC012020
:10A6100080B582B000AF7860054B1A687B681A601D
:10A62000044B1A687B685A60C046BD4602B080BDC4
:10A63000E0AC0120CCAC012080B586B000AF7860E2
:10A640003960FEF7FDFA1D4B1B683B617B685B6858
:10A650003A69D31AFB603B681B68013302D10023BF
:10A660007B6124E07B681A68154B1B689A4207D00F
:10A670007B685B683A699A4202D301237B6116E0EA
:10A680003B681B68FA689A420CD23B681A68FB6800
:10A69000D21A3B681A607B681800FFF7B9FF0023E5
:10A6A0007B6104E03B6800221A6001237B61FEF7B6
:10A6B000D9FA7B691800BD4606B080BDCCAC01203C
:10A6C000E0AC012080B500AF024B01221A60C04609
:10A6D000BD4680BDDCAC012080B582B000AF7860A3
:10A6E00000F04EF8034B1B68012BF9D9FEF798FADE
:10A6F000F6E7C046CCAB012080B582B000AF0023A6
:10A700007B600CE07A6813009B009B189B00144A46
:10A710009B181800FEF757F97B6801337B607B6854
:10A72000062BEFD90F4B1800FEF74DF90E4B180012
:10A73000FEF749F90D4B1800FEF745F90C4B1800D0
:10A74000FEF741F90B4B1800FEF73DF90A4B054A9D
:10A750001A600A4B044A1A60C046BD4602B080BD6A
:10A76000CCAB012058AC01206CAC012088AC01209E
:10A770009CAC0120B4AC012080AC012084AC012051
:10A7800080B582B000AF1AE0FEF75AFA104BDB68D2
:10A79000DB687B607B6804331800FEF795F90D4B8E
:10A7A0001B685A1E0B4B1A600B4B1B685A1E0A4B38
:10A7B0001A60FEF757FA7B68180000F0E8F8064BBD
:10A7C0001B68002BE0D1C046C046BD4602B080BD2C
:10A7D0009CAC0120C8AC0120B0AC012080B586B093
:10A7E00000AFF860B9607A601A00FB1C1A70FB6851
:10A7F000002B02D12E4B1B6800E0FB687B61BB681D
:10A800007A691A607B6934331A00BB685A607B69C5
:10A81000DA6ABB681A617B691A6BBB68DA617B69AB
:10A820005A6CBB689A607B69DA6CBB685A617B6959
:10A830005A6DBB689A61FB1C1B78052B1CD01C4B06
:10A840001B687A699A4203D1BB6800221A731BE025
:10A85000BB68FA1C12781A73FB1C1B78032B13D1EC
:10A86000FFF7C8FB7B699B6A002B02D0BB68022202
:10A870001A73FFF7CBFB07E07B691800FFF776FA46
:10A8800003001A00BB681A737B68002B09D07B6930
:10A890001B6B180000F061F803001A00BB681A84F3
:10A8A00002E0BB6800221A84C046BD4606B080BDE7
:10A8B000C8AB012080B58AB000AFF860B960FB1D5D
:10A8C0001A7000237B62BB681B68002B40D0BB68FA
:10A8D0003B623B6A5B685A683B6A5A603B6A5A68EB
:10A8E0003B6A08339A4204D13B6A5B685A683B6A08
:10A8F0005A603B6A5B68DB68FB61BB68BB61BB6934
:10A900005B685A68BB695A60BB695A68BB6908339F
:10A910009A4204D1BB695B685A68BB695A60BB69DB
:10A920005B68DB687B617A6A1300DB009B189B0025
:10A930001A00FB689918FB1D1B7878690122FFF744
:10A940004DFF7B6A01337B627A69FB699A42D4D1FD
:10A950007B6A1800BD460AB080BD80B584B000AFE8
:10A9600078600023FB6005E07B6801337B60FB6857
:10A970000133FB607B681B78A52BF5D0FB689B0837
:10A98000FB60FB689BB21800BD4604B080BD80B57B
:10A9900082B000AF78607B681B6B1800FEF780FA0E
:10A9A0007B681800FEF77CFAC046BD4602B080BD49
:10A9B00080B582B000AF0B4B1B681B68002B04D125
:10A9C000094B012252421A6008E0064B1B68DB6803
:10A9D000DB687B607B685A68034B1A60C046BD46E3
:10A9E00002B080BD80AC0120E8AC012080B582B00F
:10A9F00000AF0A4B1B68002B02D101237B6008E0EB
:10AA0000074B1B68002B02D102237B6001E000236F
:10AA10007B607B681800BD4602B080BDD4AC0120CD
:10AA2000F0AC012080B584B000AF78607B68BB607B
:10AA30000023FB607B68002B51D0BB68DA6A2A4B8D
:10AA40001B68DB6A9A4241D2BB689B69002B06DB1C
:10AA5000254B1B68DB6A0722D21ABB689A61BB6868
:10AA60005969BB68DA6A13009B009B189B001F4A58
:10AA70009B18994222D1BB6804331800FEF724F8D2
:10AA8000194B1B68DA6ABB68DA62BB68DA6A184B72
:10AA90001B689A4203D9BB68DA6A154B1A60BB6817
:10AAA000DA6A13009B009B189B00104A9A18BB6837
:10AAB000043319001000FDF7AFFF04E00A4B1B68D8
:10AAC000DA6ABB68DA620123FB6008E0BB68DA6C13
:10AAD000054B1B68DB6A9A4201D20123FB60FB68CD
:10AAE0001800BD4604B080BDC8AB0120CCAB01202E
:10AAF000D0AC012080B584B000AF78607B68BB60CB
:10AB00000023FB607B68002B37D0BB681B6D5A1E8F
:10AB1000BB681A65BB68DA6ABB68DB6C9A422CD0EA
:10AB2000BB681B6D002B28D1BB6804331800FDF7F0
:10AB3000CBFFBB68DA6CBB68DA62BB68DB6A0722F2
:10AB4000D21ABB689A61BB68DA6A0E4B1B689A42DC
:10AB500003D9BB68DA6A0B4B1A60BB68DA6A130068
:10AB60009B009B189B00084A9A18BB680433190085
:10AB70001000FDF751FF0123FB60FB681800BD4684
:10AB800004B080BDD0AC0120CCAB012080B586B034
:10AB900000AF786039607B683B610123FB607B68B4
:10ABA000002B4BD03B69DB6C3A689A4202D93B6878
:10ABB0007B6102E03B69DB6C7B613B69DB6A7A6944
:10ABC0009A423BD03B691B6DFA689A4236D13B6989
:10ABD000DB6ABB603B697A69DA623B699B69002B7F
:10ABE00004DB7B690722D21A3B699A613B69596988
:10ABF000BA6813009B009B189B00124A9B1899424D
:10AC00001CD13B6904331800FDF75EFF3B69DA6A2B
:10AC10000D4B1B689A4203D93B69DA6A0A4B1A60EA
:10AC20003B69DA6A13009B009B189B00054A9A183F
:10AC30003B69043319001000FDF7EEFEC046BD4627
:10AC400006B080BDCCAB0120D0AC012080B584B073
:10AC500000AF786039603A687B681100180009F02D
:10AC600058FD7B681800E5F759FA0300FB6007E020
:10AC70007A68FB68D31820221A70FB680133FB60E6
:10AC8000FB680B2BF4D97A68FB68D31800221A7082
:10AC90007A68FB68D3181800BD4604B080BD000078
:10ACA000F0B589B002AF78607B6800221A704C4B17
:10ACB0001B68FB604A4B1A681300DB009B189B0063
:10ACC0001800FEF74DF80300BB60BB68002B00D1F5
:10ACD00082E0F968BB6800221800FFF73BFA030026
:10ACE000FB6000237B616FE07A691300DB009B1837
:10ACF0009B001A00BB689B181B7B042B1DD89A0075
:10AD0000384BD3181B689F461323FB1858221A7020
:10AD100018E01323FB1852221A7013E01323FB18B8
:10AD200042221A700EE01323FB1853221A7009E016
:10AD30001323FB1844221A7004E01323FB1800228B
:10AD40001A70C0467A691300DB009B189B001A003A
:10AD5000BB689B185A687B6811001800FFF776FFE4
:10AD600003007B601323FB181C787A691300DB0057
:10AD70009B189B001A00BB689B181D697A69130019
:10AD8000DB009B189B001A00BB689B181B8C1E00E5
:10AD90007A691300DB009B189B001A00BB689B18A4
:10ADA0009B6811497868019300962B00220009F0F6
:10ADB00075FC7B681800E5F7B1F902007B689B1809
:10ADC0007B607B6901337B617A69FB689A428BD334
:10ADD000BB681800FEF764F8C046BD4607B0F0BD7A
:10ADE000C8AC0120C0D80208B0D8020880B588B02D
:10ADF00000AF78607B6800221A703F4B1B68BB6114
:10AE00003D4B1A681300DB009B189B001800FDF7F0
:10AE1000A7FF03007B617B69002B68D00C23FA1825
:10AE2000B9697B691800FFF795F90300BB61FB68FE
:10AE300064211800E5F78EF90300FB60FB68002B26
:10AE400051D00023FB614AE0FA691300DB009B1834
:10AE50009B001A007B699B189B69FA681100180017
:10AE6000E5F778F903003B61FA691300DB009B18F2
:10AE70009B001A007B699B185A687B6811001800B8
:10AE8000FFF7E4FE03007B603B69002B0ED0FA69FC
:10AE90001300DB009B189B001A007B699B189A69C2
:10AEA0003B691649786809F0F9FB0DE0FA6913006F
:10AEB000DB009B189B001A007B699B189A6910495C
:10AEC0007B68180009F0EAFB7B681800E5F726F9B3
:10AED00002007B689B187B60FB690133FB61FA69A8
:10AEE000BB699A42B0D37B691800FDF7D9FFC04611
:10AEF000BD4608B080BDC046C8AC0120D4D8020809
:10AF0000E0D8020880B500AF064B1B68002B04D0C8
:10AF1000044B1B681A6D01321A65024B1B6818003E
:10AF2000BD4680BDC8AB012080B584B000AF78605D
:10AF30003960FDF785FE1C4B1B689B6D002B0ED105
:10AF4000194B1B685C22012199543B68002B06D0E9
:10AF50003B680121180000F04BF9FDF761FEFDF799
:10AF600081FEFDF76DFE104B1B689B6DFB60FB685F
:10AF7000002B0CD07B68002B04D00B4B1B680022ED
:10AF80009A6504E0084B1B68FA68013A9A65064B1B
:10AF90001B685C2200219954FDF764FEFB681800D1
:10AFA000BD4604B080BDC046C8AB012080B588B0A6
:10AFB00000AFF860B9603B60FB1D1A700123FB61B4
:10AFC000FB68BB61FDF73CFE3B68002B03D0BB690F
:10AFD0009A6D3B681A601723FB18BA695C21525CB2
:10AFE0001A70BB695C2202219954FB1D1B78042B4B
:10AFF00021D89A002A4BD3181B689F46BB699A6DCB
:10B00000BB681A43BB699A6518E0BB699B6D5A1C03
:10B01000BB699A6512E0BB69BA689A650EE01723AE
:10B02000FB181B78022B03D0BB69BA689A6505E050
:10B030000023FB6102E0C04600E0C0461723FB1876
:10B040001B78012B25D1BB6904331800FDF73CFDAB
:10B05000BB69DA6A134B1B689A4203D9BB69DA6A87
:10B06000104B1A60BB69DA6A13009B009B189B00A7
:10B070000D4A9A18BB69043319001000FDF7CCFC87
:10B08000BB69DA6A094B1B68DB6A9A4201D9FDF792
:10B09000C7FDFDF7E7FDFB691800BD4608B080BDA0
:10B0A000ECD80208D0AC0120CCAB0120C8AB012009
:10B0B00080B588B000AFF860B9603B60FB1D1A70C6
:10B0C0000123FB61FB68BB61FDF7DEFD03007B61D3
:10B0D0003B68002B03D0BB699A6D3B681A60132351
:10B0E000FB18BA695C21525C1A70BB695C220221B0
:10B0F0009954FB1D1B78042B21D89A00354BD3188B
:10B100001B689F46BB699A6DBB681A43BB699A6509
:10B1100018E0BB699B6D5A1CBB699A6512E0BB695C
:10B12000BA689A650EE01323FB181B78022B03D034
:10B13000BB69BA689A6505E00023FB6102E0C0467E
:10B1400000E0C0461323FB181B78012B39D1224B9A
:10B150001B68002B1DD1BB6904331800FDF7B4FC3C
:10B16000BB69DA6A1D4B1B689A4203D9BB69DA6A6C
:10B170001A4B1A60BB69DA6A13009B009B189B008C
:10B18000174A9A18BB69043319001000FDF744FCF4
:10B1900007E0BB6918331A00124B11001800FDF7C5
:10B1A0003BFCBB69DA6A104B1B68DB6A9A4208D920
:10B1B000BB6A002B02D0BB6A01221A600B4B012232
:10B1C0001A607B691800FDF765FDFB691800BD4634
:10B1D00008B080BD00D90208F0AC0120D0AC01203D
:10B1E000CCAB012088AC0120C8AB0120DCAC012035
:10B1F00080B584B000AF78603960214B1B68FB607C
:10B20000204B1B6804331800FDF75EFC7B6801339C
:10B210000BD13B68002B08D01A4B1B681A1D1A4B28
:10B2200011001800FDF7F8FB26E0FA687B68D318D8
:10B23000BB60144B1B68BA685A60BA68FB689A42D4
:10B2400009D2124B1A680F4B1B6804331900100007
:10B25000FDF704FC10E00E4B1A680A4B1B68043320
:10B2600019001000FDF7FAFB0A4B1B68BA689A42F6
:10B2700002D2084BBA681A60C046BD4604B080BD11
:10B28000CCAC0120C8AB0120B4AC012084AC0120BF
:10B2900080AC0120E8AC012080B584B002AF00236F
:10B2A0007B6000F0E3FA0A4B1B68002B0BD0094AC5
:10B2B00009490A480A4B0193032300930023FEF730
:10B2C00000FC03007B607B681800BD4602B080BDB7
:10B2D0002CAD0120C409000014D9020891B4010862
:10B2E00030AD012090B589B002AFF860B9607A60E6
:10B2F0003B602C20FDF734FD03007B617B69002B54
:10B300000ED07B692822002199543C687A68B9687C
:10B31000F8687B690193BB6A0093230000F005F88D
:10B320007B691800BD4607B090BD80B584B000AF02
:10B33000F860B9607A603B60FB69002B1ED000F0BA
:10B3400095FAFB69FA681A60FB69BA689A61FB6949
:10B350003A68DA61FB69BA691A62FB69043318005A
:10B36000FDF74FFB7B68002B08D0FB6928229B5C14
:10B3700004221343D9B2FB6928229954C046BD4622
:10B3800004B080BD90B58BB000AFF860B9607A6052
:10B390003B6000237B621D4B1B68002B30D01424C4
:10B3A0003B19BA681A603B197A685A603B19FA6807
:10B3B0009A60BB68052B19DCFFF718FB0300022B12
:10B3C00009D1124B1868BA6B39190023FDF717FF22
:10B3D00003007B6214E00D4B18681423F918002356
:10B3E0000022FDF70CFF03007B6209E0074B1868A1
:10B3F0003A681423F9180023FDF796FF03007B62D7
:10B400007B6A1800BD460BB090BDC0462CAD012034
:10B4100080B586B002AF786039601C4B1B68DB6872
:10B42000DB68FB60FB6804331800FDF74DFBFB682D
:10B4300028229B5C1A000423134015D0FB689A69EC
:10B440007B68D1187B683A68F86800F0BFF8031E83
:10B4500013D07A68F8680023009300230021FFF7D7
:10B4600091FF0300BB6008E0FB6828229B5C01227F
:10B470009343D9B2FB6828229954FB681B6AFA6887
:10B4800010009847C046BD4604B080BD24AD0120E1
:10B4900080B584B000AF78600823FB18180000F076
:10B4A00053F80300FB60BA68FB681100180000F055
:10B4B00003F800F0CDF8EFE780B584B000AF786016
:10B4C0003960FEF797FD0823FB18180000F05EF8BE
:10B4D0000300FB60BB68002B2BD13B68002B0CD119
:10B4E0007A68FB689A4208D8FEF790FDFA687B6894
:10B4F00011001800FFF78CFF1DE03B68002B08D0FF
:10B500000F4B1B681B68002B01D1012300E00023B7
:10B510003B600C4B18687A68FB68D31A3A681900CC
:10B52000FEF79CFAFEF772FD031E04D1FDF778FBCF
:10B5300001E0FEF76BFDC046BD4604B080BDC046CD
:10B5400028AD01202CAD012080B584B000AF78601B
:10B550000D4B1B681B68002B01D1012200E000226B
:10B560007B681A607B681B68002B05D1064B1B6843
:10B57000DB681B68FB6001E00023FB60FB681800D0
:10B58000BD4604B080BDC04624AD012080B584B066
:10B5900000AF7860FEF7C0FD0300FB600A4B1B683C
:10B5A000FA689A4205D200F009F97B6801221A6014
:10B5B00002E07B6800221A60034BFA681A60FB689D
:10B5C0001800BD4604B080BD34AD012080B586B002
:10B5D00000AFF860B9607A603B6000237B61FB6874
:10B5E000BA685A60FB68FA681A61BA687B689A425E
:10B5F00012D87A683B68D21AFB689B699A4202D3D8
:10B6000001237B611BE0104B1A68FB6804331900AF
:10B610001000FDF723FA12E07A683B689A4206D2DE
:10B62000BA683B689A4202D301237B6107E0074B6B
:10B630001A68FB68043319001000FDF70FFA7B69E4
:10B640001800BD4606B080BD28AD012024AD012004
:10B6500090B58DB002AF9CE00822BB181B68002B90
:10B660000ADABB1804337B627B6A1A687B6A586803
:10B670007B6A9B68190090470822BB181B68002B47
:10B6800000DA85E0BB189B683B623B6A5B69002B74
:10B6900004D03B6A04331800FDF716FA3B1D18006E
:10B6A000FFF774FF0300FB610823FB181B68092BDD
:10B6B0006FD89A003F4BD3181B689F463B6A2822DD
:10B6C0009B5C01221343D9B23B6A28229954082477
:10B6D0003B195A683B6A9B69D1183B195B68FA6948
:10B6E000386AFFF773FF031E53D03B6A1B6A3A6A3E
:10B6F000100098473B6A28229B5C1A0004231340E1
:10B7000047D03B195A683B6A9B69D218386A0023B4
:10B71000009300230021FFF735FE0300BB6138E0F2
:10B720003B6A28229B5C01229343D9B23B6A2822C0
:10B7300099542EE03B6A28229B5C01221343D9B224
:10B740003B6A282299540823FB185A683B6A9A617D
:10B750003B6A9A69FB69D118FB69FA69386AFFF795
:10B7600035FF16E03B6A28229B5C1A000223134037
:10B7700004D13B6A1800FDF793FB0AE03B6A2822DC
:10B780009B5C01229343D9B23B6A2822995400E082
:10B79000C046094B1B680822B91800221800FDF7A3
:10B7A00061FE031E00D057E7C046C046BD460BB041
:10B7B00090BDC0461CD902082CAD012080B588B0D0
:10B7C00002AF3CE0274B1B68DB681B683B61254BE5
:10B7D0001B68DB68DB68FB60FB6804331800FDF75F
:10B7E00073F9FB681B6AFA6810009847FB68282207
:10B7F0009B5C1A000423134021D0FB689B693A69C3
:10B80000D318BB60BA683B699A420ED9FB68BA6824
:10B810005A60FB68FA681A61124B1A68FB680433B5
:10B8200019001000FDF71AF909E03A69F8680023D9
:10B83000009300230021FFF7A5FD03007B60094B67
:10B840001B681B68002BBDD1064B1B687B61064B38
:10B850001A68044B1A60044B7A691A60C046BD46E8
:10B8600006B080BD24AD012028AD012080B500AF19
:10B87000FDF7E6F9144B1B68002B20D1134B180081
:10B88000FDF7A1F8124B1800FDF79DF8114B0F4A78
:10B890001A60114B0E4A1A60002210210420FDF795
:10B8A00046FC0200084B1A60074B1B68002B06D0B1
:10B8B000054B1B68094A11001800FEF7A7F8FDF7B1
:10B8C000D1F9C046BD4680BD2CAD0120FCAC0120A5
:10B8D00010AD012024AD012028AD012044D902087B
:10B8E00080B584B000AF78607B68FB60FDF7A8F995
:10B8F000FB68DB69BB60FDF7B5F9BB681800BD46A6
:10B9000004B080BD80B582B000AFFB1D00221A706C
:10B910000B4B1A680A4B802149000A431A60032026
:10B9200000F010F8031E03D0FB1D01221A7001E085
:10B9300003F0A8F8FB1D1B781800BD4602B080BDBF
:10B940000020024090B585B000AF78600F23FB184F
:10B9500000221A701D4B1B78002B2BD01C4B1C682F
:10B960001A4B1B781900FA239800E4F7F3FB030045
:10B9700019002000E4F7EEFB0300180000F0BDFE04
:10B98000031E12D17B68032B0AD8796801235B421E
:10B990000022180000F07CFE0E4B7A681A600DE061
:10B9A0000F23FB1801221A7008E00F23FB18012255
:10B9B0001A7003E00F23FB1801221A700F23FB18E3
:10B9C0001B781800BD4605B090BDC0466803002036
:10B9D000240300206403002080B500AF054B1B78D2
:10B9E0001A00054B1B68D218034B1A60C046BD46AF
:10B9F00080BDC0466803002038AD012080B500AF8F
:10BA0000024B1B681800BD4680BDC04638AD012002
:10BA100080B584B000AF7860FFF7F0FF0300BB6033
:10BA20007B68FB60FB68013305D00A4B1B781A006A
:10BA3000FB689B18FB60C046FFF7E0FF0200BB6895
:10BA4000D31AFA689A42F7D8C046C046BD4604B039
:10BA500080BDC0466803002080B500AF034B1B6863
:10BA60001B0C1B041B0C1800BD4680BD0058014078
:10BA700080B500AF034B1B681B051B0D1800BD46AE
:10BA800080BDC0460058014080B582B000AF7860EC
:10BA900039607B681B68054A1A403B681A437B681B
:10BAA0001A60C046BD4602B080BDC046FFFF3FFEE3
:10BAB00080B582B000AF78607B681A68E0235B04D1
:10BAC00013401800BD4602B080BD80B582B000AF03
:10BAD00078607B68DA68C0231B01134001D1012321
:10BAE00000E000231800BD4602B080BD80B584B0E0
:10BAF00000AFF860B9607A60FB689B6ABA681F2182
:10BB00000A400F2191400A00D2431A407B689B0EE5
:10BB10000F211940BB681F20034099400B001A43B6
:10BB2000FB689A62C046BD4604B080BD80B582B055
:10BB300000AF786039607B689A6A3B685B035B0B97
:10BB40001A437B689A62C046BD4602B080BD80B58C
:10BB500082B000AF786039607B689B6A3A685203B4
:10BB6000520BD2431A407B689A62C046BD4602B06F
:10BB700080BD000080B584B000AFF860B9607A6025
:10BB8000FB685B69BA681202D2431A40BB681B02A9
:10BB900079680B4004490B401A43FB685A61C04660
:10BBA000BD4604B080BDC04600FFFF0780B582B02F
:10BBB00000AF78607B689B68044A134001221A43F7
:10BBC0007B689A60C046BD4602B080BDE8FFFF7F3B
:10BBD00080B582B000AF78607B689B68044A1340F0
:10BBE00002221A437B689A60C046BD4602B080BDFF
:10BBF000E8FFFF7F80B582B000AF78607B689B680C
:10BC000001221340012B01D1012300E00023180081
:10BC1000BD4602B080BD80B582B000AF78607B6861
:10BC20009B6802221340022B01D1012300E0002374
:10BC30001800BD4602B080BD80B582B000AF78600C
:10BC40007B689B68044A134004221A437B689A600D
:10BC5000C046BD4602B080BDE8FFFF7F80B582B020
:10BC600000AF78607B689B68044A134010221A4337
:10BC70007B689A60C046BD4602B080BDE8FFFF7F8A
:10BC800080B582B000AF78607B689B680422134067
:10BC9000042B01D1012300E000231800BD4602B0AF
:10BCA00080BD0000B0B584B000AF78607B681B68D1
:10BCB0001800FFF7E5FF031E35D17B6854229B5C1B
:10BCC000012B01D1022335E07B68542201219954D4
:10BCD0000F257C197B68180000F028FB03002370F7
:10BCE0007B191B78002B19D17B689B6D134A13407D
:10BCF000802252001A437B689A657B680022DA65CD
:10BD00007B681B681C221A607B68542200219954AE
:10BD10007B681B681800FFF78FFF08E07B685422E0
:10BD20000021995403E00F23FB1802221A700F23FD
:10BD3000FB181B781800BD4604B0B0BDFEF0FFFF35
:10BD4000B0B584B000AF78607B6854229B5C012B57
:10BD500001D1022329E07B685422012199540F2547
:10BD60007C197B68180000F09FFA030023707B1990
:10BD70001B78002B12D17C197B68180000F05CFB4B
:10BD8000030023707B191B78002B07D17B689B6D08
:10BD9000084A134001221A437B689A657B68542243
:10BDA000002199540F23FB181B781800BD4604B0DE
:10BDB000B0BDC046FEFEFFFF80B584B000AF786026
:10BDC00039607B685B69082B02D10823FB600FE0B8
:10BDD0007B681B68DB680122134007D07B689B6D82
:10BDE00020221A437B689A65012372E00423FB60DA
:10BDF000FFF704FE0300BB601FE03B6801331CD06B
:10BE0000FFF7FCFD0200BB68D31A3A689A4202D3DE
:10BE10003B68002B11D17B681B681B68FA681340D4
:10BE20000BD17B689B6D04221A437B689A657B6803
:10BE300054220021995403234BE07B681B681B6844
:10BE4000FA681340D9D07B689B6D802292001A4318
:10BE50007B689A657B681B681800FFF736FE031E37
:10BE60002ED07B689B7E002B2AD17B681B681B68C9
:10BE700008221340082B23D17B681B681800FFF7AA
:10BE8000FFFE031E10D17B681B685A687B681B6825
:10BE90000C218A435A607B689B6D104A1340012233
:10BEA0001A437B689A650BE07B689B6D20221A43DE
:10BEB0007B689A657B68DB6D01221A437B68DA65D3
:10BEC0007B681B7E002B03D17B681B680C221A60E9
:10BED00000231800BD4604B080BDC046FEFEFFFF33
:10BEE00080B582B000AF78607B681B681B6C18005F
:10BEF000BD4602B080BD000080B586B000AF78605E
:10BF000039601723FB1800221A700023FB607B683E
:10BF100054229B5C012B01D10223C0E17B68542297
:10BF2000012199547B681B681800FFF7A9FE031EC6
:10BF300000D0A3E13B685B68022B00D143E17B6842
:10BF40001A6980231B069A4204D07B681B69C14A88
:10BF5000934208D17B681A683B681B68190010007F
:10BF6000FFF7E4FDC9E07B681A6E3B685B681F2140
:10BF70000B400F2199400B00DB43134019003B6835
:10BF80001B685B035B0B05D13B681B689B0E1F2284
:10BF9000134098E03B681B680122134000D091E0F9
:10BFA0003B681B680222134000D089E03B681B6895
:10BFB0000422134000D081E03B681B680822134034
:10BFC00000D079E03B681B681022134000D071E07C
:10BFD0003B681B682022134000D069E03B681B6867
:10BFE0004022134000D061E03B681B688022134070
:10BFF00000D059E03B681A6880235B00134051D1A0
:10C000003B681A6880239B00134049D13B681A683B
:10C010008023DB00134041D13B681A6880231B0159
:10C02000134039D13B681A6880235B01134031D13A
:10C030003B681A6880239B01134029D13B681A682A
:10C040008023DB01134021D13B681A6880231B0247
:10C05000134019D13B681A6880235B02134011D149
:10C060003B681A6880239B02134009D13B681A6819
:10C070008023DB02134001D0122324E0002322E0BE
:10C08000112320E010231EE00F231CE00E231AE0F2
:10C090000D2318E00C2316E00B2314E00A2312E012
:10C0A000092310E008230EE007230CE006230AE032
:10C0B000052308E0042306E0032304E0022302E052
:10C0C000012300E000233A6852681F200240934099
:10C0D0000A001A437B681A663B685B689B085A1C17
:10C0E0007B68DB699A4208D87B6818683B685968A6
:10C0F0003B681B681A00FFF7F9FC7B6818683B680F
:10C1000019683B689B681A00FFF734FD3B681B68A1
:10C11000002B00DBBCE0504B1800FFF7C9FC03000C
:10C120003B613B681B684D4A934222D13A698023A8
:10C130001B0413401DD13B69802212041343464A5D
:10C1400019001000FFF7A0FC454B1B68454918007B
:10C15000E4F700F803005A1C13005B009B189B00D7
:10C16000FB6002E0FB68013BFB60FB68002BF9D140
:10C170008EE03B681B683C4A93420ED13A698023AB
:10C180005B04134009D13B69802252041343324AB5
:10C1900019001000FFF778FC7AE03B681B68334A0F
:10C1A000934200D074E03A698023DB03134000D04F
:10C1B0006EE03B698022D2031343274A1900100026
:10C1C000FFF762FC64E07B681A6980231B069A42D1
:10C1D00004D07B681B691F4A934207D17B681A68A9
:10C1E0003B681B6819001000FFF7B1FC3B681B6837
:10C1F000002B4DDA184B1800FFF75AFC03003B6187
:10C200003B681B68154A934208D13B69184A1340A2
:10C21000114A19001000FFF737FC39E03B681B6832
:10C22000114A934208D13B69124A13400A4A190045
:10C230001000FFF729FC2BE03B681B680B4A934278
:10C2400026D13B690C4A1340034A19001000FFF73E
:10C250001BFC1DE00400008008270140001000B016
:10C2600024030020400D0300004000B8002000B46B
:10C27000FFFF7FFFFFFFFFFEFFFFBFFF7B689B6DA0
:10C2800020221A437B689A651723FB1801221A7033
:10C290007B685422002199541723FB181B7818003F
:10C2A000BD4606B080BDC04680B584B000AF7860A2
:10C2B0007B681B681800FFF7E3FC031E31D07B6826
:10C2C0001B681800FFF7A7FC031E04D17B681B68DE
:10C2D0001800FFF7C3FCFFF791FB0300FB601AE0B7
:10C2E000FFF78CFB0200FB68D31A022B13D97B6883
:10C2F0001B689B68042213400DD07B689B6D102245
:10C300001A437B689A657B68DB6D01221A437B6860
:10C31000DA65012306E07B681B689B6804221340F2
:10C32000DED100231800BD4604B080BD80B584B0C6
:10C3300000AF78600023BB607B681B681800FFF7C4
:10C3400059FC031E00D069E07B681B689B68364A75
:10C3500013400DD07B689B6D10221A437B689A6551
:10C360007B68DB6D01221A437B68DA65012356E0A6
:10C370007B681B681800FFF719FC2C4B1800FFF7AF
:10C3800097FB020080231B0413400FD0284B1B682F
:10C3900028491800E3F7DEFE03000133BB6002E02A
:10C3A000BB68013BBB60BB68002BF9D17B685B7E3F
:10C3B000012B33D0FFF722FB0300FB6027E07B68F3
:10C3C0001B681800FFF716FC031E04D17B681B686E
:10C3D0001800FFF7EBFBFFF711FB0200FB68D31A15
:10C3E000022B14D97B681B681B6801221340012BA8
:10C3F0000DD07B689B6D10221A437B689A657B6821
:10C40000DB6D01221A437B68DA65012307E07B6854
:10C410001B681B6801221340012BD0D10023180098
:10C42000BD4604B080BDC04617000080082701400B
:10C4300024030020400D030080B584B000AF786075
:10C440007B681B681800FFF7E6FB0300FB607B6856
:10C450001B681800FFF7CEFB031E46D0FB68002BBD
:10C4600043D17B681B689B6805221340012B0DD1CB
:10C470007B681B681800FFF7ABFB7B681B68032217
:10C480001A60FFF7BBFA0300BB6028E07B689B6D76
:10C4900010221A437B689A657B68DB6D01221A4380
:10C4A0007B68DA65012321E0FFF7A8FA0200BB6888
:10C4B000D31A022B13D97B681B689B680122134097
:10C4C0000DD07B689B6D10221A437B689A657B6850
:10C4D000DB6D01221A437B68DA65012306E07B6885
:10C4E0001B689B6801221340DED100231800BD4663
:10C4F00004B080BD80B582B000AF0200FB1D1A7091
:10C50000FB1D1B787F2B09D8FB1D1B781A001F23EE
:10C510001A40044B012191400A001A60C046BD46F2
:10C5200002B080BD00E100E080B582B000AF020043
:10C53000FB1D1A70FB1D1B787F2B10D8FB1D1B7871
:10C540001A001F231340084901229A401300802239
:10C550008B50BFF34F8FC046BFF36F8FC046C046AE
:10C56000BD4602B080BDC04600E100E090B583B09A
:10C5700000AF02003960FB1D1A70FB1D1B787F2B7A
:10C5800028D82F4AFB1D1B785BB29B08C0339B0049
:10C590009B58FA1D1278110003220A40D200FF2195
:10C5A00091400A00D2431A4011003B689B01FF22D0
:10C5B0001A40FB1D1B78180003230340DB009A4040
:10C5C0001F48FB1D1B785BB29B080A43C0339B00CE
:10C5D0001A5031E01B4AFB1D1B7819000F230B403A
:10C5E000083B9B0806339B00D31804331B68FA1DD5
:10C5F0001278110003220A40D200FF2191400A0064
:10C60000D2431A4011003B689B01FF221A40FB1DD8
:10C610001B78180003230340DB009A400948FB1DE8
:10C620001B781C000F232340083B9B080A4306335A
:10C630009B00C31804331A60C046BD4603B090BDCA
:10C6400000E100E000ED00E080B582B000AF78606E
:10C650007B685A1E80235B049A4201D3012310E0B9
:10C660000A4B7A68013A5A6001235B4203211800A1
:10C67000FFF77CFF054B00229A60044B07221A60EB
:10C6800000231800BD4602B080BDC04610E000E0A7
:10C6900080B584B000AFB9607A600F217B18021CAE
:10C6A0001A70BA687B181B785BB211001800FFF78C
:10C6B0005DFFC046BD4604B080BD80B582B000AF0E
:10C6C0000200FB1D1A70FB1D1B785BB21800FFF700
:10C6D00011FFC046BD4602B080BD80B582B000AF3C
:10C6E0000200FB1D1A70FB1D1B785BB21800FFF7E0
:10C6F0001BFFC046BD4602B080BD80B582B000AF12
:10C7000078607B681800FFF79FFF03001800BD46A4
:10C7100002B080BD80B582B000AF78607B68002B2E
:10C7200001D1012356E07B685B7FDBB2002B06D191
:10C730007B6800221A777B681800F6F761FB7B683C
:10C7400002225A777B681B79002B0CD17B681B680F
:10C75000224A5A617B681B689A687B681B681821AB
:10C760008A439A600BE07B6899687B68DA687B682B
:10C77000180000F093F9031E01D001232AE07B6822
:10C780005B79002B05D17B681B68012252421A613C
:10C7900004E07B681B687A6812691A617B681B6811
:10C7A0009B686022934319007B685A697B681B6809
:10C7B0000A439A607B681B689B6880229343190038
:10C7C0007B689A697B681B680A439A607B680122D0
:10C7D0005A7700231800BD4602B080BDB71DC104C2
:10C7E00080B586B000AFF860B9607A6000233B6125
:10C7F000FB6802225A77FB681B6A032B05D02DD8F1
:10C80000012B19D0022B20D028E000237B610AE005
:10C810007B699B00BA68D218FB681B6812681A60B3
:10C820007B6901337B617A697B689A42F0D3FB684C
:10C830001B681B683B6112E07A68B968FB681800E6
:10C8400000F064F803003B6109E07A68B968FB68AE
:10C85000180000F0ECF803003B6100E0C046FB6804
:10C8600001225A773B691800BD4606B080BD80B5ED
:10C8700086B000AFF860B9607A6000233B61FB6866
:10C8800002225A77FB681B689A68FB681B680121C3
:10C890000A439A60FB681B6A032B05D02DD8012B35
:10C8A00019D0022B20D028E000237B610AE07B69AD
:10C8B0009B00BA68D218FB681B6812681A607B6913
:10C8C00001337B617A697B689A42F0D3FB681B680D
:10C8D0001B683B6112E07A68B968FB68180000F0D9
:10C8E00015F803003B6109E07A68B968FB68180035
:10C8F00000F09DF803003B6100E0C046FB680122A8
:10C900005A773B691800BD4606B080BD80B588B037
:10C9100000AFF860B9607A600023FB6123E0FB6937
:10C920009B00BA68D3181B781A06FB699B00013379
:10C93000B968CB181B781B041A43FB699B000233B0
:10C94000B968CB181B781B021A43FB699B000333A1
:10C95000B968CB181B781900FB681B680A431A607A
:10C96000FB690133FB617B689B08FA699A42D6D365
:10C970007B680322134053D07B6803221340012BB2
:10C9800007D1FB699B00BA68D218FB681B68127854
:10C990001A707B6803221340022B19D1FB699B009C
:10C9A000BA68D3181B781B021AB2FB699B000133CB
:10C9B000B968CB181B781BB213431AB21A217B1823
:10C9C0001A80FB681B687B617B697A1812881A8061
:10C9D0007B6803221340032B22D1FB699B00BA68BA
:10C9E000D3181B781B021AB2FB699B000133B9688C
:10C9F000CB181B781BB213431AB21A217B181A806A
:10CA0000FB681B687B617B697A1812881A80FB6956
:10CA10009B000233BA68D218FB681B6812781A7040
:10CA2000FB681B681B681800BD4608B080BD80B558
:10CA300086B000AFF860B9607A6000237B6113E0D4
:10CA40007B699B00BA68D3181B881A047B699B001A
:10CA50000233B968CB181B881900FB681B680A43AE
:10CA60001A607B6901337B617B685B087A699A4253
:10CA7000E6D37B680122134009D0FB681B683B6149
:10CA80007B699B00BA68D3181A883B691A80FB68D7
:10CA90001B681B681800BD4606B080BD80B586B017
:10CAA00000AFF860B9607A601723FB1800221A7093
:10CAB0001F233B61C0463B695A1E3A61002B08D0D8
:10CAC0003B691F221340BA68DA4013000122134069
:10CAD000F1D07B68182B0FD07B68182B24D87B688B
:10CAE000102B11D07B68102B1ED87B68002B20D018
:10CAF0007B68082B10D017E03B69062B1BD9172346
:10CB0000FB1801221A7016E03B69072B15D9172371
:10CB1000FB1801221A7010E03B690F2B0FD9172365
:10CB2000FB1801221A700AE01723FB1801221A7061
:10CB300006E0C04604E0C04602E0C04600E0C04651
:10CB40001723FB181B78002B0ED1FB681B68BA68F3
:10CB50005A61FB681B689B68182293431900FB68A5
:10CB60001B687A680A439A601723FB181B78180021
:10CB7000BD4606B080BD000080B582B000AF7860D1
:10CB80007B68002B01D1012391E07B681B681A00B0
:10CB9000494B9A4210D87B681B68484A94466344C4
:10CBA00014211800E3F7D6FA03009A007B685A6450
:10CBB0007B68434A1A640FE07B681B68414A9446CD
:10CBC000634414211800E3F7C5FA03009A007B6858
:10CBD0005A647B683C4A1A647B6825220221995476
:10CBE0007B681B681A687B681B6838490A401A60B2
:10CBF0007B681B6819687B689A687B68DB681A43E6
:10CC00007B681B691A437B685B691A437B689B6975
:10CC10001A437B68DB691A437B681B6A1A437B688B
:10CC20001B680A431A607B68180000F0A9FA7B6849
:10CC30009A688023DB019A4202D17B6800225A6005
:10CC40007B685A687B689B6C7F210A401A607B680E
:10CC5000DB6C7A68126D5A607B685B68002B11D0C0
:10CC60007B685B68042B0DD87B68180000F0D2FA53
:10CC70007B685B6D00221A607B689B6D7A68D26D61
:10CC80005A6008E07B6800225A657B6800229A653A
:10CC90007B680022DA657B680022DA637B682522E4
:10CCA000012199547B682422002199540023180003
:10CCB000BD4602B080BDC04607040240F8FFFDBF7C
:10CCC00000000240F8FBFDBF000402400F80FFFFA0
:10CCD00080B586B000AFF860B9607A603B6017231A
:10CCE000FB1800221A70FB6824229B5C012B01D1E7
:10CCF00002236FE0FB68242201219954FB6825225E
:10CD00009B5CDBB2012B57D1FB6825220221995491
:10CD1000FB680022DA63FB681B681A68FB681B6803
:10CD200001218A431A603B687A68B968F86800F0A4
:10CD3000EBF9FB681B6B002B08D0FB681B681A68BB
:10CD4000FB681B680E210A431A600FE0FB681B6832
:10CD50001A68FB681B6804218A431A60FB681B6819
:10CD60001A68FB681B680A210A431A60FB689B6CFF
:10CD70001A6880235B02134008D0FB689B6C1A681A
:10CD8000FB689B6C802149000A431A60FB685B6D5D
:10CD9000002B08D0FB685B6D1A68FB685B6D802117
:10CDA00049000A431A60FB681B681A68FB681B6825
:10CDB00001210A431A600AE0FB688022DA63FB68FB
:10CDC0002422002199541723FB1801221A701723DB
:10CDD000FB181B781800BD4606B080BD80B582B038
:10CDE00000AF78607B68002B01D101234FE07B68A6
:10CDF00025229B5CDBB2022B08D07B680422DA631D
:10CE00007B68242200219954012340E07B681B6841
:10CE10001A687B681B680E218A431A607B689B6CCA
:10CE20001A687B689B6C1C490A401A607B681B6807
:10CE30001A687B681B6801218A431A607B685B6CF7
:10CE40001C221A407B681B6C012191400A005A6029
:10CE50007B68DB6C7A68126D5A607B685B6D002BB7
:10CE60000CD07B685B6D1A687B685B6D0A490A4071
:10CE70001A607B689B6D7A68D26D5A607B68252248
:10CE8000012199547B682422002199540023180021
:10CE9000BD4602B080BDC046FFFEFFFF80B584B036
:10CEA00000AF78600F217B1800221A707B68252262
:10CEB0009B5CDBB2022B06D07B680422DA637B1812
:10CEC00001221A7048E07B681B681A687B681B683F
:10CED0000E218A431A607B681B681A687B681B688E
:10CEE00001218A431A607B689B6C1A687B689B6C83
:10CEF0001D490A401A607B685B6C1C221A407B68E3
:10CF00001B6C012191400A005A607B68DB6C7A68D7
:10CF1000126D5A607B685B6D002B0CD07B685B6D7B
:10CF20001A687B685B6D10490A401A607B689B6DCC
:10CF30007A68D26D5A607B682522012199547B68FA
:10CF40002422002199547B689B6B002B04D07B68C2
:10CF50009B6B7A68100098470F23FB181B7818000A
:10CF6000BD4604B080BDC046FFFEFFFF80B584B063
:10CF700000AF78607B681B6C1B68FB607B681B687C
:10CF80001B68BB607B685B6C1C22134004229A40C8
:10CF90001300FA68134026D0BB680422134022D045
:10CFA0007B681B681B682022134007D17B681B68C5
:10CFB0001A687B681B6804218A431A607B685B6C73
:10CFC0001C221A407B681B6C042191400A005A60A5
:10CFD0007B681B6B002B00D180E07B681B6B7A6841
:10CFE000100098477AE07B685B6C1C221340022299
:10CFF0009A401300FA6813403CD0BB6802221340E9
:10D0000038D07B681B681B68202213400BD17B68DB
:10D010001B681A687B681B680A218A431A607B6850
:10D020002522012199547B681B681A002E4B9A42D5
:10D0300009D97B685B6C1C221A402C4B0221914061
:10D040000A005A6008E07B685B6C1C221A40284B7F
:10D05000022191400A005A607B68242200219954E1
:10D060007B68DB6A002B39D07B68DB6A7A6810004A
:10D07000984733E07B685B6C1C22134008229A407F
:10D080001300FA6813402AD0BB680822134026D048
:10D090007B681B681A687B681B680E218A431A60CC
:10D0A0007B685B6C1C221A407B681B6C01219140E1
:10D0B0000A005A607B680122DA637B68252201211D
:10D0C00099547B682422002199547B685B6B002B68
:10D0D00005D07B685B6B7A6810009847C046C046F5
:10D0E000BD4604B080BDC04680000240000402403E
:10D0F0000000024080B582B000AF78607B68DB6BD7
:10D100001800BD4602B080BD80B584B000AFF860A5
:10D11000B9607A603B60FB68DB6CFA68126D5A603C
:10D12000FB685B6D002B04D0FB689B6DFA68D26DC9
:10D130005A60FB685B6C1C221A40FB681B6C012167
:10D1400091400A005A60FB681B683A685A60FB68A5
:10D150009B68102B08D1FB681B687A689A60FB6893
:10D160001B68BA68DA6007E0FB681B68BA689A60F7
:10D17000FB681B687A68DA60C046BD4604B080BDB3
:10D1800080B584B000AF78607B681B681A001D4BC7
:10D190009A4214D87B685B6C9B089B001A4A9A18C9
:10D1A0007B689A647B681B681A00FF231340083B66
:10D1B00014211800E2F7CEFF0300FB6014E07B6847
:10D1C0005B6C9B089B00114A9A187B689A647B6889
:10D1D0001B681A00FF231340083B14211800E2F7D4
:10D1E000B9FF03000733FB607B68094ADA64FB6818
:10D1F0001F22134001229A407B681A65C046BD4633
:10D2000004B080BD07040240000802401C08024030
:10D210008008024080B584B000AF78607B685B68AE
:10D220007F221340FB60FB680A4A944663449B00DC
:10D230001A007B685A657B68074A9A65FB68013B60
:10D240000322134001229A407B68DA65C046BD463E
:10D2500004B080BD3F82001040090240B0B586B0E6
:10D2600000AFF860B9603A607B60214B1B78012BFE
:10D2700001D1022338E01E4B01221A701C4B002200
:10D280005A6017257C19FA239B00180000F074F8E7
:10D29000030023707B191B78002B1FD1FB68012B27
:10D2A00006D13A687B68B968080000F0B3F805E079
:10D2B0003A68BB68110018000DF0DEF81723FC185F
:10D2C000FA239B00180000F057F803002370094B65
:10D2D0005A69FB68D943074B0A405A61044B002244
:10D2E0001A701723FB181B781800BD4606B0B0BD96
:10D2F0003CAD01200020024080B582B000AFFB1D94
:10D3000000221A700B4B5B69002B0CDA094B0A4A9E
:10D310009A60084B094A9A60064B5B69002B02DA57
:10D32000FB1D01221A70FB1D1B781800BD4602B0C0
:10D3300080BDC0460020024023016745AB89EFCD88
:10D3400080B582B000AFFB1D01221A70094B5A69EB
:10D35000084B802109060A435A61064B5B69002B82
:10D3600002DAFB1D00221A70FB1D1B781800BD4657
:10D3700002B080BD0020024080B584B000AF78606C
:10D38000FEF73CFB02007B689B18FB60C0239B02FE
:10D39000BB6007E0FEF732FB0200FB68934201D856
:10D3A00003232AE0174B1B69BA681340F2D1154BCF
:10D3B0001B69154A1340BB60124B144A1A61BB68C3
:10D3C000002B04D0124BBA685A60012315E0FEF717
:10D3D00015FB02007B689B18FB6007E0FEF70EFB65
:10D3E0000200FB68934201D8032306E0054B1A694B
:10D3F0008023DB021340F1D100231800BD4604B0A6
:10D4000080BDC04600200240FAC30000FBC30800F4
:10D410003CAD0120B0B584B000AFF8603A607B60ED
:10D420000B4B5A690A4B01210A435A61FB683A685F
:10D430001A60BFF36F8FC0467B681C0000231D007D
:10D44000FB68043322001A60C046BD4604B0B0BD7C
:10D4500000200240B0B584B000AF78603960334B33
:10D460001B78012B01D102235CE0304B01221A70A2
:10D470002E4B00225A600F257C19FA239B001800BE
:10D48000FFF77AFF030023702C003B191B78002B59
:10D4900042D17B681B68042B0DD17B685B68180048
:10D4A00000F048F83C19FA239B001800FFF764FFCE
:10D4B0000300237030E03B68012252421A607B680F
:10D4C0009B68BB601AE07B685B68BA681100180053
:10D4D00000F044F80F257C19FA239B001800FFF791
:10D4E0004BFF030023707B191B78002B03D03B6894
:10D4F000BA681A600AE0BB680133BB607B689A684F
:10D500007B68DB68D318BA689A42DCD3084B5A6947
:10D51000074B02218A435A61044B00221A700F23E1
:10D52000FB181B781800BD4604B0B0BD3CAD01200F
:10D530000020024080B582B000AF7860064B5A6987
:10D540007B681A43044B802149020A435A61C04652
:10D55000BD4602B080BDC0460020024080B584B008
:10D5600000AF786039600023FB60C046594B1A69F0
:10D5700080239B021340F9D1564B1A69554B012168
:10D580000A431A61534B1A69524B10210A431A611C
:10D59000504B1A694F4B08210A431A614D4B5A6987
:10D5A0004C4B02210A435A614B4B1A68C0239B041F
:10D5B00013400ED0484B1A68C0239B041A408023A6
:10D5C0005B049A420FD1454B1A6880239B0313409A
:10D5D00009D1434B1B689B02424A1340802212052B
:10D5E0009446634409E03E4B1B689B025B083E4A3D
:10D5F000134080221205944663443A6893420DD941
:10D600003B68F822120694466344DB0AFB60314B08
:10D610005A69304B35490A405A6133E02E4B1A683B
:10D62000C0239B0413400ED02B4B1A68C0239B04CD
:10D630001A4080235B049A420FD1284B1A6880233A
:10D640009B03134009D1264B1B689B02254A1340BC
:10D65000802212059446634409E0214B1B689B021B
:10D660005B08214A134080221205944663443A68BD
:10D67000D31ADB0AFB60174B5A69164B80218901CC
:10D680000A435A61134B5969FB68DB00184A1A4078
:10D69000104B0A435A610F4B5A690E4B80214902C5
:10D6A0000A435A61C0460B4B1A6980239B02134000
:10D6B000F9D1084B5A69074B02218A435A61054B3D
:10D6C0005A69044B920F92075A61C046BD4604B096
:10D6D00080BDC046002002400075FF1F2020024090
:10D6E000E075FF1F00FC0F0000FE0700FFDFFFFFDB
:10D6F000F81F000080B586B000AF78603960002365
:10D700007B614DE13B681B6801217A6991400A0009
:10D710001340FB60FB68002B00D13EE13B685B6877
:10D7200003221340012B05D03B685B6803221340A2
:10D73000022B30D17B689B683B617B695B000322D5
:10D740009A401300DA433B6913403B613B68DA6857
:10D750007B695B009A4013003A6913433B617B6825
:10D760003A699A607B685B683B6101227B699A40F9
:10D770001300DA433B6913403B613B685B681B095C
:10D7800001221A407B699A4013003A6913433B61B6
:10D790007B683A695A603B685B6803221340032B3D
:10D7A00017D07B68DB683B617B695B0003229A4092
:10D7B0001300DA433B6913403B613B689A687B691D
:10D7C0005B009A4013003A6913433B617B683A69F6
:10D7D000DA603B685B6803221340022B23D17B692C
:10D7E000DA087B6808329200D3583B617B690722D4
:10D7F00013409B000F229A401300DA433B69134009
:10D800003B613B681A697B6907210B409B009A408A
:10D8100013003A6913433B617B69DA087B6808327D
:10D8200092003969D1507B681B683B617B695B0062
:10D8300003229A401300DA433B6913403B613B6883
:10D840005B6803221A407B695B009A4013003A69C7
:10D8500013433B617B683A691A603B685A68C0238E
:10D860009B02134000D198E0534A7B699B08183310
:10D870009B009B583B617B6903221340DB000F2216
:10D880009A401300DA433B6913403B617A68A02356
:10D89000DB059A4219D07B68484A934213D07B68D3
:10D8A000474A93420DD07B68464A934207D07B6833
:10D8B000454A934201D1042308E0052306E00323EF
:10D8C00004E0022302E0012300E000237A6903213F
:10D8D0000A40D20093403A6913433B6136497B6961
:10D8E0009B0818339B003A695A50334B1B683B61C5
:10D8F000FB68DA433B6913403B613B685A6880230D
:10D900005B03134003D03A69FB6813433B612A4B26
:10D910003A691A60284B5B683B61FB68DA433B69F4
:10D9200013403B613B685A6880239B03134003D03C
:10D930003A69FB6813433B611F4B3A695A601E4AC0
:10D940008423D3583B61FB68DA433B6913403B6156
:10D950003B685A6880239B02134003D03A69FB68F6
:10D9600013433B61144984223B698B50124A802344
:10D97000D3583B61FB68DA433B6913403B613B682A
:10D980005A6880235B02134003D03A69FB68134353
:10D990003B61094980223B698B507B6901337B6184
:10D9A0003B681A687B69DA40131E00D0AAE6C046BD
:10D9B000C046BD4606B080BD0018024000040050BD
:10D9C00000080050000C00500010005080B586B0D8
:10D9D00000AF7860396000237B61BAE001227B6987
:10D9E0009A403B6813403B613B69002B00D1ADE09E
:10D9F0005D4A7B699B0818339B009B58FB607B69E1
:10DA000003221340DB000F229A40FB681340FB60A7
:10DA10007A68A023DB059A4219D07B68534A934267
:10DA200013D07B68524A93420DD07B68514A93428F
:10DA300007D07B68504A934201D1042308E00523B4
:10DA400006E0032304E0022302E0012300E00023B8
:10DA50007A6903210A40D2009340FA689A4236D18B
:10DA6000414A8023D3583A69D2433F491340802228
:10DA70008B503D4A8423D3583A69D2433A491340E4
:10DA800084228B50384B5A683B69D943364B0A4045
:10DA90005A60354B1A683B69D943334B0A401A60C8
:10DAA0007B6903221340DB000F229A401300FB60C6
:10DAB0002D4A7B699B0818339B009A58FB68D94311
:10DAC00029487B699B080A4018339B001A507B68E1
:10DAD0001A687B695B00032199400B001A437B683D
:10DAE0001A607B69DA087B6808329200D3587A6939
:10DAF00007210A4092000F2191400A00D1437A6920
:10DB0000D20819407B6808329200D1507B689B682C
:10DB10007A695200032191400A00D2431A407B687F
:10DB20009A607B685B6801217A6991400A00D24360
:10DB30001A407B685A607B68DB687A69520003216F
:10DB400091400A00D2431A407B68DA607B69013356
:10DB50007B613A687B69DA40131E00D03EE7C0461D
:10DB6000C046BD4606B080BD00180240000400500B
:10DB700000080050000C00500010005080B584B028
:10DB800000AF78600A00BB1C1A807B681B69BA1C56
:10DB90001288134004D00F23FB1801221A7003E0EF
:10DBA0000F23FB1800221A700F23FB181B78180094
:10DBB000BD4604B080BD80B582B000AF786008007B
:10DBC0001100BB1C021C1A807B1C0A1C1A707B1CD7
:10DBD0001B78002B04D0BB1C1A887B689A6103E079
:10DBE000BB1C1A887B689A62C046BD4602B080BDE5
:10DBF00080B584B000AF78600A00BB1C1A807B68D7
:10DC00005B69FB60BB1C1B88FA6813401A04FB6845
:10DC1000DB43B91C09880B401A437B689A61C046F4
:10DC2000BD4604B080BD000080B582B000AF786012
:10DC30007B68002B01D1012382E07B6841229B5C41
:10DC4000DBB2002B07D17B684022002199547B680E
:10DC50001800F6F7EBFA7B684122242199547B687F
:10DC60001B681A687B681B6801218A431A607B68FD
:10DC70005A687B681B6834490A401A617B681B68D4
:10DC80009A687B681B6831490A409A607B68DB6848
:10DC9000012B08D17B689A687B681B688021090288
:10DCA0000A439A6007E07B689A687B681B68842156
:10DCB00009020A439A607B68DB68022B04D17B6807
:10DCC0001B68802212015A607B681B685A687B6857
:10DCD0001B681F490A435A607B681B68DA687B68C7
:10DCE0001B681A490A40DA607B681A697B685B69BD
:10DCF0001A4311007B689B691A027B681B680A4300
:10DD0000DA607B68D9697B681A6A7B681B680A439A
:10DD10001A607B681B681A687B681B6801210A43CC
:10DD20001A607B6800225A647B6841222021995442
:10DD30007B6800221A637B684222002199540023E9
:10DD40001800BD4602B080BDFFFFFFF0FF7FFFFF60
:10DD50000080000290B589B002AFF86008007A60D8
:10DD600019000A23FB18021C1A800823FB180A1C3E
:10DD70001A80FB6841229B5CDBB2202B00D0E7E0DD
:10DD8000FB6840229B5C012B01D10223E1E0FB6890
:10DD9000402201219954FDF731FE03007B6180236D
:10DDA0001902F8687B6900931923012200F0FCF83E
:10DDB000031E01D00123CCE0FB68412221219954AC
:10DDC000FB68422210219954FB6800225A64FB68C8
:10DDD0007A685A62FB680822BA1812885A85FB686A
:10DDE00000225A63FB685B8D9BB2FF2B11D9FB6845
:10DDF000FF221A85FB681B8DDAB280235C040A239C
:10DE0000FB181988F868554B0093230000F086FA38
:10DE100075E0FB685B8D9AB2FB681A85FB681B8D09
:10DE2000DAB280239C040A23FB181988F8684B4B4C
:10DE30000093230000F072FA61E07A69B96AFB6826
:10DE4000180000F0F0F8031E01D0012381E0FB6808
:10DE50005B6A1A78FB681B689A62FB685B6A5A1CEB
:10DE6000FB685A62FB685B8D9BB2013B9AB2FB6810
:10DE70005A85FB681B8D013B9AB2FB681A85FB68CB
:10DE80005B8D9BB2002B3AD0FB681B8D002B36D1EB
:10DE9000BA6AF8687B69009313000022802100F0C1
:10DEA00083F8031E01D0012353E0FB685B8D9BB216
:10DEB000FF2B11D9FB68FF221A85FB681B8DDAB294
:10DEC00080235C040A23FB181988F8680023009358
:10DED000230000F023FA12E0FB685B8D9AB2FB6826
:10DEE0001A85FB681B8DDAB280239C040A23FB1879
:10DEF0001988F86800230093230000F00FFAFB68EC
:10DF00005B8D9BB2002B98D17A69B96AFB681800C7
:10DF100000F0C8F8031E01D001231AE0FB681B685B
:10DF20002022DA61FB681B685A68FB681B680C4991
:10DF30000A405A60FB68412220219954FB68422222
:10DF400000219954FB68402200219954002300E0ED
:10DF500002231800BD4607B090BDC04600200080D7
:10DF600000E800FE80B582B000AF78607B681B6877
:10DF70009B6902221340022B03D17B681B6800229D
:10DF80009A627B681B689B6901221340012B07D0B2
:10DF90007B681B689A697B681B6801210A439A6148
:10DFA000C046BD4602B080BD80B584B000AFF86009
:10DFB000B9603B60FB1D1A7021E03B6801331ED045
:10DFC000FDF71CFD0200BB69D31A3A689A4202D3DE
:10DFD0003B68002B13D1FB685B6C20221A43FB6863
:10DFE0005A64FB68412220219954FB684222002197
:10DFF0009954FB6840220021995401230FE0FB68EB
:10E000001B689B69BA681340BA68D31A5A425341D5
:10E01000DBB21A00FB1D1B789A42CED000231800F9
:10E02000BD4604B080BD80B584B000AFF860B96073
:10E030007A602BE07A68B968FB68180000F06EF827
:10E04000031E01D0012329E0BB6801331ED0FDF778
:10E05000D5FC02007B68D31ABA689A4202D3BB6827
:10E06000002B13D1FB685B6C20221A43FB685A64B7
:10E07000FB68412220219954FB68422200219954D7
:10E08000FB68402200219954012307E0FB681B68CC
:10E090009B6902221340022BCCD100231800BD46FD
:10E0A00004B080BD80B584B000AFF860B9607A601C
:10E0B00028E07A68B968FB68180000F02FF8031EA2
:10E0C00001D0012326E0FDF799FC02007B68D31AFA
:10E0D000BA689A4202D3BB68002B13D1FB685B6C11
:10E0E00020221A43FB685A64FB684122202199547C
:10E0F000FB68422200219954FB6840220021995478
:10E10000012307E0FB681B689B6920221340202B3A
:10E11000CFD100231800BD4604B080BD90B58BB0B0
:10E1200000AFF860B9607A602723FB1800221A70EC
:10E13000FB681B689B69BB6100233B627B68FB61DA
:10E14000BB691022134000D182E0FB681B681022DB
:10E15000DA6160E027243B193A1912781A70BB681B
:10E16000013358D0FDF74AFC0200FB69D31ABA68A4
:10E170009A4206D33B193A1912781A70BB68002BE1
:10E1800049D1FB681B685A688023DB0113407B611F
:10E1900013203B18FA684221525C1A70FB681B6816
:10E1A0009A6980231B021A4080231B029A4226D1BF
:10E1B0007A698023DB019A4221D03B181B78202BFF
:10E1C0001DD0FB681B685A68FB681B688021C90169
:10E1D0000A435A60FDF712FC0300FB610FE0FDF7F4
:10E1E0000DFC0200FB69D31A192B08D93B6A2022C7
:10E1F00013433B622723FB1801221A700BE0FB68D4
:10E200001B689B692022134027217A187918097806
:10E210001170202BE3D1FB681B689B6920221340FF
:10E22000202B04D02723FB181B78002B92D0272308
:10E23000FB181B78002B03D1FB681B682022DA61D6
:10E240003B6A042213433B622723FB1801221A7006
:10E25000FB681B689B69BB61BA6980235B00134044
:10E260000CD03B6A012213433B62FB681B6880228F
:10E270005200DA612723FB1801221A70BA69802341
:10E28000DB0013400CD03B6A082213433B62FB685F
:10E290001B688022D200DA612723FB1801221A7042
:10E2A000BA6980239B0013400CD03B6A02221343BF
:10E2B0003B62FB681B6880229200DA612723FB180F
:10E2C00001221A702723FB181B78002B1DD0FB6836
:10E2D0001800FFF747FEFB681B685A68FB681B685D
:10E2E0000D490A405A60FB685A6C3B6A1A43FB6846
:10E2F0005A64FB68412220219954FB684222002184
:10E300009954FB684022002199542723FB181B785D
:10E310001800BD460BB090BD00E800FE90B587B078
:10E3200000AFF860080011007B600A243B19021C52
:10E330001A8009203B180A1C1A703B191B889B0580
:10E340009A0D3B181B781904FF231B040B401A433A
:10E350007B681A43BB6A13435B005B087B61FB6805
:10E360001B685B68BA6A510D8022D2000A400749D7
:10E370000A43D2431A401100FB681B687A690A43BA
:10E380005A60C046BD4607B090BDC046FF63FF035C
:10E3900080B582B000AF786039607B6841229B5CB9
:10E3A000DBB2202B38D17B6840229B5C012B01D152
:10E3B000022332E07B684022012199547B6841228C
:10E3C000242199547B681B681A687B681B680121AB
:10E3D0008A431A607B681B681A687B681B6811494E
:10E3E0000A401A607B681B6819687B681B683A687A
:10E3F0000A431A607B681B681A687B681B680121E6
:10E400000A431A607B684122202199547B6840228C
:10E4100000219954002300E002231800BD4602B0F9
:10E4200080BDC046FFEFFFFF80B584B000AF7860CD
:10E4300039607B6841229B5CDBB2202B39D17B6841
:10E4400040229B5C012B01D1022333E07B684022F8
:10E45000012199547B684122242199547B681B68CF
:10E460001A687B681B6801218A431A607B681B68F5
:10E470001B68FB60FB68114A1340FB603B681B0292
:10E48000FA681343FB607B681B68FA681A607B6854
:10E490001B681A687B681B6801210A431A607B6845
:10E4A0004122202199547B68402200219954002365
:10E4B00000E002231800BD4604B080BDFFF0FFFF5E
:10E4C00080B588B000AF78607B68002B01D1012354
:10E4D000F2E07B6835229B5CDBB2002B07D17B68C6
:10E4E0003422002199547B681800F5F75DFF7B68A2
:10E4F0003522022199547B681B68DA697B681B68A6
:10E500006F490A40DA617B681B6802221A627B68E5
:10E510005B69022B00D183E07B68DB68002B02D1B2
:10E5200010237B6101E020237B617B689B68202BAB
:10E5300002D87B695B007B617B681B68614A934200
:10E5400007D180231B01180001F034FA0300FB609F
:10E5500006E080239B01180001F02CFA0300FB6009
:10E560007B681A6980239B009A4231D17B68DB6803
:10E57000002B16D07B699B001900F868E1F7EAFDD3
:10E5800003001A0013009B009B185B001A007B68B5
:10E590005B6919001000E1F7DDFD030005333B6105
:10E5A0002AE07B69DB001900F868E1F7D3FD03007E
:10E5B0001A0013009B009B185B001A007B685B69C4
:10E5C00019001000E1F7C6FD030005333B6113E0BD
:10E5D0007969F868E1F7BEFD03001A0013009B009B
:10E5E0009B185B001A007B685B6919001000E1F75B
:10E5F000B1FD030005333B613B690A211800E1F7D7
:10E60000A9FD03003B613B6901221340BB613A69EC
:10E61000BB69D31A5B08FB61BB691B02BB6103E0EA
:10E620000223FB610023BB61FB69012B02D9FB695B
:10E63000FF2B07D97B689B6B10221A437B689A6378
:10E64000012339E07B681A69BB691A4311007B68B2
:10E650001B68FA690A431A627B681B68DB69184AFF
:10E660001A407B6859687B689B6819437B68DB6844
:10E6700019437B689B690B431A437B681B688021A5
:10E6800009010A43DA617B689B68302B03D07B6801
:10E690009B68B02B08D17B681B68DA697B681B68B4
:10E6A000802149010A43DA617B6800229A637B6812
:10E6B00035220121995400231800BD4608B080BDC1
:10E6C00040F0FFFF0030014080B586B000AFF86039
:10E6D000B960BB1D1A80BB68002B03D0BB1D1B8813
:10E6E000002B01D1012391E0FB6834229B5CDBB25B
:10E6F000012B01D1022389E0FB68342201219954C6
:10E70000FB6835229B5CDBB2012B05D0FB68342211
:10E7100000219954022379E0FB68352203219954A2
:10E72000FB6800229A63FB68BA68DA61FB681B68C1
:10E73000DB69072213407B617B69032B02D07B6975
:10E74000052B0CD1BB1D1B88DB189AB2FB681A8401
:10E75000BB1D1B88DB189AB2FB685A8407E0FB6874
:10E76000BA1D12881A84FB68BA1D12885A84FB6885
:10E77000DB6A284A1A63FB68DB6A274ADA62FB68AD
:10E78000DB6A264A5A63FB68D86AFB68DB691900B2
:10E79000FB681B680C331A00FB681B8C9BB2FEF7EE
:10E7A00097FA031E0FD0FB689B6B08221A43FB6885
:10E7B0009A63FB68352201219954FB6834220021B9
:10E7C0009954012322E0FB681B68DA698023DB008F
:10E7D000134008D1FB681B68DA69FB681B6880215D
:10E7E000C9000A43DA61FB681B685B6802221340B8
:10E7F00007D1FB681B685A68FB681B6802210A4343
:10E800005A60FB6834220021995400231800BD4649
:10E8100006B080BD5BE9010817E9010879E9010844
:10E8200080B584B000AF78607B681B685B68FB6074
:10E830007B681B689B68BB60BB689B091A0001234F
:10E8400013400ED1BB68012213400AD0FB689B091C
:10E850001A000123134004D07B68180000F0E2F88E
:10E8600046E0BB685B081A00012313400AD0FB682E
:10E87000DB091A000123134004D07B68180000F064
:10E88000A2F835E0FB685B091A00012313402FD082
:10E89000BB689B091A00012313400DD07B681B68DD
:10E8A0005A687B681B6860218A435A607B689B6B4F
:10E8B00002221A437B689A63BB68DB081A000123B3
:10E8C00013400DD07B681B685A687B681B68A021C9
:10E8D0008A435A607B689B6B04221A437B689A6365
:10E8E0007B683522012199547B68180000F00BF8F1
:10E8F000BD4604B080BD80B582B000AF7860C04630
:10E90000BD4602B080BD80B582B000AF7860C04621
:10E91000BD4602B080BD80B584B000AF78607B6832
:10E920009B6AFB607B68DB69002B0ED1FB681B6870
:10E930005A68FB681B6802218A435A60FB68002200
:10E940005A84FB68352201219954FB681800F7F7B7
:10E95000C9FDC046BD4604B080BD80B584B000AFDF
:10E9600078607B689B6AFB60FB681800F7F780FDA6
:10E97000C046BD4604B080BD80B584B000AF7860AD
:10E980007B689B6AFB60FB681B685A68FB681B68B6
:10E9900003218A435A60FB6800225A84FB680022E4
:10E9A0005A85FB68352201219954FB689B6B08222C
:10E9B0001A43FB689A63FB681800FFF7A4FFC04680
:10E9C000BD4604B080BD80B582B000AF78607B6882
:10E9D000DB691A887B681B68DA607B68DB699A1CD4
:10E9E0007B68DA617B685B8C9BB2013B9AB27B6887
:10E9F0005A847B685B8C9BB2002B0FD17B681B68B1
:10EA00005A687B681B68A0218A435A607B6835225C
:10EA1000012199547B681800F7F764FDC046BD4694
:10EA200002B080BD80B582B000AF78607B681B68A3
:10EA3000DA687B685B6A92B21A807B685B6A9A1CB0
:10EA40007B685A627B685B8D9BB2013B9AB27B68A4
:10EA50005A857B685B8D9BB2002B0FD17B681B684E
:10EA60005A687B681B6860218A435A607B6835223C
:10EA7000012199547B681800FFF73DFFC046BD4651
:10EA800002B080BD80B500AFC046BD4680BD00006D
:10EA900080B584B000AF7860194B1B68194A1340E9
:10EAA0001900174B7A680A431A607A6880239B0022
:10EAB0009A421FD1144B1A6813005B009B185B002D
:10EAC00012491800E1F746FB03000133FB6008E040
:10EAD000FB68002B03D0FB68013BFB6001E00323D4
:10EAE00009E0074B5A698023DB001A408023DB00D2
:10EAF0009A42EDD000231800BD4604B080BDC04648
:10EB000000700040FFF9FFFF2403002040420F0087
:10EB100080B500AF034B9A68E023DB011340180077
:10EB2000BD4680BD0010024080B588B000AF78605F
:10EB30007B68002B02D1012300F050FB7B681B682F
:10EB40000122134000D17CE0C34B9B683822134064
:10EB5000BB61C14BDB68032213407B61BB69102B97
:10EB600002D17B69032B02D0BB69082B0BD1BA4BB6
:10EB70001A6880239B02134062D07B685B68002B7D
:10EB80005ED101232AE37B685A6880235B029A42A4
:10EB900007D1B14B1A68B04B802149020A431A6071
:10EBA00020E07B685A68A023DB029A420ED1AA4B70
:10EBB0001A68A94B8021C9020A431A60A64B1A6839
:10EBC000A54B802149020A431A600BE0A24B1A6848
:10EBD000A14BA2490A401A609F4B1A689E4BA0495C
:10EBE0000A401A607B685B68002B14D0FCF706FFB4
:10EBF00003003B6108E0FCF701FF02003B69D31A08
:10EC0000642B01D90323E9E2934B1A6880239B020A
:10EC10001340F0D015E0FCF7F1FE03003B6108E083
:10EC2000FCF7ECFE02003B69D31A642B01D90323E5
:10EC3000D4E2894B1A6880239B021340F0D100E094
:10EC4000C0467B681B680222134000D199E0824BCA
:10EC50009B6838221340BB617F4BDB680322134063
:10EC60007B61BB69102B02D17B69022B02D0BB698F
:10EC7000002B35D1784B1A688023DB00134005D078
:10EC80007B68DB68002B01D10123A7E2724B5B6834
:10EC9000744A134019007B685B691A026E4B0A4381
:10ECA0005A60BB69002B12D16B4B1B686E4A134034
:10ECB00019007B681A69684B0A431A60664B1B6827
:10ECC000DB0A07221340694ADA40694B1A60694B34
:10ECD0001B681800FCF736FE031E51D001237DE2AD
:10ECE0007B68DB68002B30D05B4B1B685E4A1340AF
:10ECF00019007B681A69584B0A431A60564B1A6808
:10ED0000554B802149000A431A60FCF777FE030047
:10ED10003B6108E0FCF772FE02003B69D31A022B4C
:10ED200001D903235AE24C4B1A688023DB001340BD
:10ED3000F0D0494B5B684B4A134019007B685B6914
:10ED40001A02454B0A435A601BE0434B1A68424B78
:10ED500049490A401A60FCF751FE03003B6108E094
:10ED6000FCF74CFE02003B69D31A022B01D90323A6
:10ED700034E2394B1A688023DB001340F0D100E005
:10ED8000C0467B681B680822134047D0324B9B6803
:10ED900038221340182B0AD12F4B1B6E022213402E
:10EDA0003CD07B689B69002B38D1012316E27B683D
:10EDB0009B69002B19D0284B1A6E274B01210A435F
:10EDC0001A66FCF71BFE03003B6108E0FCF716FE29
:10EDD00002003B69D31A022B01D90323FEE11E4B2B
:10EDE0001B6E02221340F1D018E01B4B1A6E1A4B17
:10EDF00001218A431A66FCF701FE03003B6108E02B
:10EE0000FCF7FCFD02003B69D31A022B01D9032356
:10EE1000E4E1114B1B6E02221340F1D17B681B68A9
:10EE20000422134000D1C7E01F23FB1800221A70F0
:10EE3000094B9B6838221340202B1FD1064BDB6DFA
:10EE40000222134000D1B7E07B689B68002B00D002
:10EE5000B2E00123C2E1C04600100240FFFFFEFF06
:10EE6000FFFFFBFFFF80FFFFFFC7FFFF0024F40051
:10EE70002403002064030020FFFEFFFFB54BDA6B84
:10EE800080235B05134001D1012300E00023002B08
:10EE900011D0B04BDA6BAF4B802149050A43DA63DE
:10EEA000AC4BDA6B80235B051340FB60FB681F23D0
:10EEB000FB1801221A70A84B1A6880235B001340CC
:10EEC0001AD1A54B1A68A44B802149000A431A6045
:10EED000FCF794FD03003B6108E0FCF78FFD0200A6
:10EEE0003B69D31A022B01D9032377E19A4B1A68A5
:10EEF00080235B001340F0D07B689B68012B06D118
:10EF0000944BDA6D934B01210A43DA651CE07B6870
:10EF10009B68052B0CD18F4BDA6D8E4B04210A4375
:10EF2000DA658C4BDA6D8B4B01210A43DA650BE015
:10EF3000884BDA6D874B01218A43DA65854BDA6DA0
:10EF4000844B04218A43DA657B689B68002B14D0CC
:10EF5000FCF754FD03003B6109E0FCF74FFD0200A4
:10EF60003B69D31A7D4A934201D9032336E1794B99
:10EF7000DB6D02221340F0D013E0FCF73FFD0300ED
:10EF80003B6109E0FCF73AFD02003B69D31A734A82
:10EF9000934201D9032321E16E4BDB6D0222134022
:10EFA000F0D11F23FB181B78012B05D1694BDA6BBD
:10EFB000684B6B490A40DA637B681B682022134068
:10EFC00039D07B68DB69002B1BD0624B1A68614B20
:10EFD0008021C9030A431A60FCF710FD03003B615E
:10EFE00008E0FCF70BFD02003B69D31A022B01D9A4
:10EFF0000323F3E0574B1A6880231B041340F0D01F
:10F0000019E0544B1A68534B56490A401A60FCF7F2
:10F01000F5FC03003B6108E0FCF7F0FC02003B69F3
:10F02000D31A022B01D90323D8E04A4B1A68802354
:10F030001B041340F0D17B681B6A002B00D1CCE08D
:10F04000444B9B6838221340102B00D17BE07B6837
:10F050001B6A022B56D13F4B1A683E4B42490A406D
:10F060001A60FCF7CBFC03003B6108E0FCF7C6FC30
:10F0700002003B69D31A022B01D90323AEE0354BC2
:10F080001A6880239B041340F0D1324BDB68374A67
:10F09000134019007B685A6A7B689B6A1A437B6835
:10F0A000DB6A1B021A437B681B6B1A437B685B6B32
:10F0B0001A437B689B6B1A43264B0A43DA60254B45
:10F0C0001A68244B802149040A431A60214BDA68EC
:10F0D000204B802149050A43DA60FCF78FFC0300CE
:10F0E0003B6108E0FCF78AFC02003B69D31A022B63
:10F0F00001D9032372E0174B1A6880239B04134045
:10F10000F0D06AE0134B1A68124B17490A401A6094
:10F11000FCF774FC03003B6108E0FCF76FFC0200A5
:10F120003B69D31A022B01D9032357E0094B1A6814
:10F1300080239B041340F0D1064BDA68054B0C4941
:10F140000A40DA6049E07B681B6A012B12D1012377
:10F1500044E0C046001002400070004088130000E8
:10F16000FFFFFFEFFFFFBFFFFFFFFFFE8C80C1111E
:10F17000FCFFFEEE1B4BDB687B617B6903221A40C0
:10F180007B685B6A9A4226D17B6970221A407B6851
:10F190009B6A9A421FD17A69FE23DB011A407B6881
:10F1A000DB6A1B029A4216D17A69F8239B031A4044
:10F1B0007B681B6B9A420ED17A69E0231B051A40CB
:10F1C0007B685B6B9A4206D17B695B0F5A077B6851
:10F1D0009B6B9A4201D0012300E000231800BD463A
:10F1E00008B080BD0010024080B584B000AF7860E8
:10F1F00039607B68002B01D10123E9E0764B1B6865
:10F20000072213403A689A421ED9734B1B680722A3
:10F2100093431900704B3A680A431A60FCF7EEFBFF
:10F220000300FB6009E0FCF7E9FB0200FB68D31A6E
:10F230006A4A934201D90323CAE0674B1B6807223D
:10F2400013403A689A42EED17B681B680222134051
:10F2500015D07B681B680422134006D0604B9A6867
:10F260005F4BE021C9010A439A605D4B9B685D4A90
:10F27000134019007B689A68594B0A439A607B686F
:10F280001B680122134057D07B685B68012B07D1B4
:10F29000534B1A6880239B0213402BD1012397E024
:10F2A0007B685B68022B07D14D4B1A6880239B0457
:10F2B00013401FD101238BE07B685B68002B07D1D3
:10F2C000474B1A688023DB00134013D101237FE0F2
:10F2D0007B685B68032B06D1414B1B6E02221340F7
:10F2E00008D1012374E03E4BDB6D0222134001D1B3
:10F2F00001236DE03A4B9B680722934319007B681A
:10F300005A68374B0A439A60FCF778FB0300FB60AE
:10F3100009E0FCF773FB0200FB68D31A2F4A934203
:10F3200001D9032354E02E4B9B6838221A407B6896
:10F330005B68DB009A42ECD1274B1B680722134025
:10F340003A689A421ED2244B1B6807229343190045
:10F35000214B3A680A431A60FCF750FB0300FB603C
:10F3600009E0FCF74BFB0200FB68D31A1B4A9342EF
:10F3700001D903232CE0184B1B68072213403A687D
:10F380009A42EED17B681B680422134009D0144BCB
:10F390009B68154A134019007B68DA68104B0A43D2
:10F3A0009A6000F029F801000D4B9B681B0A0F22A0
:10F3B0001A400E4B9200D3581F2213400A00DA4025
:10F3C0000B4B1A600B4B1B681800FCF7BBFA0300D1
:10F3D0001800BD4604B080BD002002408813000024
:10F3E00000100240FFF0FFFFFF8FFFFFFCD6020876
:10F3F000240300206403002080B586B000AF3C4B9E
:10F400009B68382213400FD1394B1B68DB0A072257
:10F41000134001229A4013003B6039683548E0F7F9
:10F4200099FE03003B615DE0314B9B68382213403D
:10F43000082B02D1304B3B6154E02D4B9B683822A6
:10F440001340102B38D12A4BDB6803221340FB609A
:10F45000274BDB681B09072213400133BB60FB68A5
:10F46000032B0DD1B9682448E0F774FE030019009E
:10F470001F4BDB681B0A7F2213404B437B610DE06F
:10F48000B9681C48E0F766FE03001900184BDB68FA
:10F490001B0A7F2213404B437B61C046144BDB6841
:10F4A0005B0F0722134001337B6079687869E0F7CE
:10F4B00051FE03003B6115E00D4B9B683822134061
:10F4C000202B03D180231B023B610BE0084B9B6880
:10F4D00038221340182B03D1FA23DB013B6101E0F2
:10F4E00000233B613B691800BD4606B080BDC046A5
:10F4F000001002400024F40000127A0080B500AF32
:10F50000024B1B681800BD4680BDC0462403002086
:10F51000B0B500AFFFF7F2FF0400FFF7F9FA030000
:10F520001A0B054B9200D3581F221340DC402300D6
:10F530001800BD46B0BDC0463CD7020880B586B0B5
:10F5400000AF78601323FB1800221A701223FB18F7
:10F5500000221A707B681A6880239B02134000D136
:10F56000ADE011203B1800221A70474BDA6B802364
:10F570005B05134010D1444BDA6B434B80214905A6
:10F580000A43DA63404BDA6B80235B051340BB60B0
:10F59000BB683B1801221A703C4B1A683B4B802118
:10F5A00049000A431A60FCF729FA0300FB600BE0EC
:10F5B000FCF724FA0200FB68D31A022B04D91323A8
:10F5C000FB1803221A7005E0304B1A6880235B0099
:10F5D0001340EDD01323FB181B78002B5ED12A4B70
:10F5E000DA6DC0239B0013407B617B69002B19D02F
:10F5F0007B681B6C7A699A4214D0234BDB6D244ADA
:10F6000013407B61204BDA6D1F4B802149020A4376
:10F61000DA651D4BDA6D1C4B1E490A40DA651A4B40
:10F620007A69DA657B690122134016D0FCF7E6F9A6
:10F630000300FB600CE0FCF7E1F90200FB68D31A61
:10F64000154A934204D91323FB1803221A7004E0CD
:10F650000D4BDB6D02221340EDD01323FB181B78FA
:10F66000002B0AD1084BDB6D094A134019007B6857
:10F670001A6C054B0A43DA6516E01223FB181322B5
:10F68000BA1812781A700FE00010024000700040A3
:10F69000FFFCFFFFFFFFFEFF881300001223FB1893
:10F6A0001322BA1812781A701123FB181B78012B39
:10F6B00005D1B64BDA6BB54BB5490A40DA637B68C6
:10F6C0001B680122134009D0B04B5B6D03229343AA
:10F6D00019007B685A68AD4B0A435A657B681B6802
:10F6E0000222134009D0A94B5B6D0C2293431900F1
:10F6F0007B689A68A54B0A435A657B681B6804229D
:10F70000134009D0A14B5B6D3022934319007B68F5
:10F71000DA689E4B0A435A657B681B6810221340C7
:10F7200009D09A4B5B6D9B4A134019007B681A699C
:10F73000964B0A435A657B681A6880235B01134025
:10F7400009D0924B5B6D944A134019007B685A694B
:10F750008E4B0A435A657B681A6880239B001340CE
:10F7600009D08A4B5B6D8D4A134019007B689A6AF9
:10F77000864B0A435A657B681A688023DB00134076
:10F7800009D0824B5B6D864A134019007B68DA6AA8
:10F790007E4B0A435A657B681B682022134009D0C0
:10F7A0007A4B5B6D7F4A134019007B689A69774BEF
:10F7B0000A435A657B681B684022134009D0734B8B
:10F7C0005B6D794A134019007B68DA696F4B0A4315
:10F7D0005A657B681A688023DB01134015D06B4B98
:10F7E0005B6D9B0099087B681A6B684B0A435A65EE
:10F7F0007B681A6B8023DB059A4206D1634BDA687B
:10F80000624B802149020A43DA607B681A688023D0
:10F810001B03134009D05D4B5B6D402293431900DD
:10F820007B685A6B594B0A435A657B681A68802378
:10F830009B03134016D0554B5B6D5C4A1340190077
:10F840007B689A6B514B0A435A657B689A6B80239D
:10F85000DB039A4206D14D4BDA684C4B80214904B8
:10F860000A43DA607B681A688023DB03134016D0F2
:10F87000464B5B6D4E4A134019007B68DA6B434B75
:10F880000A435A657B68DA6B80235B049A4206D18F
:10F890003E4BDA683D4B802149040A43DA607B68BD
:10F8A0001A6880231B01134014D0384B9B6D032230
:10F8B000934319007B681A6A344B0A439A657B6844
:10F8C0001B6A012B06D1314BDA68304B802149028B
:10F8D0000A43DA607B681A6880239B01134014D0C6
:10F8E0002A4B9B6D0C22934319007B685A6A274B65
:10F8F0000A439A657B685B6A042B06D1234BDA685E
:10F90000224B802149020A43DA607B681A6880230F
:10F910005B04134016D01D4B9B6D224A1340190007
:10F920007B685A6C194B0A439A657B685A6C802332
:10F930009B019A4206D1154BDA68144B8021490489
:10F940000A43DA607B681A6880239B04134016D050
:10F950000E4B9B6D104A134019007B689A6C0B4B41
:10F960000A439A657B689A6C80235B009A4206D1B1
:10F97000064BDA68054B802149040A43DA601223FA
:10F98000FB181B781800BD4606B080BD0010024071
:10F99000FFFFFFEFFFF3FFFFFFFCFFFFFFFFF3FFA2
:10F9A000FFFFCFFFFFCFFFFFFF3FFFFFFFFFBFFFC7
:10F9B000FFFFFFFE80B586B000AF786000237B615B
:10F9C0007A6880239B029A423BD1E24BDA6DC023D6
:10F9D0009B001340FB60DF4BDB6D02221340022BC8
:10F9E00009D1FA6880235B009A4204D180231B026C
:10F9F0007B6100F0FCFCD74B1B6E02221340022BF4
:10FA000009D1FA6880239B009A4204D1FA23DB01D2
:10FA10007B6100F0ECFCCF4B1A6880239B021A40FC
:10FA200080239B029A4201D000F0E1FCFA68C023D7
:10FA30009B009A4201D000F0DAFCC74B7B6100F0DA
:10FA4000D6FCC44BDB6803221340022B02D1C34B0C
:10FA50003B610AE0BF4BDB6803221340032B02D15A
:10FA6000BF4B3B6101E000233B61BA4BDB681B09E4
:10FA700007221340013319003869E0F76BFB0300DC
:10FA80003B617A6880239B049A4201D100F043FCD9
:10FA90007A6880239B049A4201D900F07CFC7A6842
:10FAA00080235B049A4201D100F0E0FB7A68802356
:10FAB0005B049A4201D900F06EFC7A688023DB0374
:10FAC0009A4201D100F0A1FB7A688023DB039A42BD
:10FAD00001D900F060FC7A6880239B039A4201D12F
:10FAE00000F062FB7A6880239B039A4201D900F000
:10FAF00052FC7A6880231B039A4200D115E17A6890
:10FB000080231B039A4201D900F045FC7A688023C8
:10FB1000DB019A4200D1ACE17A688023DB019A4292
:10FB200001D900F038FC7A6880239B019A4200D109
:10FB300070E27A6880239B019A4201D900F02BFC85
:10FB40007A6880235B019A4200D158E17A68802369
:10FB50005B019A4201D900F01EFC7A6880231B01E8
:10FB60009A4200D113E27A6880231B019A4201D99C
:10FB700000F011FC7A688023DB009A4200D1D3E2C6
:10FB80007A688023DB009A4201D900F004FC7A688D
:10FB900080239B009A4200D186E27A6880239B00F2
:10FBA0009A4201D900F0F7FB7B68202B0FD87B68C5
:10FBB000002B01D100F0EFFB7B68202B01D900F076
:10FBC000EAFB7B689A00674BD3181B689F467B68EB
:10FBD000402B00D1B0E100F0DEFB5E4B5B6D0322F9
:10FBE0001340FB60FB68002B05D1FFF791FC03007D
:10FBF0007B6100F0D2FBFB68012B05D1FFF7FCFB1A
:10FC000003007B6100F0C9FB524B1A688023DB00C4
:10FC10001A408023DB009A4206D1FB68022B03D1F5
:10FC20004E4B7B6100F0B9FB4A4BDB6D0222134067
:10FC3000022B01D000F0B1FBFB68032B01D000F0D8
:10FC4000ACFB80231B027B6100F0A7FB414B5B6D8B
:10FC50000C221340FB60FB68002B05D1FFF758FC1A
:10FC600003007B6100F09BFBFB68042B05D1FFF7D1
:10FC7000C3FB03007B6100F092FB364B1A688023C4
:10FC8000DB001A408023DB009A4206D1FB68082B78
:10FC900003D1324B7B6100F082FB2E4BDB6D0222E5
:10FCA0001340022B01D000F07AFBFB680C2B01D033
:10FCB00000F075FB80231B027B6100F070FB254B7D
:10FCC0005B6D30221340FB60FB68002B05D1FFF712
:10FCD0001FFC03007B6100F064FBFB68102B05D167
:10FCE000FFF78AFB03007B6100F05BFB194B1A688E
:10FCF0008023DB001A408023DB009A4206D1FB6898
:10FD0000202B03D1154B7B6100F04BFB114BDB6DBE
:10FD100002221340022B00D043E3FB68302B00D0BB
:10FD20003FE380231B027B613BE30A4B5B6D402278
:10FD30001340FB60074B1A688023DB001A408023C6
:10FD4000DB009A4212D1FB68002B0FD1064B7B617E
:10FD500029E3C0460010024090D003000024F400C4
:10FD600000127A0054D9020812800000CB4BDB6DE0
:10FD700002221340022B00D015E3FB68402B00D079
:10FD800011E380231B027B610DE3C44B5A6DC0233A
:10FD90001B011340FB60FB68002B04D1FFF7B8FB8D
:10FDA00003007B6101E3FA688023DB009A4204D1FF
:10FDB000FFF722FB03007B61F7E2B84B1A68802350
:10FDC000DB001A408023DB009A4207D1FA688023C7
:10FDD0001B019A4202D1B24B7B61E6E2AF4BDB6D75
:10FDE00002221340022B00D0DFE2FA68C0231B017D
:10FDF0009A4200D0D9E280231B027B61D5E2A74B57
:10FE00005A6DC0239B001340FB60FB68002B04D19C
:10FE1000FFF77EFB03007B61C9E2FA6880235B0089
:10FE20009A4204D1FFF7E8FA03007B61BFE29B4BE3
:10FE30001A688023DB001A408023DB009A4207D136
:10FE4000FA6880239B009A4202D1954B7B61AEE217
:10FE5000924BDB6D02221340022B00D0A7E2FA681E
:10FE6000C0239B009A4200D0A1E280231B027B6149
:10FE70009DE28A4B5B6D9B0F9B07FB60FB68002B31
:10FE800004D1FFF7B9FA03007B6192E2FA6880239C
:10FE90001B069A4202D1824B7B618AE2FA68802378
:10FEA000DB059A4200D084E27C4BDA6880235B0257
:10FEB000134000D17DE2794BDB681B0A7F2213409F
:10FEC000BB603B69BA685A43744BDB685B0C1F210B
:10FED0000B40013319001000E0F73CF903007B618F
:10FEE00067E26E4B5A6DC0239B011340FB60FB68B9
:10FEF000002B04D1FFF70CFB03007B615BE2FA6887
:10FF000080235B019A4204D1FFF776FA03007B61FC
:10FF100051E2624B1A688023DB001A408023DB0029
:10FF20009A4200D047E2FA6880239B019A4200D0AF
:10FF300041E25B4B7B613EE2584B5A6DC0231B0292
:10FF40001340FB60FB68002B04D1FFF7E1FA0300CC
:10FF50007B6132E2FA688023DB019A4204D1FFF729
:10FF60004BFA03007B6128E24C4B1A688023DB00CC
:10FF70001A408023DB009A4200D01EE2FA688023F8
:10FF80001B029A4200D018E2454B7B6115E2434BBD
:10FF90009B6D03221340FB60FB68012B1CD13F4B80
:10FFA000DA6880235B02134000D108E23B4BDB6838
:10FFB0001B0A7F221340BB603B69BA685A43374B28
:10FFC000DB685B0C1F210B40013319001000E0F7C8
:10FFD000C1F803007B61F2E1FB68002B04D1FFF75D
:10FFE0000BFA03007B61EAE12C4B1A688023DB00EB
:10FFF0001A408023DB009A4205D1FB68022B02D114
:020000040802F0
:10000000274B7B61DBE1FB68032B00D0D7E1254B5D
:100010007B61D4E1214B9B6D0C221340FB60FB689C
:10002000042B1CD11D4BDA6880235B02134000D1E6
:10003000C7E11A4BDB681B0A7F221340BB603B6998
:10004000BA685A43154BDB685B0C1F210B40013328
:1000500019001000E0F77EF803007B61B1E1FB6856
:10006000002B04D1FFF7C8F903007B61A9E10B4B1A
:100070001A688023DB001A408023DB009A4205D1F6
:10008000FB68082B02D1064B7B619AE1FB680C2BC5
:1000900000D096E1034B7B6193E1C0460010024023
:1000A0000024F40080BB0000CC4B5A6DC0231B031E
:1000B0001340FB60FB68002B04D1FFF729FA030013
:1000C0007B6180E1C54B1B6E02221340022B08D1DD
:1000D000FA688023DB029A4203D1FA23DB017B61B9
:1000E00021E0BE4B1A688023DB001A408023DB002E
:1000F0009A4207D1FA6880231B039A4202D1B84B77
:100100007B6110E0B54BDB6D02221340022B00D067
:1001100059E1FA68C0231B039A4200D053E18023BF
:100120001B027B614FE14EE1AC4B5A6DC0239B0338
:100130001340FB60FB68002B04D1FFF7E9F90300D3
:100140007B6142E1A54B1B6E02221340022B08D1BA
:10015000FA6880235B039A4203D1FA23DB017B61B7
:1001600021E09E4B1A688023DB001A408023DB00CD
:100170009A4207D1FA6880239B039A4202D1984B96
:100180007B6110E0954BDB6D02221340022B00D007
:100190001BE1FA68C0239B039A4200D015E180233B
:1001A0001B027B6111E110E18C4B5A6D8023DB0354
:1001B0001340FB60FA688023DB039A421CD1874B13
:1001C000DA6880235B04134000D100E1834BDB68D5
:1001D0001B0A7F221340BB603B69BA685A437F4BBE
:1001E000DB685B0E07210B40013319001000DFF7BD
:1001F000B1FF03007B61EAE0FB68002B00D0E6E082
:10020000FFF786F903007B61E1E0744B5A6D8023B0
:100210005B041340FB60FA6880235B049A421CD1A4
:100220006E4BDA6880235B04134000D1D1E06B4B46
:10023000DB681B0A7F221340BB603B69BA685A43E4
:10024000664BDB685B0E07210B4001331900100081
:10025000DFF780FF03007B61BBE0FB68002B00D071
:10026000B7E0FFF755F903007B61B2E05B4B9A6D95
:10027000C0239B011340FB60FA6880239B019A42D4
:100280001CD1564BDA6880235B04134000D1A2E0F6
:10029000524BDB681B0A7F221340BB603B69BA6884
:1002A0005A434E4BDB685B0E07210B4001331900AC
:1002B0001000DFF74FFF03007B618CE0FB68002B31
:1002C00010D1464B1A6880231B041A4080231B045C
:1002D0009A4200D07FE0FB68002B00D07BE0414BCE
:1002E0007B6178E0FA6880235B019A4200D072E07B
:1002F0003A4B1A6880239B021A4080239B029A4241
:1003000000D068E0FA6880235B019A4200D062E086
:10031000354B7B615FE0314B9A6DC0239B001340EE
:10032000FB60FA6880235B009A421BD12B4BDA6892
:1003300080235B04134059D0284BDB681B0A7F22C3
:100340001340BB603B69BA685A43244BDB685B0EC1
:1003500007210B40013319001000DFF7FBFE0300FB
:100360007B6143E0FB68002B04D1FFF7D1F8030069
:100370007B613BE0194B1A6880239B021A40802363
:100380009B029A4232D1FA6880239B009A422DD177
:10039000154B7B612AE0C04629E0C04627E0C046F5
:1003A00025E0C04623E0C04621E0C0461FE0C0462D
:1003B0001DE0C0461BE0C04619E0C04617E0C0463D
:1003C00015E0C04613E0C04611E0C0460FE0C0464D
:1003D0000DE0C0460BE0C04609E0C04600100240F8
:1003E0000024F400006CDC0200127A00C0467B6935
:1003F0001800BD4606B080BDB0B584B000AF7860CF
:100400000F23FB1801221A707B68002B00D18CE0AF
:100410007B6829229B5CDBB2002B0BD17B682822F6
:10042000002199547B68882212025A607B68180068
:1004300000F084F87B682922022199547B681B68AC
:10044000DB6810221340102B62D07B681B68CA2225
:100450005A627B681B6853225A620F257C197B689D
:10046000180000F07EFA0300237028003B181B7868
:10047000002B2CD17B681B689A697B681B682E490E
:100480000A409A617B681B6899697B689A687B68F7
:100490005B691A437B68DB691A437B681B680A4304
:1004A0009A617B681B687A6812691A617B681B68AD
:1004B00019697B68DB681A047B681B680A431A6148
:1004C0003C187B68180000F08FFA030023700F239C
:1004D000FB181B78002B16D17B681B689A697B6818
:1004E0001B68D200D2089A617B681B6899697B6897
:1004F0005A6A7B681B6A1A437B689B691A437B684C
:100500001B680A439A617B681B68FF225A6203E0FA
:100510000F23FB1800221A700F23FB181B78002BE7
:1005200003D17B682922012199540F23FB181B78E2
:100530001800BD4604B0B0BDBFFF8FFB80B582B0D0
:1005400000AF7860C046BD4602B080BDB0B586B091
:1005500000AFF860B9607A60FB6828229B5C012BD1
:1005600001D1022392E0FB68282201219954FB6803
:10057000292202219954FB681B68CA225A62FB682F
:100580001B6853225A6213257C19FB68180000F07F
:10059000E8F9030023707B191B78002B62D17B687C
:1005A000002B25D1FB681B689B694022134002D1B8
:1005B000BB680022DA70BB681B78180000F058FA9C
:1005C00003001C04BB685B78180000F051FA0300BC
:1005D0001B021C43BB689B78180000F049FA03001B
:1005E00022001A43BB68DB789B0513437B6117E04D
:1005F000FB681B689B694022134002D1BB68002244
:10060000DA70BB681B781A04BB685B781B02134363
:10061000BA6892781A43BB68DB789B0513437B6109
:10062000FB681B687A691B490A401A60FB681B68F3
:100630009A69FB681B6818490A409A61FB681B6845
:100640009969BB68DA68BB681B691A43FB681B6859
:100650000A439A611323FC18FB68180000F0C4F9E0
:1006600003002370FB681B68FF225A621323FB18E8
:100670001B78002B03D1FB68292201219954FB68C8
:100680002822002199541323FB181B781800BD461B
:1006900006B0B0BD7F7F7F00FFFFFBFF80B586B057
:1006A00000AFF860B9607A60FB681B689A68BB6845
:1006B0005A60FB681B681B695B045A0CBB689A6034
:1006C000FB681B681B68224A13407B617B691B0C1B
:1006D000DBB23F221340DAB2BB681A707B691B0A97
:1006E000DBB27F221340DAB2BB685A707B69DBB29F
:1006F0007F221340DAB2BB689A707B699B0DDBB234
:1007000001221340DAB2BB68DA707B68002B1AD181
:10071000BB681B78180000F0D3F903001A00BB680F
:100720001A70BB685B78180000F0CAF903001A0061
:10073000BB685A70BB689B78180000F0C1F90300D1
:100740001A00BB689A7000231800BD4606B080BD31
:100750007F7F7F00B0B586B000AFF860B9607A6087
:10076000FB6828229B5C012B01D102237EE0FB6801
:10077000282201219954FB682922022199547B687F
:10078000002B0ED1BB685B781A001023134008D0F1
:10079000BB685B7810229343DBB20A33DAB2BB68E2
:1007A0005A707B68002B1CD1BB68DB78180000F006
:1007B0005FF903001C04BB685B78180000F058F96F
:1007C00003001B021C43BB689B78180000F050F923
:1007D000030022001A43BB681B785B0313437B6151
:1007E0000EE0BB68DB781A04BB685B781B0213431E
:1007F000BA6892781A43BB681B785B0313437B612A
:10080000FB681B68CA225A62FB681B6853225A6243
:1008100013257C19FB68180000F0A3F8030023706F
:1008200028003B181B78002B0CD1FB681B687A69E9
:1008300010490A405A603C18FB68180000F0D4F8D0
:1008400003002370FB681B68FF225A621323FB1806
:100850001B78002B03D1FB68292201219954FB68E6
:100860002822002199541323FB181B781800BD4639
:1008700006B0B0BD3FFFFF0080B586B000AFF860A6
:10088000B9607A60FB681B685B68214A13407B6132
:100890007B691B0CDAB2BB68DA707B691B0ADBB2BE
:1008A0001F221340DAB2BB685A707B69DBB23F2269
:1008B0001340DAB2BB689A707B695B0BDBB207222C
:1008C0001340DAB2BB681A707B68002B1AD1BB6880
:1008D000DB78180000F0F4F803001A00BB68DA7047
:1008E000BB685B78180000F0EBF803001A00BB68E7
:1008F0005A70BB689B78180000F0E2F803001A00F9
:10090000BB689A7000231800BD4606B080BDC04683
:100910003FFFFF0080B584B000AF78607B681B6844
:10092000DA687B681B68A0218A43DA60FBF766F807
:100930000300FB600AE0FBF761F80200FB68D21AD3
:10094000FA239B009A4201D9032306E07B681B68C7
:10095000DB6820221340EED000231800BD4604B00F
:1009600080BD80B584B000AF78600F23FB180022F3
:100970001A707B681B68DB68402213402CD17B68AF
:100980001B68DA687B681B6880210A43DA60FBF722
:1009900035F80300BB6014E0FBF730F80200BB68D9
:1009A000D21A0F203B18391809781970FA239B00C6
:1009B0009A4206D93B1803221A707B682922032128
:1009C00099547B681B68DB684022134004D10F23D5
:1009D000FB181B78032BDFD10F23FB181B781800A3
:1009E000BD4604B080BD000090B585B000AF786012
:1009F0000F243B1900221A701C4BDA681B4B802114
:100A00008A43DA60194B9B69202213400DD17B6821
:100A10001800FFF77FFF031E21D07B6829220321E6
:100A200099543B1903221A7019E0104B9A690F4B25
:100A300020218A439A617B681800FFF76BFF031E31
:100A400007D07B682922032199540F23FB18032226
:100A50001A70064B9A69054B20210A439A610F23AD
:100A6000FB181B781800BD4605B090BD002800405B
:100A700080B584B000AF0200FB1D1A700023FB603C
:100A80000B23FB18FA1D12781A7008E0FB6801337B
:100A9000FB600B22BB18BA1812780A3A1A700B21A5
:100AA0007B181B78092BF1D8FB68DBB21B01DAB28B
:100AB0007B181B781343DBB21800BD4604B080BD21
:100AC00080B584B000AF0200FB1D1A70FB1D1B78BF
:100AD0001B09DBB21A0013009B009B185B00FB6034
:100AE000FB68DAB2FB1D1B780F210B40DBB2D31879
:100AF000DBB21800BD4604B080BD80B586B000AF43
:100B0000F860B9607A60FB681B681A00FB685B6874
:100B1000D3187B617B690133FF333B61BB689B006A
:100B20003A69D3183B613B697A681A60C046BD4692
:100B300006B080BD80B584B000AF786039607B6856
:100B40001B681A007B685B68D318FB60FB68013385
:100B5000FF33BB603B689B00BA68D318BB60BB68BF
:100B60001B681800BD4604B080BD80B582B000AFE0
:100B700078607B68002B01D101234AE07B683D222D
:100B80009B5CDBB2002B07D17B683C22002199548F
:100B90007B681800F5F7C0FF7B683D22022199545D
:100BA0007B681A687B6804331900100000F0EAF9CA
:100BB0007B684822012199547B683E220121995487
:100BC0007B683F22012199547B684022012199547E
:100BD0007B684122012199547B684222012199546A
:100BE0007B684322012199547B6844220121995456
:100BF0007B684522012199547B6846220121995442
:100C00007B684722012199547B683D220121995438
:100C100000231800BD4602B080BD000080B584B03E
:100C200000AF78607B683D229B5CDBB2012B01D07A
:100C300001233FE07B683D22022199547B681B68B9
:100C40001E4A934214D07B681A688023DB059A42BF
:100C50000ED07B681B681A4A934209D07B681B68D8
:100C6000184A934204D07B681B68174A934216D1F6
:100C70007B681B689B68154A1340FB60FB68062B6A
:100C800016D0FA6880235B029A4211D07B681B68F9
:100C90001A687B681B6801210A431A6008E07B68B8
:100CA0001B681A687B681B6801210A431A6000E010
:100CB000C04600231800BD4604B080BD002C014092
:100CC000000400400008004000400140070001000F
:100CD00080B582B000AF78607B681B681B69022218
:100CE0001340022B24D17B681B68DB68022213406F
:100CF000022B1DD17B681B68032252421A617B685C
:100D000001221A777B681B689B690322134004D079
:100D10007B68180000F01EF907E07B68180000F0FF
:100D200011F97B68180000F01DF97B6800221A7722
:100D30007B681B681B6904221340042B25D17B6848
:100D40001B68DB6804221340042B1ED17B681B68E0
:100D5000052252421A617B6802221A777B681B685F
:100D60009A69C0239B00134004D07B68180000F0F0
:100D7000F1F807E07B68180000F0E4F87B681800E1
:100D800000F0F0F87B6800221A777B681B681B690B
:100D900008221340082B24D17B681B68DB680822DB
:100DA0001340082B1DD17B681B68092252421A612F
:100DB0007B6804221A777B681B68DB690322134077
:100DC00004D07B68180000F0C5F807E07B681800C5
:100DD00000F0B8F87B68180000F0C4F87B680022C7
:100DE0001A777B681B681B6910221340102B25D1D2
:100DF0007B681B68DB6810221340102B1ED17B68B8
:100E00001B68112252421A617B6808221A777B689C
:100E10001B68DA69C0239B00134004D07B6818006C
:100E200000F098F807E07B68180000F08BF87B680A
:100E3000180000F097F87B6800221A777B681B681F
:100E40001B6901221340012B0FD17B681B68DB68F3
:100E500001221340012B08D17B681B6802225242F9
:100E60001A617B68180000F065F87B681B681B69D5
:100E700080221340802B0FD17B681B68DB688022A7
:100E80001340802B08D17B681B68812252421A6173
:100E90007B68180000F008F97B681B681A698023DA
:100EA0005B001A4080235B009A420ED17B681B686E
:100EB000DB6880221340802B07D17B681B681C4AAB
:100EC0001A617B68180000F0F7F87B681B681B69E3
:100ED00040221340402B0FD17B681B68DB68402207
:100EE0001340402B08D17B681B68412252421A6193
:100EF0007B68180000F03EF87B681B681B692022A5
:100F00001340202B0FD17B681B68DB682022134025
:100F1000202B08D17B681B68212252421A617B6812
:100F2000180000F0B9F8C046BD4602B080BDC0460A
:100F3000FFFEFFFF80B582B000AF7860C046BD46BF
:100F400002B080BD80B582B000AF7860C046BD46BB
:100F500002B080BD80B582B000AF7860C046BD46AB
:100F600002B080BD80B582B000AF7860C046BD469B
:100F700002B080BD80B582B000AF7860C046BD468B
:100F800002B080BD80B584B000AF786039607B6806
:100F90001B68FB607B68384A93420CD07A688023D8
:100FA000DB059A4207D07B68344A934203D07B68C2
:100FB000334A934208D1FB6870229343FB603B683D
:100FC0005B68FA681343FB607B682B4A93421CD032
:100FD0007A688023DB059A4217D07B68274A9342C0
:100FE00013D07B68264A93420FD07B68254A9342F0
:100FF0000BD07B68244A934207D07B68234A9342F4
:1010000003D07B68224A934208D1FB68214A1340EF
:10101000FB603B68DB68FA681343FB60FB68802277
:1010200093431A003B685B691343FB607B68FA6873
:101030001A603B689A687B68DA623B681A687B686A
:101040009A627B680C4A93420BD07B680E4A9342AB
:1010500007D07B680D4A934203D07B680C4A9342C9
:1010600003D13B681A697B681A637B6801225A6165
:10107000C046BD4604B080BD002C014000040040C5
:1010800000080040002000400040014000440140B2
:1010900000480140FFFCFFFF80B582B000AF7860E0
:1010A000C046BD4602B080BD80B582B000AF78605A
:1010B000C046BD4602B080BD80B582B000AF78604A
:1010C000C046BD4602B080BD80B582B000AF78603A
:1010D0007B68002B01D1012346E07B6888229B5866
:1010E000002B07D17B688422002199547B6818006B
:1010F000F5F7A2FE7B688822242199507B681B6843
:101100001A687B681B6801218A431A607B68180093
:1011100000F056FE0300012B01D1012324E07B687F
:101120009B6A002B03D07B68180001F09FF97B6855
:101130001B685A687B681B680D490A405A607B68C7
:101140001B689A687B681B682A218A439A607B68BF
:101150001B681A687B681B6801210A431A607B6858
:10116000180001F037FA03001800BD4602B080BD38
:10117000FFB7FFFF80B582B000AF78607B68002BBF
:1011800001D1012332E07B688822242199507B68B9
:101190001B681A687B681B6801218A431A607B6898
:1011A0001B6800221A607B681B6800225A607B68FB
:1011B0001B6800229A607B68180000F01BF87B68AF
:1011C0009022002199507B688822002199507B68E9
:1011D0008C22002199507B680022DA667B6800220D
:1011E0001A677B6884220021995400231800BD46A9
:1011F00002B080BD80B582B000AF7860C046BD4609
:1012000002B080BD80B58AB002AFF860B9603B60C3
:10121000BB1D1A80FB6888229B58202B00D088E0D9
:10122000BB68002B03D0BB1D1B88002B01D1012301
:1012300080E0FB689A6880235B019A4209D1FB68D1
:101240001B69002B05D1BB680122134001D001238B
:1012500070E0FB68902200219950FB6888222121D0
:101260009950FAF7CBFB03007B61FB68BA1D542150
:1012700012885A52FB68BA1D562112885A52FB68CE
:101280009A6880235B019A4208D1FB681B69002B96
:1012900004D10023FB61BB68BB6103E0BB68FB6159
:1012A0000023BB612CE07A69F8683B680093130067
:1012B0000022802101F0DCF9031E01D0032339E074
:1012C000FB69002B0BD1BB691B881A00FB681B68EC
:1012D000D205D20D9A62BB690233BB6107E0FB699C
:1012E0001A78FB681B689A62FB690133FB61FB6833
:1012F00056229B5A9BB2013B99B2FB6856229952E7
:10130000FB6856229B5A9BB2002BCCD17A69F868B5
:101310003B68009313000022402101F0A9F9031E4D
:1013200001D0032306E0FB68882220219950002386
:1013300000E002231800BD4608B080BD80B58CB027
:1013400000AFF860B960BB1D1A80FB6888229B580B
:10135000202B00D08DE0BB68002B03D0BB1D1B8869
:10136000002B01D1012385E0FB689A6880235B0193
:101370009A4209D1FB681B69002B05D1BB68012289
:10138000134001D0012375E0FB68BA681A65FB6859
:10139000BA1D542112885A52FB68BA1D5621128870
:1013A0005A52FB6800229A67FB68902200219950EC
:1013B000FB68882221219950FB685A6E80239B0587
:1013C0009A422AD1FB689A6880235B019A4207D12E
:1013D000FB681B69002B03D1FB68284A9A6702E06F
:1013E000FB68274A9A67EFF31083FB61FB69BB62D6
:1013F00001233B623B6A83F31088C046FB681B688D
:101400009A68FB681B68802109040A439A60BB6ADA
:101410007B627B6A83F3108829E0FB689A688023EB
:101420005B019A4207D1FB681B69002B03D1FB6863
:10143000144A9A6702E0FB68134A9A67EFF3108335
:101440003B613B69FB6201237B617B6983F310880D
:10145000C046FB681B681A68FB681B6880210A434A
:101460001A60FB6ABB61BB6983F31088C046002326
:1014700000E002231800BD460CB080BD65310208B3
:1014800079300208BB2F0208072F020880B588B008
:1014900000AFF860B960BB1D1A80FB688C229B58B6
:1014A000202B4FD1BB68002B03D0BB1D1B88002B0A
:1014B00001D1012347E0FB689A6880235B019A42CF
:1014C00009D1FB681B69002B05D1BB6801221340C1
:1014D00001D0012337E0FB680022DA66FB681B6855
:1014E0001B4A934225D0FB681B681A4A934220D0BE
:1014F000FB681B685A6880231B04134019D0EFF364
:1015000010833B613B69FB6101237B617B6983F352
:101510001088C046FB681B681A68FB681B6880213E
:10152000C9040A431A60FB69BB61BB6983F3108875
:10153000C046BB1D1A88B968FB68180001F060F945
:10154000030000E002231800BD4608B080BDC0467D
:10155000008000400084004080B588B000AFF86093
:10156000B960BB1D1A80FB688C229B58202B4FD181
:10157000BB68002B03D0BB1D1B88002B01D10123AE
:1015800047E0FB689A6880235B019A4209D1FB68B7
:101590001B69002B05D1BB680122134001D0012338
:1015A00037E0FB680022DA66FB681B681B4A93423F
:1015B00025D0FB681B681A4A934220D0FB681B6841
:1015C0005A6880231B04134019D0EFF310833B614A
:1015D0003B69FB6101237B617B6983F31088C04613
:1015E000FB681B681A68FB681B688021C9040A43F2
:1015F0001A60FB69BB61BB6983F31088C046BB1DE1
:101600001A88B968FB68180001F01EFA030000E0B0
:1016100002231800BD4608B080BDC04600800040CF
:101620000084004080B58CB000AF78607B68882271
:101630009B58FB627B688C229B58BB627B681B6853
:101640009B6880221340802B38D1FB6A212B35D137
:10165000EFF310837B617B697B620123BB61BB6914
:1016600083F31088C0467B681B689A687B681B6898
:1016700080218A439A607B6AFB61FB6983F310884F
:10168000C0467B68DB6F002B14D07B68DB6F1800D3
:10169000FBF7A4FB031E0DD07B68DB6F1800FBF784
:1016A00029FD0300202B05D17B6890221021995041
:1016B000032347E07B68180001F06CFA7B681B6825
:1016C0009B6840221340402B3BD1BB6A222B38D170
:1016D000EFF31083BB60BB683B620123FB60FB68D8
:1016E00083F31088C0467B681B689A687B681B6818
:1016F00040218A439A603B6A3B613B6983F31088CF
:10170000C0467B6880229B58002B16D07B688022C5
:101710009B581800FBF762FB031E0ED07B688022EB
:101720009B581800FBF7E6FC0300202B05D17B68D3
:10173000902210219950032304E07B68180001F0E7
:1017400069FA00231800BD460CB080BDB0B5AAB040
:1017500000AF78607B681B68DB69A422B9180B6056
:101760007B681B681B68A02039180B607B681B68AE
:101770009B689C2439190B601100BB181B68A24A96
:1017800013409822BD182B60BB181B68002B1AD180
:101790007B181B682022134015D03B181B682022A1
:1017A000134005D13B191A6880235B0513400AD00A
:1017B0007B685B6F002B00D1DCE27B685B6F7A6833
:1017C00010009847D6E29823FB181B68002B00D125
:1017D00022E19C23FB181B688C4A134006D1A023EE
:1017E000FB181B688A4A134000D115E1A423FB189B
:1017F0001B680122134012D0A023FB181A68802313
:101800005B0013400BD07B681B6801221A627B6867
:1018100090229B5801221A437B6890215A50A4239E
:10182000FB181B680222134011D09C23FB181B6875
:10183000012213400BD07B681B6802221A627B686E
:1018400090229B5804221A437B6890215A50A4236B
:10185000FB181B680422134011D09C23FB181B6843
:10186000012213400BD07B681B6804221A627B683C
:1018700090229B5802221A437B6890215A50A4233D
:10188000FB181B680822134017D0A023FB181B6805
:101890002022134005D19C23FB181B685B4A134090
:1018A0000BD07B681B6808221A627B6890229B58C9
:1018B00008221A437B6890215A50A423FB181A6807
:1018C00080231B01134013D0A023FB181A68802328
:1018D000DB0413400CD07B681B68802212011A6263
:1018E0007B6890229B5820221A437B6890215A5093
:1018F0007B6890229B58002B00D13DE2A423FB186B
:101900001B682022134015D0A023FB181B6820223F
:10191000134006D19C23FB181A6880235B051340F3
:1019200008D07B685B6F002B04D07B685B6F7A68A4
:10193000100098477B6890229B5894217A18136076
:101940007B681B689B6840221340402B04D07B18A7
:101950001B68282213404CD07B68180001F05AF90C
:101960007B681B689B6840221340402B3CD1EFF3FF
:1019700010833B663B6E90203A18136001237B6610
:101980007B6E83F31088C0467B681B689A687B680F
:101990001B6840218A439A603B181B68BB66BB6E7C
:1019A00083F31088C0467B6880229B58002B16D09A
:1019B0007B6880229B58174A9A637B6880229B58D9
:1019C0001800FBF76BFA031E1CD07B6880229B5823
:1019D0009B6B7A68802152581000984712E07B6810
:1019E0001800F4F7AFFC0DE07B681800F4F7AAFCD0
:1019F00008E07B681800F4F7A5FC7B6890220021C2
:101A00009950B9E1C046B7E10F080000010000108D
:101A100020010004D92E02087B68DB6E012B00D068
:101A20003EE1A423FB181B681022134000D137E1CC
:101A3000A023FB181B681022134000D130E17B6803
:101A40001B6810221A627B681B689B684022134047
:101A5000402B00D0A4E07B6880229B581B685A680A
:101A60007E217B181A807B181B88002B00D185E112
:101A70007B685C229B5A7A1812889A4200D37DE1D7
:101A80007B687A185E2112885A527B6880229B58A4
:101A90001B681B682022134070D1EFF310833B6357
:101AA0003B6BBB6701237B637B6B83F31088C04672
:101AB0007B681B681A687B681B68B4490A401A6017
:101AC000BB6FBB63BB6B83F31088C046EFF310831F
:101AD000FB63FB6B7B6701233B643B6C83F31088E8
:101AE000C0467B681B689A687B681B6801218A4333
:101AF0009A607B6F7B647B6C83F31088C046EFF346
:101B00001083BB64BB6C3B670123FB64FB6C83F3FA
:101B10001088C0467B681B689A687B681B684021F8
:101B20008A439A603B6F3B653B6D83F31088C046E8
:101B30007B688C22202199507B680022DA66EFF3C3
:101B400010837B657B6DFB660123BB65BB6D83F3F7
:101B50001088C0467B681B681A687B681B68102168
:101B60008A431A60FB6EFB65FB6D83F31088C046E9
:101B70007B6880229B581800FBF730F97B680222B3
:101B80001A677B685C229A5A7B685E215B5A9BB21B
:101B9000D31A9AB27B681100180000F005F9EDE045
:101BA0007B685C22995A7B685E229B5A9AB28E208F
:101BB0003B188A1A1A807B685E229B5A9BB2002BC4
:101BC00000D1DDE03B181B88002B00D1D8E0EFF3FB
:101BD0001083FB60FB6888243A19136001233B6182
:101BE0003B6983F31088C0467B681B681A687B6872
:101BF0001B6867490A401A603B191B687B617B6957
:101C000083F31088C046EFF31083BB61BB69842463
:101C10003A1913600123FB61FB6983F31088C04606
:101C20007B681B689A687B681B685A490A409A60FF
:101C30003B191B683B623B6A83F31088C0467B6894
:101C40008C22202199507B680022DA667B68002272
:101C50005A67EFF310837B627B6A80243A19136022
:101C60000123BB62BB6A83F31088C0467B681B6894
:101C70001A687B681B6810218A431A603B191B682D
:101C8000FB62FB6A83F31088C0467B6802221A67F6
:101C90003B181A887B681100180000F085F86FE087
:101CA000A423FB181A6880235B03134010D09C23E5
:101CB000FB181A688023DB03134009D07B681B687C
:101CC000802252031A627B68180001F051FF5AE02B
:101CD000A423FB181B688022134016D0A023FB18F6
:101CE0001B688022134006D19C23FB181A688023AE
:101CF0001B04134009D07B689B6F002B42D07B688C
:101D00009B6F7A68100098473CE0A423FB181B687F
:101D1000402213400AD0A023FB181B684022134026
:101D200004D07B68180001F097FA2CE0A423FB187C
:101D30001A6880231B0413400BD0A023FB181A68D9
:101D40008023DB05134004D07B68180001F020FFDE
:101D500019E0A423FB181A6880235B04134012D0F7
:101D6000A023FB181B68002B0DDA7B68180001F01C
:101D700007FF08E0C04606E0C04604E0C04602E0B7
:101D8000C04600E0C046BD462AB0B0BDFFFEFFFF22
:101D9000DFFEFFFFFEFFFFEF80B582B000AF78608F
:101DA000C046BD4602B080BD80B582B000AF78604D
:101DB0000A00BB1C1A80C046BD4602B080BD0000B0
:101DC000B0B590B000AF78621A2320229B18DB19BF
:101DD00000221A707B6A9A687B6A1B691A437B6AC5
:101DE0005B691A437B6ADB691343FB637B6A1B688D
:101DF0001B68C14A134019007B6A1A68FB6B0B43CE
:101E000013607B6A1B685B68BC4A134018007B6ADE
:101E1000D9687B6A1A6803000B4353607B6A9B692D
:101E2000FB637B6A1B68B64A934209D07B6A1B68D6
:101E3000B44A934204D07B6A1B6AFA6B1343FB6378
:101E40007B6A1B689B68B04A134019007B6A1A685A
:101E5000FB6B0B4393607B6A1B68DB6A0F22934327
:101E600018007B6A596A7B6A1A6803000B43D362C5
:101E70007B6A1B68A54A934231D1A54B5B6D032257
:101E80001340032B1DD023D8022B0CD020D8002BBD
:101E900002D0012B0ED01BE01B2320229B18DB1944
:101EA00000221A7054E11B2320229B18DB19022206
:101EB0001A704DE11B2320229B18DB1904221A7093
:101EC00046E11B2320229B18DB1908221A703FE1F0
:101ED0001B2320229B18DB1910221A7038E17B6A21
:101EE0001B688C4A934231D1894B5B6D0C221340A5
:101EF0000C2B1DD023D8082B0CD020D8002B02D0BF
:101F0000042B0ED01BE01B2320229B18DB19002280
:101F10001A701DE11B2320229B18DB1902221A7064
:101F200016E11B2320229B18DB1904221A700FE1F3
:101F30001B2320229B18DB1908221A7008E11B239F
:101F400020229B18DB1910221A7001E17B6A1B68A2
:101F5000714A934231D16E4B5B6D30221340302B6E
:101F60001DD023D8202B0CD020D8002B02D0102B32
:101F70000ED01BE01B2320229B18DB1900221A70B5
:101F8000E6E01B2320229B18DB1902221A70DFE0F7
:101F90001B2320229B18DB1904221A70D8E01B2374
:101FA00020229B18DB1908221A70D1E01B23202263
:101FB0009B18DB1910221A70CAE07B6A1B68574A0B
:101FC000934206D11B2320229B18DB1900221A7092
:101FD000BEE07B6A1B68524A934206D11B23202233
:101FE0009B18DB1900221A70B2E07B6A1B684D4A0D
:101FF000934206D11B2320229B18DB1900221A7062
:10200000A6E07B6A1B683E4A93423ED1404B5A6D24
:10201000C0231B011340C0221201934227D0C022CB
:10202000120193422AD880221201934211D08022B9
:102030001201934222D8002B04D08022D200934276
:102040000ED01BE01B2320229B18DB1900221A70E4
:102050007EE01B2320229B18DB1902221A7077E0F6
:102060001B2320229B18DB1904221A7070E01B230B
:1020700020229B18DB1908221A7069E01B232022FA
:102080009B18DB1910221A7062E07B6A1B681D4ADC
:10209000934257D11E4B5A6DC0239B001340C02260
:1020A0009200934240D0C0229200934243D88022B3
:1020B0009200934211D08022920093423BD8002B91
:1020C00004D08022520093420ED034E01B23202201
:1020D0009B18DB1900221A703AE01B2320229B1860
:1020E000DB1902221A7033E01B2320229B18DB1914
:1020F00004221A702CE0C046F369FFCFFFCFFFFF28
:102100000080004000840040FFF4FF1100380140CF
:10211000001002400044004000480040004C0040D5
:1021200000500040003C01401B2320229B18DB197B
:1021300008221A700CE01B2320229B18DB191022A6
:102140001A7005E01B2320229B18DB1910221A703D
:102150007B6A1B68C14A934205D07B6A1B68C04AF0
:10216000934200D093E01B2320229B18DB191B789D
:10217000082B15D018DC042B0DD015DC002B02D059
:10218000022B05D010E0FDF7C3F903007B6314E0D8
:10219000B44B7B6311E0FDF72FF903007B630CE088
:1021A00080231B027B6308E000237B631A23202229
:1021B0009B18DB1901221A70C0467B6B002B00D1E3
:1021C00035E17B6A5A6AA84B5200D35A1900786BE2
:1021D000DDF7C0FF0300BB627B6A5A6813005B0037
:1021E0009B18BA6A9A4205D37B6A5B681B03BA6A7A
:1021F0009A4206D91A2320229B18DB1901221A7051
:1022000044E07B6BBB610023FB617B6A5A6A964B9F
:102210005200D35A3B6100237B613A697B69B869FC
:10222000F969DEF78FF902000B00110E1D020D4354
:1022300014027B6A5B685B08BB600023FB60B868C4
:10224000F968001969417B6A5B683B6000237B6029
:102250003A687B68DEF776F902000B0013003B63F7
:102260003A6BC0239B009A4209D33A6B80235B03ED
:102270009A4204D27B6A1B683A6BDA6006E01A2342
:1022800020229B18DB1901221A70D0E0CFE07B6A74
:10229000DA6980231B029A4200D070E01B232022BF
:1022A0009B18DB191B78082B15D018DC042B0DD0DC
:1022B00015DC002B02D0022B05D010E0FDF728F929
:1022C00003007B6314E0674B7B6311E0FDF794F838
:1022D00003007B630CE080231B027B6308E0002388
:1022E0007B631A2320229B18DB1901221A70C04637
:1022F0007B6B002B00D19AE07B6A5A6A5A4B5200E2
:10230000D35A1900786BDDF725FF03005A007B6A6A
:102310005B685B08D2187B6A5B6819001000DDF708
:1023200019FF03003B633B6B0F2B21D93A6B8023D2
:102330005B029A421CD23B6B9AB20E2020240319F6
:10234000DB190F218A431A803B6B5B089BB2072283
:10235000134099B20319DB190219D21912880A43E2
:102360001A807B6A1B680219D2191288DA605EE053
:102370001A2320229B18DB1901221A7057E01B2315
:1023800020229B18DB191B78082B15D018DC042B96
:102390000DD015DC002B02D0022B05D010E0FDF78C
:1023A000B7F803007B6314E02E4B7B6311E0FDF76D
:1023B00023F803007B630CE080231B027B6308E0AF
:1023C00000237B631A2320229B18DB1901221A7039
:1023D000C0467B6B002B2AD07B6A5A6A224B520084
:1023E000D35A1900786BDDF7B5FE03001A007B6A3B
:1023F0005B685B08D2187B6A5B6819001000DDF728
:10240000A9FE03003B633B6B0F2B0AD93A6B802379
:102410005B029A4205D23B6B9AB27B6A1B68DA6018
:1024200005E01A2320229B18DB1901221A707B6A0F
:102430006A22012199527B6A6822012199527B6AA2
:1024400000225A677B6A00229A671A2320229B186F
:10245000DB191B781800BD4610B0B0BD00800040ED
:10246000008400400024F400E0D9020880B582B066
:1024700000AF78607B689B6A012213400BD07B68B9
:102480001B685B684A4A134019007B68DA6A7B68FC
:102490001B680A435A607B689B6A022213400BD078
:1024A0007B681B685B68434A134019007B681A6BA2
:1024B0007B681B680A435A607B689B6A042213404E
:1024C0000BD07B681B685B683B4A134019007B6834
:1024D0005A6B7B681B680A435A607B689B6A0822B8
:1024E00013400BD07B681B685B68344A13401900AB
:1024F0007B689A6B7B681B680A435A607B689B6A9F
:10250000102213400BD07B681B689B682C4A134039
:1025100019007B68DA6B7B681B680A439A607B68EA
:102520009B6A202213400BD07B681B689B68254A5E
:10253000134019007B681A6C7B681B680A439A6019
:102540007B689B6A402213401DD07B681B685B68D8
:102550001D4A134019007B685A6C7B681B680A434C
:102560005A607B685A6C80235B039A420BD17B686C
:102570001B685B68154A134019007B689A6C7B687E
:102580001B680A435A607B689B6A802213400BD009
:102590007B681B685B680E4A134019007B68DA6C25
:1025A0007B681B680A435A60C046BD4602B080BDC6
:1025B000FFFFFDFFFFFFFEFFFFFFFBFFFF7FFFFFB2
:1025C000FFEFFFFFFFDFFFFFFFFFEFFFFFFF9FFFBB
:1025D000FFFFF7FF80B586B002AF78607B6890227E
:1025E00000219950F9F70AFA0300FB607B681B6829
:1025F0001B6808221340082B0CD1FB688022910332
:1026000078681A4A0092002200F032F8031E01D0C6
:10261000032326E07B681B681B6804221340042BFD
:102620000CD1FB688022D1037868104A0092002206
:1026300000F01EF8031E01D0032312E07B688822FD
:10264000202199507B688C22202199507B680022A0
:10265000DA667B6800221A677B688422002199541D
:1026600000231800BD4604B080BDC046FFFFFF0137
:1026700080B594B000AFF860B9603B60FB1D1A7084
:10268000A7E0BB6D013300D1A3E0F9F7B7F9020071
:102690003B68D31ABA6D9A4202D3BB6D002B3FD16F
:1026A000EFF31083BB62BB6A7B640123FB62FB6AAE
:1026B00083F31088C046FB681B681A68FB681B68B8
:1026C0004E490A401A607B6C3B633B6B83F3108876
:1026D000C046EFF310837B637B6B3B640123BB63DA
:1026E000BB6B83F31088C046FB681B689A68FB6865
:1026F0001B6801218A439A603B6CFB63FB6B83F38D
:102700001088C046FB68882220219950FB688C22E3
:1027100020219950FB68842200219954032369E009
:10272000FB681B681B680422134052D0FB681B68BF
:10273000DA6980231B011A4080231B019A4248D189
:10274000FB681B68802212011A62EFF310833B6161
:102750003B69FB6401237B617B6983F31088C0467E
:10276000FB681B681A68FB681B6824490A401A60EA
:10277000FB6CBB61BB6983F31088C046EFF3108329
:10278000FB61FB69BB6401233B623B6A83F31088F6
:10279000C046FB681B689A68FB681B6801218A4376
:1027A0009A60BB6C7B627B6A83F31088C046FB68CF
:1027B000882220219950FB688C2220219950FB68A7
:1027C000902220219950FB688422002199540323F0
:1027D00010E0FB681B68DB69BA681340BA68D31A5B
:1027E0005A425341DBB21A00FB1D1B789A4200D1BA
:1027F00047E700231800BD4614B080BD5FFEFFFF11
:1028000080B598B000AFF860B960BB1D1A80FB6856
:10281000BA689A65FB68BA1D5C2112885A52FB6837
:10282000BA1D5E2112885A52FB6800225A67FB6863
:102830009A6880235B019A420DD1FB681B69002BCB
:1028400004D1FB6860227B4999522EE0FB6860222C
:10285000FF21995229E0FB689B68002B0DD1FB6892
:102860001B69002B04D1FB686022FF2199521CE0F8
:10287000FB6860227F21995217E0FB689A688023E9
:102880005B059A420DD1FB681B69002B04D1FB68E4
:1028900060227F21995208E0FB6860223F21995213
:1028A00003E0FB68602200219952FB68902200211E
:1028B0009950FB688C2222219950EFF310833B64DE
:1028C0003B6CFB6501237B647B6C83F31088C04603
:1028D000FB681B689A68FB681B6801210A439A60C1
:1028E000FB6DBB64BB6C83F31088C046FB685A6EFB
:1028F00080239B059A4250D1FB6868229B5ABA1DDF
:1029000012889A4249D3FB689A6880235B019A42F5
:1029100007D1FB681B69002B03D1FB68464A5A6745
:1029200002E0FB68454A5A67FB681B69002B19D017
:10293000EFF310837B637B6BBB650123BB63BB6BD6
:1029400083F31088C046FB681B681A68FB681B6825
:10295000802149000A431A60BB6DFB63FB6B83F364
:102960001088C046EFF31083BB62BB6A7B6501230E
:10297000FB62FB6A83F31088C046FB681B689A6899
:10298000FB681B68802149050A439A607B6D3B63A5
:102990003B6B83F31088C04647E0FB689A6880234E
:1029A0005B019A4207D1FB681B69002B03D1FB68CE
:1029B000234A5A6702E0FB68224A5A67FB681B6990
:1029C000002B19D0EFF31083FB61FB69FB6401233B
:1029D0003B623B6A83F31088C046FB681B681A6839
:1029E000FB681B68902149000A431A60FB6C7B62FC
:1029F0007B6A83F3108818E0EFF310833B613B6937
:102A00003B6501237B617B6983F31088C046FB68CB
:102A10001B681A68FB681B6820210A431A603B6D1B
:102A2000BB61BB6983F31088C04600231800BD4614
:102A300018B080BDFF0100008538020899350208F2
:102A400025340208B132020880B590B000AFF860BA
:102A5000B960BB1D1A80FB68BA689A65FB68BA1D2D
:102A60005C2112885A52FB68902200219950FB6821
:102A70008C2222219950FB6880229B58002B2DD05C
:102A8000FB6880229B58404ADA62FB6880229B5890
:102A90003E4A1A63FB6880229B583D4A5A63FB6892
:102AA00080229B5800229A63FB6880229858FB681A
:102AB0001B6824331900FB689B6D1A00BB1D1B8823
:102AC000FAF706F9031E09D0FB68902210219950ED
:102AD000FB688C2220219950012350E0FB681B6980
:102AE000002B19D0EFF31083BB62BB6AFB63012399
:102AF000FB62FB6A83F31088C046FB681B681A6898
:102B0000FB681B68802149000A431A60FB6B3B632A
:102B10003B6B83F31088C046EFF310833B613B6946
:102B2000BB6301237B617B6983F31088C046FB682C
:102B30001B689A68FB681B6801210A439A60BB6B9B
:102B4000BB61BB6983F31088C046EFF31083FB6160
:102B5000FB697B6301233B623B6A83F31088C046B9
:102B6000FB681B689A68FB681B6840210A439A60EF
:102B70007B6B7B627B6A83F31088C046002318005E
:102B8000BD4610B080BDC046E12C0208112E0208DF
:102B9000532E020880B58AB000AF7860EFF310833F
:102BA000BB60BB687B620123FB60FB6883F310881A
:102BB000C0467B681B681A687B681B68C0218A4313
:102BC0001A607B6A3B613B6983F31088C046EFF370
:102BD00010837B617B693B620123BB61BB6983F32B
:102BE0001088C0467B681B689A687B681B68084928
:102BF0000A409A603B6AFB61FB6983F31088C04618
:102C00007B68882220219950C046BD460AB080BD0D
:102C1000FFFF7FFF80B58EB000AF7860EFF31083C9
:102C20007B617B697B630123BB61BB6983F3108894
:102C3000C0467B681B681A687B681B6826490A4087
:102C40001A607B6BFB61FB6983F31088C046EFF36E
:102C500010833B623B6A3B6301237B627B6A83F3A5
:102C60001088C0467B681B689A687B681B681B4994
:102C70000A409A603B6BBB62BB6A83F31088C04614
:102C80007B68DB6E012B18D1EFF31083BB60BB6850
:102C9000FB620123FB60FB6883F31088C0467B68FE
:102CA0001B681A687B681B6810218A431A60FB6ADC
:102CB0003B613B6983F31088C0467B688C222021EE
:102CC00099507B680022DA667B6800225A67C0460A
:102CD000BD460EB080BDC046DFFEFFFFFEFFFFEF2A
:102CE00080B594B000AF78607B689B6AFB647B68BA
:102CF0001B681B68202213406FD1FB6C5E220021F1
:102D00009952EFF31083BB61BB69BB640123FB6184
:102D1000FB6983F31088C046FB6C1B681A68FB6C68
:102D20001B683A490A401A60BB6C3B623B6A83F3FA
:102D30001088C046EFF310837B627B6A7B640123BB
:102D4000BB62BB6A83F31088C046FB6C1B689A6841
:102D5000FB6C1B6801218A439A607B6CFB62FB6AF7
:102D600083F31088C046EFF310833B633B6B3B64F7
:102D700001237B637B6B83F31088C046FB6C1B686D
:102D80009A68FB6C1B6840218A439A603B6CBB636A
:102D9000BB6B83F31088C046FB6C8C2220219950BA
:102DA000FB6CDB6E012B18D1EFF31083FB60FB682B
:102DB000FB6301233B613B6983F31088C046FB6CD6
:102DC0001B681A68FB6C1B6810218A431A60FB6B36
:102DD0007B617B6983F31088C046FB6C00221A6715
:102DE000FB6CDB6E012B08D1FB6C5C229A5AFB6CEE
:102DF00011001800FEF7D8FF03E0FB6C1800F3F792
:102E00000BFBC046BD4614B080BDC046FFFEFFFFB1
:102E100080B584B000AF78607B689B6AFB60FB681C
:102E200001221A67FB68DB6E012B0AD1FB685C226A
:102E30009B5A5B089AB2FB6811001800FEF7B4FFBA
:102E400003E0FB681800FEF7A7FFC046BD4604B0CC
:102E500080BD80B586B000AF78607B689B6A7B617F
:102E60007B6988229B583B617B698C229B58FB6065
:102E70007B691B689B6880221340802B0AD13B69C9
:102E8000212B07D17B695622002199527B691800BA
:102E9000FFF780FE7B691B689B6840221340402B34
:102EA0000AD1FB68222B07D17B695E22002199524F
:102EB0007B691800FFF7AEFE7B6990229B581022B9
:102EC0001A437B6990215A507B691800F3F73AFA4C
:102ED000C046BD4606B080BD80B584B000AF786006
:102EE0007B689B6AFB60FB685E2200219952FB684D
:102EF000562200219952FB681800F3F723FAC046C6
:102F0000BD4604B080BD80B58AB000AF78607B68F4
:102F100088229B58212B4CD17B6856229B5A9BB20E
:102F2000002B32D1EFF31083BB60BB687B620123BF
:102F3000FB60FB6883F31088C0467B681B681A68D7
:102F40007B681B6880218A431A607B6A3B613B690E
:102F500083F31088C046EFF310837B617B693B628B
:102F60000123BB61BB6983F31088C0467B681B6883
:102F70001A687B681B6840210A431A603B6AFB6140
:102F8000FB6983F31088C04613E07B681B6D1A78D9
:102F90007B681B689A627B681B6D5A1C7B681A658C
:102FA0007B6856229B5A9BB2013B99B27B685622A2
:102FB0009952C046BD460AB080BD80B58CB000AF06
:102FC00078607B6888229B58212B51D17B685622E0
:102FD0009B5A9BB2002B32D1EFF31083FB60FB684E
:102FE000BB6201233B613B6983F31088C0467B6869
:102FF0001B681A687B681B6880218A431A60BB6A59
:103000007B617B6983F31088C046EFF31083BB615B
:10301000BB697B620123FB61FB6983F31088C046B7
:103020007B681B681A687B681B6840210A431A602A
:103030007B6A3B623B6A83F31088C04618E07B687A
:103040001B6DFB62FB6A1B881A007B681B68D2053C
:10305000D20D9A627B681B6D9A1C7B681A657B682F
:1030600056229B5A9BB2013B99B27B6856229952D9
:10307000C046BD460CB080BD80B58CB000AF786056
:103080007B6888229B58212B65D12E23FB187A68F8
:103090006A21525A1A8059E07B6856229B5A9BB289
:1030A000002B33D1EFF31083FB60FB68BB6201237D
:1030B0003B613B6983F31088C0467B681B689A6854
:1030C0007B681B6826490A409A60BB6A7B617B6902
:1030D00083F31088C046EFF31083BB61BB697B624A
:1030E0000123FB61FB6983F31088C0467B681B6882
:1030F0001A687B681B6840210A431A607B6A3B623E
:103100003B6A83F31088C046C04624E07B681B6896
:10311000DB698022134013D07B681B6D1A787B68B3
:103120001B689A627B681B6D5A1C7B681A657B68FA
:1031300056229B5A9BB2013B99B27B685622995208
:103140002E217B181A887B18013A1A802E23FB182F
:103150001B88002BA0D1C046BD460CB080BDC04628
:10316000FFFF7FFF80B58CB000AF78607B6888225E
:103170009B58212B6AD12E23FB187A686A21525A58
:103180001A805EE07B6856229B5A9BB2002B33D19B
:10319000EFF31083BB60BB687B620123FB60FB68BD
:1031A00083F31088C0467B681B689A687B681B683D
:1031B00028490A409A607B6A3B613B6983F3108827
:1031C000C046EFF310837B617B693B620123BB61E7
:1031D000BB6983F31088C0467B681B681A687B68EC
:1031E0001B6840210A431A603B6AFB61FB6983F359
:1031F0001088C046C04629E07B681B68DB698022D6
:10320000134018D07B681B6DBB62BB6A1B881A0019
:103210007B681B68D205D20D9A627B681B6D9A1C75
:103220007B681A657B6856229B5A9BB2013B99B218
:103230007B68562299522E217B181A887B18013AF6
:103240001A802E23FB181B88002B9BD1C046BD463D
:103250000CB080BDFFFF7FFF80B586B000AF786007
:10326000EFF31083BB60BB687B610123FB60FB68ED
:1032700083F31088C0467B681B681A687B681B68EC
:1032800040218A431A607B693B613B6983F3108864
:10329000C0467B688822202199507B6800229A676B
:1032A0007B681800F3F72AF8C046BD4606B080BD1B
:1032B00080B590B000AF78603E203B187A686021FE
:1032C000525A1A807B688C229B58222B00D09AE09D
:1032D0007B681B685A6A3C217B181A807B181B8804
:1032E000DAB23B181B88D9B27B689B6D0A40D2B218
:1032F0001A707B689B6D5A1C7B689A657B685E229E
:103300009B5A9BB2013B99B27B685E2299527B68C3
:103310005E229B5A9BB2002B00D07CE0EFF310831F
:10332000BB61BB69BB630123FB61FB6983F310884D
:10333000C0467B681B681A687B681B6838490A406E
:103340001A60BB6B3B623B6A83F31088C046EFF3A5
:1033500010837B627B6A7B630123BB62BB6A83F35E
:103360001088C0467B681B689A687B681B680121CF
:103370008A439A607B6BFB62FB6A83F31088C046CA
:103380007B688C22202199507B6800225A677B68D9
:1033900000221A677B68DB6E012B2FD17B6800222D
:1033A000DA66EFF31083FB60FB683B6301233B614C
:1033B0003B6983F31088C0467B681B681A687B688A
:1033C0001B6810218A431A603B6B7B617B6983F326
:1033D0001088C0467B681B68DB6910221340102BE5
:1033E00003D17B681B6810221A627B685C229A5AA0
:1033F0007B6811001800FEF7D7FC0CE07B68180012
:10340000F3F70AF807E07B681B689A697B681B681A
:1034100008210A439A61C046BD4610B080BDC0462F
:10342000DFFEFFFF80B590B000AF78603E203B1814
:103430007A686021525A1A807B688C229B58222B12
:1034400000D09AE07B681B685A6A3C217B181A807E
:103450007B689B6DBB637B183A181B8812881340EE
:103460009AB2BB6B1A807B689B6D9A1C7B689A65CD
:103470007B685E229B5A9BB2013B99B27B685E22BD
:1034800099527B685E229B5A9BB2002B00D07CE055
:10349000EFF310837B617B697B630123BB61BB69B5
:1034A00083F31088C0467B681B681A687B681B68BA
:1034B00038490A401A607B6BFB61FB6983F3108813
:1034C000C046EFF310833B623B6A3B6301237B62A0
:1034D0007B6A83F31088C0467B681B689A687B68A8
:1034E0001B6801218A439A603B6BBB62BB6A83F312
:1034F0001088C0467B688C22202199507B6800226E
:103500005A677B6800221A677B68DB6E012B2FD11C
:103510007B680022DA66EFF31083BB60BB68FB6256
:103520000123FB60FB6883F31088C0467B681B683F
:103530001A687B681B6810218A431A60FB6A3B612A
:103540003B6983F31088C0467B681B68DB691022E7
:103550001340102B03D17B681B6810221A627B6812
:103560005C229A5A7B6811001800FEF71DFC0CE0E3
:103570007B681800F2F750FF07E07B681B689A69C8
:103580007B681B6808210A439A61C046BD4610B09B
:1035900080BDC046DFFEFFFF80B59CB000AF786005
:1035A0006A23FB187A686021525A1A807B681B686C
:1035B000DB69FB667B681B681B687B667B681B6836
:1035C0009B683B667B688C229B58222B00D044E191
:1035D0005E23FB187A686821525A1A80EBE07B68F8
:1035E0001B685A6A5C217B181A807B181B88DAB228
:1035F0006A23FB181B88D9B27B689B6D0A40D2B244
:103600001A707B689B6D5A1C7B689A657B685E228A
:103610009B5A9BB2013B99B27B685E2299527B68B0
:103620001B68DB69FB66FB6E0722134049D0FB6E0B
:103630000122134010D07A6E80235B0013400BD020
:103640007B681B6801221A627B6890229B580122CA
:103650001A437B6890215A50FB6E022213400FD010
:103660003B6E012213400BD07B681B6802221A625A
:103670007B6890229B5804221A437B6890215A5001
:10368000FB6E042213400FD03B6E012213400BD07F
:103690007B681B6804221A627B6890229B58022276
:1036A0001A437B6890215A507B6890229B58002BCC
:1036B00007D07B681800F2F745FE7B689022002156
:1036C00099507B685E229B5A9BB2002B73D1EFF31B
:1036D0001083FB62FB6ABB6501233B633B6B83F397
:1036E0001088C0467B681B681A687B681B68614944
:1036F0000A401A60BB6D7B637B6B83F31088C04606
:10370000EFF31083BB63BB6B7B650123FB63FB6B38
:1037100083F31088C0467B681B689A687B681B68C7
:1037200055490A409A607B6D3B643B6C83F310887B
:10373000C0467B688C22202199507B6800225A6702
:103740007B6800221A677B68DB6E012B2FD17B68B8
:103750000022DA66EFF310833B623B6A3B6501238C
:103760007B627B6A83F31088C0467B681B681A689B
:103770007B681B6810218A431A603B6DBB62BB6A81
:1037800083F31088C0467B681B68DB6910221340F6
:10379000102B03D17B681B6810221A627B685C22A5
:1037A0009A5A7B6811001800FEF7FEFA03E07B6866
:1037B0001800F2F731FE5E23FB181B88002B04D0A3
:1037C000FB6E2022134000D009E74E203B187A6898
:1037D0005E21525A1A8001007B181B88002B44D0AE
:1037E0007B6868229B5A7A1812889A423DD2EFF37E
:1037F0001083BB60BB68BB640123FB60FB6883F381
:103800001088C0467B681B689A687B681B681B49E8
:103810000A409A60BB6C3B613B6983F31088C046E9
:103820007B68174A5A67EFF310837B617B697B647F
:103830000123BB61BB6983F31088C0467B681B68AA
:103840001A687B681B6820210A431A607B6CFB6145
:10385000FB6983F31088C04607E07B681B689A69A0
:103860007B681B6808210A439A61C046BD461CB0AC
:1038700080BDC046FFFEFFFFFEFFFFEFFFFFFFEF33
:10388000B132020880B59EB000AF78607223FB1899
:103890007A686021525A1A807B681B68DB697B67F3
:1038A0007B681B681B68FB667B681B689B68BB6644
:1038B0007B688C229B58222B00D044E16623FB18A6
:1038C0007A686821525A1A80EBE07B681B685A6A52
:1038D00064217B181A807B689B6D3B667B18722283
:1038E000BA181B88128813409AB23B6E1A807B6804
:1038F0009B6D9A1C7B689A657B685E229B5A9BB283
:10390000013B99B27B685E2299527B681B68DB6938
:103910007B677B6F0722134049D07B6F01221340E6
:1039200010D0FA6E80235B0013400BD07B681B68BD
:1039300001221A627B6890229B5801221A437B68FD
:1039400090215A507B6F022213400FD0BB6E012290
:1039500013400BD07B681B6802221A627B6890229E
:103960009B5804221A437B6890215A507B6F042293
:1039700013400FD0BB6E012213400BD07B681B6835
:1039800004221A627B6890229B5802221A437B68A9
:1039900090215A507B6890229B58002B07D07B685F
:1039A0001800F2F7CFFC7B689022002199507B68C9
:1039B0005E229B5A9BB2002B73D1EFF310833B63C3
:1039C0003B6BFB6501237B637B6B83F31088C046F5
:1039D0007B681B681A687B681B6861490A401A602B
:1039E000FB6DBB63BB6B83F31088C046EFF31083A2
:1039F000FB63FB6BBB6501233B643B6C83F310886B
:103A0000C0467B681B689A687B681B6855490A40FA
:103A10009A60BB6D7B647B6C83F31088C0467B68C7
:103A20008C22202199507B6800225A677B680022F3
:103A30001A677B68DB6E012B2FD17B680022DA6668
:103A4000EFF310837B627B6A7B650123BB62BB6AF9
:103A500083F31088C0467B681B681A687B681B6804
:103A600010218A431A607B6DFB62FB6A83F3108826
:103A7000C0467B681B68DB6910221340102B03D102
:103A80007B681B6810221A627B685C229A5A7B68EA
:103A900011001800FEF788F903E07B681800F2F7C0
:103AA000BBFC6623FB181B88002B04D07B6F2022F5
:103AB000134000D009E752203B187A685E21525A21
:103AC0001A8001007B181B88002B44D07B68682279
:103AD0009B5A7A1812889A423DD2EFF31083FB600A
:103AE000FB68FB6401233B613B6983F31088C0469C
:103AF0007B681B689A687B681B681B490A409A6050
:103B0000FB6C7B617B6983F31088C0467B68174A36
:103B10005A67EFF31083BB61BB69BB640123FB6190
:103B2000FB6983F31088C0467B681B681A687B6852
:103B30001B6820210A431A60BB6C3B623B6A83F31B
:103B40001088C04607E07B681B689A697B681B6821
:103B500008210A439A61C046BD461EB080BDC046DA
:103B6000FFFEFFFFFEFFFFEFFFFFFFEF2534020820
:103B700080B582B000AF7860C046BD4602B080BD5F
:103B800080B582B000AF7860C046BD4602B080BD4F
:103B900080B582B000AF7860C046BD4602B080BD3F
:103BA00080B584B000AF78607B6884229B5C012B79
:103BB00001D102232DE07B688422012199547B6886
:103BC0008822242199507B681B681B68FB607B68F6
:103BD0001B681A687B681B6801218A431A60FB68AE
:103BE000802292051343FB607B68802292055A660F
:103BF0007B681B68FA681A607B68180000F08EF812
:103C00007B688822202199507B6884220021995466
:103C100000231800BD4604B080BD80B584B000AF5D
:103C2000786039607B6884229B5C012B01D1022380
:103C30002EE07B688422012199547B68882224210C
:103C400099507B681B681B68FB607B681B681A685F
:103C50007B681B6801218A431A607B681B689B682C
:103C6000DB00D9087B681B683A680A439A607B6866
:103C7000180000F053F87B681B68FA681A607B68CC
:103C80008822202199507B688422002199540023A6
:103C90001800BD4604B080BD80B584B000AF786028
:103CA00039607B6884229B5C012B01D102232FE0C9
:103CB0007B688422012199547B68882224219950B1
:103CC0007B681B681B68FB607B681B681A687B68E5
:103CD0001B6801218A431A607B681B689B680E4A37
:103CE000134019007B681B683A680A439A607B6836
:103CF000180000F013F87B681B68FA681A607B688C
:103D00008822202199507B68842200219954002325
:103D10001800BD4604B080BDFFFFFFF1F0B585B0CF
:103D200000AF78607B685B6E002B08D17B686A22ED
:103D3000012199527B6868220121995243E00F26A4
:103D4000BB1908221A700E203B1808221A707B68D3
:103D50001B689B685B0EDAB20D243B1907210A40F1
:103D60001A707B681B689B685B0FDAB20C257B19A5
:103D700007210A401A703B181B787A1912781449E7
:103D80008A5C5A4310007B191B78124AD35C1900D5
:103D9000DCF76AFA030099B27B686A229952BB1970
:103DA0001B783A1912780A498A5C5A4310003B1969
:103DB0001B78084AD35C1900DCF756FA030099B265
:103DC0007B6868229952C046BD4605B0F0BDC0462A
:103DD00000DA020808DA020880B500AFE0F796FAC8
:103DE000FEE780B582B000AF7860EEF7A9F8FEE795
:103DF00010B5002101F0E8FA10BD10B50A2200212B
:103E000001F0B8FB10BD10B50A22002101F0B2FB91
:103E100010BD000070B500260C4D0D4C641BA410A5
:103E2000A64209D1002606F01BFB0A4D0A4C641B72
:103E3000A410A64205D170BDB300EB5898470136D7
:103E4000EEE7B300EB5898470136F2E730DF02089F
:103E500030DF020830DF020838DF020810B5034BFC
:103E60000100186800F00EF810BDC0466C03002079
:103E700010B5034B0100186803F0F0FC10BDC046FC
:103E80006C030020F0B50D0087B00B350190162DA6
:103E900008D90722954306D50C23019A1360002008
:103EA00007B0F0BD1025A942F6D8019800F00EFA2F
:103EB000FC23BD485B009D421AD22A0008328218BA
:103EC000110054680839EB088C4203D1D4680233DE
:103ED000A24223D003236268A1689A431300E268D8
:103EE000E318CA609160012259680A435A602BE0C6
:103EF0003F236A0A03D0042A2CD8AB0938330322A3
:103F00009446D9000918CC688C4206D0664662688F
:103F1000B243571B0F2F35DD013B01330469A34921
:103F20008C4256D00322666896433200761B0F2ED1
:103F300036DD012763193D43374365604361036103
:103F4000D96099605F60A650019800F0C7F9200021
:103F50000830A5E7142A02D813005B33CFE7542AB0
:103F600002D82B0B6E33CAE7AA235B009A4202D811
:103F7000EB0B7733C3E78E497E238A42BFD8AB0C65
:103F80007C33BCE7E668002F08DBA368DE60B36023
:103F90000123A21851680B435360D5E73400B3E7FF
:103FA00041610161002EF3DA41688C46802189006D
:103FB0008A4200D389E05609D1080122B240664600
:103FC000C9003243426008188268E060A2608460E1
:103FD000D4600122744899108A404168914225D3E7
:103FE0000A4205D10324A343520004330A42FBD002
:103FF000D90041188C460293CC688C4200D09BE0DB
:104000000326029C0831013402943442F4D1032186
:104010000B4200D0B7E0436893434360624B5200C9
:104020005968914202D3002A00D0BBE0032386687E
:1040300072689A430292AA4203D3511B0F2900DDF2
:1040400023E1029B0820F31803935A4B1F6802F0E8
:104050000BFD594B10371B687F190490013303D0B7
:10406000013F3F1843421F403900019800F004FB14
:104070000400431C00D1DFE0039B834203D94A4B79
:104080009E4200D0D8E04D4B03991A68BA181A60C6
:10409000049B013BA14200D096E0194200D093E07E
:1040A0000126414B029A9B68D7193E435E60434B01
:1040B000434A1B6811688B4200D91360414A11685A
:1040C0008B4200D8B8E01360B6E0560A042E11D82F
:1040D00091093831CF003F18BE68B74225D101227F
:1040E00089108A4061460A434260E760A660BC606E
:1040F000F4606EE7142E02D831005B31EAE7542EEB
:1041000002D8110B6E31E5E7AA2149008E4202D890
:10411000D10B7731DEE7264F7E21BE42DAD8910CF3
:104120007C31D7E7B668B74204D003207168814379
:104130009142F7D8F768D8E703276668BE4303962D
:10414000771BE6680F2F10DD0122A1686319154364
:104150006560CE60B1604361036114483A43D86042
:1041600098605A60039BE750EEE6002F09DB039B43
:10417000E11801234A6813434B60A368DE60B36013
:10418000E2E6340039E7082149428C4461468968F7
:10419000013B614500D13AE740E7043352000A424F
:1041A000FBD025E7029BFAE798070020A007002034
:1041B0005405000088AD0120A00B002058AD01205F
:1041C00080AD012084AD012034490868013041D11F
:1041D0000C6007222100114000200391144202D0FC
:1041E0000830401A2418E2190592059F049A1F40CE
:1041F0001018C71B1F403900019800F03DFA431CFE
:1042000008D1039F0598002F04D038000027059B94
:1042100008381818224A001B1368DB1913600122A2
:10422000204BC71917439C6067609E4200D13EE750
:10423000029B0F2B14D8626003221A4B9B685B68A9
:104240009343591BAB4201D30F291EDC019800F0A8
:1042500045F824E60399611A8918114A1160B8E7F4
:104260000721029B0C3B8B4371680A4005211A43CE
:104270007260F218516091600F2B00D817E731007F
:104280000198083103F0EAFA11E70122130005480A
:104290002B43846863606319836026E6A00B0020CB
:1042A00058AD012098070020002310B59A4200D194
:1042B00010BDCC5CC4540133F8E70300821893426C
:1042C00000D1704719700133F9E7000010B50248BA
:1042D00003F0F8FE10BDC0468DAD012010B50248B8
:1042E00003F0F1FE10BDC0468DAD0120094B10B5A5
:1042F0001C68094AA83420686168084BDCF742F959
:104300000122002380185941206061604800400864
:1043100010BDC0466C0300202D7F954C2DF45158E4
:1043200010B5034B0A000100186800F003F810BD37
:104330006C030020F0B587B00C1E0290059206D1E8
:104340001100FFF79FFD0700380007B0F0BD02988D
:10435000FFF7BCFF059B0B33162B08D907229343AD
:10436000019306D50C23029A00271360ECE7102373
:104370000193019B059A9342F4D32300083B5F68A5
:1043800004933A0003239A43019B0392934200DC77
:1043900067E1049BB7489B18826894465A689C451D
:1043A00006D001251100A94359184968294226D190
:1043B00003218A4303998E1801999C4517D1103126
:1043C000B1421EDC019B049A9C46F61A012362440A
:1043D0001E43826056602200083A516802980B40E2
:1043E00061460B435360FFF779FF2700ACE7B1420A
:1043F00007DCDA689B68DA609360049D7FE0002246
:104400001300F90700D5E2E0210008390D6804998E
:104410004D1B03216F688F4303997F18002B00D138
:10442000A0E0D6199C4549D1019B1033B34200DD71
:1044300098E0AA68EB682F00D3609A600A00043AFB
:104440000837242A35D83B00132A08D92368AB60E3
:104450006368EB601B2A1AD82B00083410332268DB
:104460001A6062685A60A2689A60019BEA18814BE0
:104470009A60019BF61A01231E4356606A68134036
:10448000019A13436B600298FFF728FF5CE7A3686B
:104490002B61E3686B61242A03D02B00103418339E
:1044A000DDE72369AB612B0062692033EA611834D0
:1044B000D5E72100380003F024FED6E7019AB24286
:1044C00050DC2800DA689B680830DA609360AA68DC
:1044D000EB68D3609A60039A043A242A3ED8132AE0
:1044E00007D92368AB606368EB601B2A24D80834C3
:1044F00008302368036063684360A3688360019B9E
:104500006868F41A0123AA1918400F2C00D8AAE0F1
:104510000199019E691830431C4368604C605068E3
:10452000083103435360029803F098F90298083564
:10453000FFF7D4FE2F0007E7A3682B61E3686B61E8
:10454000242A03D0280010341830D2E72800236929
:104550002030AB6163691834EB61CAE7210003F0D6
:10456000D0FDCCE7019BBB4231DC2800AA68EB6898
:104570000830D3609A60039A043A242A23D8132A75
:1045800007D92368AB606368EB601B2A09D808343D
:1045900008302368036063684360A36883603E005B
:1045A000ADE7A3682B61E3686B61242A03D0280080
:1045B00010341830EDE7280023692030AB616369BF
:1045C0001834EB61E5E7210003F09BFDE7E705996F
:1045D0000298FFF757FC071E00D154E72300012281
:1045E000083B5B689343049AD3180200083A93424D
:1045F00005D15E6803239E43039BF618FDE6039AEC
:10460000043A242A29D803002100132A08D9236850
:104610000360636843601B2A0DD803000831083328
:104620000A681A604A685A608A689A60210002988B
:1046300003F014F927E7A3688360E368C360242AC2
:1046400003D0030010311033EAE723691831036106
:104650000300626918334261E2E7210003F051FD73
:10466000E4E7039EC9E606436E6051680B4353605E
:104670005CE7C04698070020002370B5064D040093
:1046800008002B6005F0D2FE431C03D12B68002BE1
:1046900000D0236070BDC04690AD01200EB400B5BF
:1046A0000B499CB01DAB02900690079104910948FC
:1046B000094904CB0591006802A9019300F066FF47
:1046C0000023029A13701CB008BC03B01847C04600
:1046D000FFFFFF7F6C0300200802FFFF020010B500
:1046E000137814000132002BFAD1CA5CE254013372
:1046F000002AFAD110BDC9B20378002B04D08B4236
:1047000000D170470130F7E74B4259414942084018
:10471000F7E703000A7801311A700133002AF9D152
:10472000704730B50500101E08D00024013A2B5DFB
:10473000085D834201D1944201D1181A30BD013481
:10474000002BF4D1F9E7030030B51D00002A06D094
:104750000C78013A01332C700131002CF5D1002185
:104760009A18934200D130BD19700133F9E7000067
:1047700070B516000D0004F00BF8002E0DD06B2361
:104780006A00520D9B1A002B07DD0024034A1B050B
:104790009D182B002200DDF79BFB70BD0000F03F51
:1047A000F0B51D000023A5B02093AC4B05901B680D
:1047B0000891180007931B92DBF7B0FC0026040059
:1047C0000027089B1F931F9A13782B2B58D044D88F
:1047D0000D2B3DD8082B3DD8002B47D000230E933E
:1047E00000221F9B0A9206931B78302B00D07FE09B
:1047F000069B20325B789343582B00D06EE00E9BD3
:104800000295019320AB0093954A21AB05981FA90F
:1048100003F040F90723050004001D40184206D0AC
:10482000062D2FD1069B01331F9300230E931B9B54
:10483000002B02D01B9B1F9A1A600E9B002B1CD0D2
:10484000802332001B06FB181000190025B0F0BDB4
:10485000202BC3D101321F92B5E72D2BBED12C3BAB
:104860000E93531C1F935378002BB9D1089B1F93B1
:1048700000230E931B9B002BDCD132003B00E3E7AF
:104880000023EDE7209A002A07D0352122A804F062
:1048900080F82099059803F06FFC681E042806D85C
:1048A000DBF744FC0B0316180B00229E239F230703
:1048B000BDD580231B061F43B9E7239B694A6A497C
:1048C0001A40219B229E5B181B051A431700EEE736
:1048D000664FECE70126664F7642E8E71F9B5A1CBD
:1048E0001F925B78302BF9D0002BA0D001230A93C4
:1048F0001F9B0A22109300230F930B9309931F9879
:1049000005782B00303BD9B2092927D92200079915
:10491000FFF707FF002833D000202B008446099AB8
:104920000C9006922022190091430A000021079161
:10493000452A00D0C5E0069B0A9A034313438B42E5
:1049400094D01F9B089301331F93089B5B782B2BFC
:1049500076D00C002D2B79D1012472E00999082919
:1049600009DC0B9951435B180B93099B0130013310
:1049700009931F90C3E70F9951435B180F93F4E716
:104980001F9B099A1C191F942378002A39D00C9078
:1049900006921A00303A092A12D901229446C1E738
:1049A0001F9B01305A1C1F925B78302BF8D01A00E5
:1049B000313A082A3FD80C9000201F9A0690109296
:1049C0001A00411C303A302B15D00C9B5B180A2181
:1049D0000C93069BC418A34215D10699069B01317E
:1049E00009181B180691082B1BDC0A230B994B4353
:1049F0000021D3180B931F9B08005A1C1F925B7851
:104A0000C7E70998D1E7082B04DC0B9D4D430B95B4
:104A10000133E0E75D1C102DFADC0F9D4D430F952F
:104A2000F6E7069B0021102BE5DC0A230F98434391
:104A3000D3180F93DFE700220C9206920132ADE704
:104A40000024089B02331F93089B9B781A00303A7E
:104A5000092A13D9089A1F92002231E05CDD02086E
:104A6000D8DB0208FFFFEFFF330400000000F07FF7
:104A7000FFFFFF7F1F9B5A1C1F925B78302BF9D0E2
:104A8000002207921A00313A082A1AD8303B1A003D
:104A90001F9B07931F9B591C1F915B781D00303D86
:104AA000092D39D9079D491BB04D0795082903DC0D
:104AB0000792AA4200DD0795002C02D0079A5242C5
:104AC0000792069A002A4BD10A9A104300D0AEE60C
:104AD0006246002A00D0C9E6692B25D021DC492B8B
:104AE00022D04E2B00D0C1E6A1491FA803F020FA26
:104AF000002800D1BAE61F9B1B78282B2AD19D499C
:104B000022AA1FA803F028FA052823D1239B9A4A3A
:104B1000229E1A4317008AE60A214A43D218303AE5
:104B2000B8E76E2BE0D0A1E694491FA803F000FA85
:104B3000002800D19AE61F9B9149013B1FA81F93B3
:104B400003F0F6F9002802D11F9B01331F930026C2
:104B5000894F6CE68B4803F093FF06000F0066E672
:104B6000079B0C9A9B1A0A93099B002B01D1069B69
:104B70000993069C102C00DD10240B98DEF72AF810
:104B8000069B06000F00092B15DD22007E4B093A1B
:104B9000D2009B181A685B68DDF79AF906000F9837
:104BA0000F00DEF717F802000B0030003900DCF7C9
:104BB00051FA06000F00069B0F2B39DC0A9B002BD5
:104BC00000D134E624DD162B09DC6F49DB00C9185F
:104BD0003200086849683B00DDF77AF9BDE7252314
:104BE000069A9B1A0A9A934222DB0F24069B664D73
:104BF000E41AE10069183200086849683B00DDF7F3
:104C000067F90A9B1C1BE4002C1922686368E3E720
:104C10000A9B16330CDB0C9B079A30009A1A5A4BEE
:104C2000D2009B1839001A685B68DCF74FFD94E7E7
:104C3000069B1C1B0A9BE418002C72DD0F2321002D
:104C400019401C420AD0CB004F493200C9180868ED
:104C500049683B00DDF73CF906000F000F239C4339
:104C60004AD02633FF339C4222DD0023069307936C
:104C70000B93099322230026059A3F4F13600B9B49
:104C8000B34200D1D3E52099059803F075FA09994C
:104C9000059803F071FA0799059803F06DFA0B99DE
:104CA000059803F069FA0699059803F065FABEE5E0
:104CB000002330003900354D24110893012C1EDCEF
:104CC000002B01D006000F00314B3200FF18089B6B
:104CD000DD002E4B5D19286869683B00DDF7F8F8A8
:104CE000254B2C4A06000B409342BED82A4A9342D9
:104CF00013D90126294F76420023089387E0012229
:104D0000144204D02A686B68DDF7E2F80123089AA0
:104D10006410013208920835D0E7D4239B04CF18E1
:104D2000EAE7002CE8D064420F222300134014422B
:104D30000AD0DA00144B30009B1839001A685B68FF
:104D4000DCF7C4FC06000F002411D5D01F2C27DD92
:104D50000023069307930B9309932223059A0026B9
:104D600013600B9B0027002B8DD160E51F4E0000C8
:104D700035DC0208ECDB02080000F07F2DDC0208C5
:104D800083DC020807DF0208F8DD0208D0DD020834
:104D90000000B0FC0000A07C0000907CFFFFEF7FD3
:104DA000102322001A4008921C4201D05A33089363
:104DB000300039000023C54D0122144204D02A6876
:104DC0006B68DDF785F8012364100835002CF3D1FA
:104DD000002B01D006000F00089B002B0FD06B2387
:104DE0007A00520D39009B1A002B08DD1F2B00DCC6
:104DF00024E10026342B00DC19E1DC27BF0400226B
:104E0000002330003900DBF72BFB0028A0D10B9BDF
:104E1000099A00931099069B059803F0FBF90B90F3
:104E2000002800D121E70A9B0799DA170C9B5B1A2F
:104E30001A400A9B1592DB430A9ADB171A4000239B
:104E40001A92069307930B9B0598596803F06CF927
:104E50000990002800D10DE70B9B0B991B690C31C1
:104E60009A1C92000C300C93FFF71EFA22AB0193B0
:104E700021AB009332003B0005981296139703F084
:104E8000FBFC2090002800D1F4E60121059803F0F6
:104E900055FA0790002800D1ECE6219B1A9A159D3F
:104EA000D41A002B01DB1A9C5D190899229A5B1A0F
:104EB00036219B188A1A864901208C460021013B25
:104EC00010911490634507DA6146C91A521A1F29D6
:104ED00000DDB8E088401490AB180C93A418089B30
:104EE0000C9A1C192B00954200DD1300A34200DD33
:104EF0002300002B04DD0C9AE41AD21A0C92ED1A4E
:104F0000159B002B17DD1A000799059803F0DCFAB2
:104F10000790002800D1ADE60100209A059803F023
:104F200023FA0F90002800D1A4E62099059803F0F9
:104F300023F90F9B20930C9B002B00DD89E00A9B3B
:104F4000002B08DD1A9A0999059803F0BDFA09901B
:104F5000002800D18EE6002C08DD22000999059872
:104F600003F0F4FA0990002800D183E6002D08DD53
:104F70002A000799059803F0E9FA0790002800D164
:104F800078E6099A2099059803F06AFB06900028B4
:104F900000D16FE60022C3680799C2600F9303F047
:104FA00043FB00285FDA0F9B334300D08AE03B03CA
:104FB00000D087E0D622474BD2043B40934200D832
:104FC00080E0069B5B690A93002B04D1069B1B695A
:104FD0000A93012B76DD06990122059803F0B6FAB3
:104FE0000799069003F020FB00286BDD08993B0031
:104FF000384A002900D192E01100D6203940C0047F
:10500000814200DD8BE0DC239B04994200DCA4E6B6
:10501000300039000022304BDCF75AFF06000F0049
:10502000084300D02FE62223059A13602BE64B237A
:105030009A1A4C3B934019400F00E0E6012252427D
:105040009A401640DBE62549CB1A010099401091A1
:1050500041E70C9A2099059803F078FA20900028EF
:1050600000D06CE706E60C97002876D10F9A3B0338
:105070001B0B002A38D01A4A934238D10122089BD0
:10508000524231001000002B0BD0D424114B1000E1
:105090003B40E404A34204D86C301B0DC31A9A4071
:1050A0001000814223D10F4B0C9A9A4202D14B1C23
:1050B00000D1DFE5074B0C9A00261A40130080222E
:1050C00052039F18089B002BA2D1DCE500DC0208EC
:1050D00002FCFFFF0000F07F00005039E2FBFFFF01
:1050E000FFFF0F00FFFFEF7F334300D17EE7109BF0
:1050F000002B1DD00C9B109A1342E3D00F9B300065
:105100003900089A002B17D0FFF732FB02000B0082
:1051100012981399DBF79EFF06000F00D2E70126D5
:105120001340994A76429B18984A1A431700C9E7D8
:10513000149B3342C6D0E1E7FFF71AFB02000B00D5
:1051400012981399DDF730F90022002306000F00B2
:10515000DBF786F90028B5D0FFE50799069803F03C
:10516000EFFB80230022DB0504000D00DBF788F94C
:10517000002875D00F9B002B47D00023844C0025BE
:1051800010931194824C834A0C9B13401493149AED
:10519000814B9A4200D0ACE0804A0C9B9446634419
:1051A0001F00109A119B300039000C920D9303F0F0
:1051B000EFFA02000B000C980D99DCF789FE320023
:1051C0003B00DBF747FF734A754B06000A409A42E3
:1051D0005ED9139A734B9A4203D1129B013300D1CB
:1051E00048E501266F4F76422099059802F0C4FFEA
:1051F0000999059802F0C0FF0799059802F0BCFFD5
:105200000699059802F0B8FF1DE6002E1CD10C9BF4
:105210001B031FD10022200029005D4BDBF726F97C
:1052200000281AD12000290000225F4BDCF750FE35
:1052300005000C0080231B06E3181C951D931C9A87
:105240001D9B109211939EE7012E03D10C9B002B06
:1052500000D182E50023554C91E70F9D524CE9E7C0
:10526000002220002900504BDCF732FE0F9A050087
:105270000B000C00002A07D1802212068B18169012
:105280001793169A179BDCE7020016921793F8E71C
:10529000D4239B04CF18089B002BA5D13D4B149A17
:1052A0003B409A42A0D128002100DBF7CFF9DBF781
:1052B00009FA02000B0028002100DDF775F83B0316
:1052C0000F9A1B0B3343134304000D00384A002B85
:1052D00055D0384BDBF7CAF8002800D0D3E42000C3
:1052E0002900354A304BDBF7D5F8002800D17BE7A1
:1052F000C9E4089B002B2BD0D423149ADB049A42D8
:1053000026D8280021002D4A2D4BDBF7B9F80028BC
:1053100017D028002100DBF77BF9002800D10130ED
:10532000DDF758FC0F9A05000B000C00002A22D173
:10533000802212068B1818901993189A199B1092B4
:105340001193D622119BD2049B18149A9B1A119385
:1053500012981399109E119F03F01AFA02000B0085
:1053600030003900DCF7B4FD129A139BDBF772FEB4
:1053700006000F008FE7020018921993DDE7114B2A
:10538000DBF774F8B1E7C0460000F0FFFFFF0F0045
:105390000000F03F0000F07F0000E07F0000B0FC64
:1053A000FFFF9F7CFFFFEF7F0000E03F0000F0BFAA
:1053B0009535A094FFFFDF3F35E5AF350000C0FF16
:1053C000FFFFDF41FFFFCF3F10B50A000100034898
:1053D000034B0068FFF7E4F910BDC0466C030020E2
:1053E000B00B0020034B10B51A6801235C3200F0AB
:1053F00003F810BD6C030020F0B5002802D110683E
:10540000002813D0040020000E00057801343778FE
:10541000002F04D1002D0FD12800156006E00136C1
:10542000BD42F4D1002BEED114600370F0BD2F000B
:105430000FE00133002E04D1230001341D78270032
:105440000B001E78B542F4D1002DF0D00023013CB2
:1054500023701760EAE70000F0B587B01E000590E2
:1054600001910292012B45D00B00242E42D83F4AD5
:10547000082194461A00604614780133005D1D002F
:1054800007000F400842F5D12D2C3AD101271C7896
:10549000951C002E65D0102E09D1302C07D120226A
:1054A0002B789343582B57D110266C780235304B0C
:1054B0003100FB1818000393DAF7D2FE0023012213
:1054C00084461800049152422100303909291DD820
:1054D0000C00A64228DD002B24DB1300844506D3F4
:1054E00002D10499A14202DB0123704320182C78D9
:1054F0000135E9E702F044F916230360002007B004
:10550000F0BD2B2CC5D11C78951CC2E72100413978
:10551000192901D8373CDCE721006139192903D862
:10552000573CD6E71300E2E7002B09DA2223059A5D
:1055300003981360029B002BE1D06B1E019307E0E0
:10554000002F00D04042029A002AD8D0002BF4D17C
:10555000029B019A1A60D2E73024002EA7D10836A8
:10556000A5E7302C9BD00A26A1E7C046D1DA020875
:10557000FFFFFF7F10B513000A000100024800681A
:10558000FFF76AFF10BDC0466C030020F0B5D9B02C
:105590001C000B9108920A9002F08EFD036818001F
:1055A0001C93DAF7BBFD0B9B16909B891B0618D545
:1055B0000B9B1B690993002B13D140210A98FEF71E
:1055C00061FC0B9B18601861002807D10C230A9A14
:1055D00013600D3B1793179859B0F0BD40230B9AF9
:1055E0005361002300222E932D930E9300231492D7
:1055F000159300232FAF2C971F931E9312931B9389
:105600001D931793089D2B78002B02D0252B00D0DB
:1056100092E0089BEE1A9D4217D03B602E9B7E6065
:105620009B192E932D9B0837099301332D93072B3C
:1056300008DD0B990A982CAA03F028FA002800D05C
:10564000CFE12FAF179B9B1917932B78002B01D11C
:1056500001F0BCF91B2200231EA95218137001226D
:105660001E0052420135099218936B1C13932B783C
:105670000F930F9820385A2801D900F01FFEDAF74F
:105680005FFD78001D061D0682001D061D061D0615
:105690005D001D061D0684008C001D068A00910019
:1056A0001D06B200B400B400B400B400B400B400ED
:1056B000B400B400B4001D061D061D061D061D061F
:1056C0001D061D063B011D06E000F4003B013B01E9
:1056D0003B011D061D061D061D06C7001D061D06F5
:1056E000D3041D061D061D0617051D0637051D06DC
:1056F0001D0664051D061D061D061D061D061D064C
:105700001D061D063B011D06E000F6003B013B01A6
:105710003B01C900F600DC001D06D5001D06B304E0
:10572000D5040605DC001D061705800039051D0699
:105730001D0684051D068000013564E70A9802F005
:10574000BBFC436818001D93DAF7E8FC1B900A982D
:1057500002F0B2FC836812931B9B002B11D0129BAA
:10576000002B0ED01B78002B0BD08023DB001E43B8
:1057700007E01B231EAA9B181A78002A01D12032A9
:105780001A70139D71E70123F1E708CC1893002BE1
:10579000F7DA5B4218930423E9E71B231EAA9B1840
:1057A0002B22EDE7139A139B127801330F922A2ACA
:1057B00010D0002209920F9A1393303A092A00D987
:1057C00057E70A2109984843821809921A78013349
:1057D0000F92F0E704CC0992002A02DA0122524229
:1057E00009921393CDE78023C1E70022139B1892FF
:1057F0000A21189A4A430F9930398A1818921A00C8
:10580000127801330F92303A1393092AF0D930E716
:105810000823ACE7139B1B78682B05D1139B01333E
:10582000139380239B00A2E74023A0E7139B1B78E0
:105830006C2B04D1139B01331393202397E7102380
:1058400095E7220008CA3FA80D921B22037000238F
:105850001EA9521813700C9301330993002308906A
:105860001D00199310931193F1E110231E43B30609
:1058700031D5072307349C43220018CA06930794A6
:105880000D92079A0123002A0BDA069C079D00223D
:105890006142AA41069107921B221EA952182D218E
:1058A00011700799069A0A430999013101D101F053
:1058B0009AF8802135008D43002A01D001F098F834
:1058C000099A002A01D100F0ECFC012B01D001F073
:1058D00093F800F07EFC220008CA0D92F20603D570
:1058E0000693DB170793CCE7720601D51BB2F7E7E7
:1058F000B205F5D55BB2F3E7072307349C432200DA
:1059000018CA0D92012214931594159B149D5C00E6
:105910006408280021003E4B5242DDF7D7F80028EA
:1059200026D1012228002100394B5242DAF7A8FD86
:1059300000281DD11498159900220023DAF796FD4E
:10594000002804D01B231EAA9B182D221A70314B4D
:1059500008930F9B472B01DD2F4B089380239E4319
:1059600000230C93033309930023199301F073F878
:10597000149A159B10001900DDF7A8F800280ED026
:10598000159B002B04DA1B231EAA9B182D221A70CC
:10599000224B08930F9B472BE0DD214BDDE72023B3
:1059A0000F9A9A431092412A23D130220F9925ABA6
:1059B0001A704832612900D0203A5A7002231E43DF
:1059C000099B632B2EDD0A98591CFEF75BFA0890A1
:1059D000002800D021E20B9B9A89402313430B9AA5
:1059E00093810B9B9B895B0600D4F4E501235B420A
:1059F000F0E5099B0C90013300D111E2109B472B7D
:105A000014D1099B002B11D1013309930EE0C0463C
:105A1000FFFFEF7F28DC02082CDC020830DC0208E4
:105A200034DC020800230C933FAB089380235B0017
:105A300033431A93159B149D002B00DBF2E1802267
:105A40001206944663440E932D232293109B412B00
:105A500000D000E2280026AA0E9902F0DFFFFF2303
:105A600000229B05DCF734FA0022002304000D001D
:105A7000DAF7F6FC002801D001232693D44B1993C2
:105A80000F9B612B01D0D34B1993089B0E93099B5D
:105A9000013B11930022D04B20002900DCF718FABB
:105AA0000D000400DDF730F82190DDF763F8020007
:105AB0000B0020002900DCF777FC0E9B0D001A007C
:105AC000013221990E922392199A0400525C1A70A5
:105AD000119B209301330AD0119B0022013B1193AB
:105AE000200000232900DAF7BBFC0028D2D00022D6
:105AF00020002900B94BDAF7CDFC00280CD1002298
:105B000020002900B54BDAF7ABFC002800D19CE15E
:105B1000219BDB0700D498E130200E9B2A93199B30
:105B2000DA7B2A9B013B2A931978914200D17CE1D0
:105B30004A1CD2B2392901D1199A927A1A70239B40
:105B4000089A269D9B1A0E93109B472B00D0D0E1FC
:105B5000EB1C03DB099BAB4200DBF8E10F9B023B34
:105B60000F933C226B460F999B186C1E1C3A002029
:105B70001B7826949143412902D10F33DBB20130C7
:105B800028A90B702B23002C02DA01240233641B9A
:105B90004B70092C00DCC6E137230A251EAA9B188E
:105BA0001093109B200009932900013B1093DAF712
:105BB00041FC109B30311970200029001194DAF754
:105BC00053FB119B0400632BEBDC2A21099B1EA8CD
:105BD0009A1E091837201300303414701EAC0019B7
:105BE000834200D29AE10023824204D81EAA3933AC
:105BF0009B18099A9B1A2A221EA95218D31828AA60
:105C00009B1A1E931E9A0E9B9446634409930E9B07
:105C1000012B01DCF30704D5169A099B94466344D3
:105C2000099380226E4B520033401A4300231D001B
:105C30001A9210931193229B1A9E1993002B06D04F
:105C40001B231EAA9B182D221A7000231993199B3F
:105C5000099A1A93934200DA1A921B231EAA9B18E0
:105C60001B785A1E93411A9AD3181A9332000223B2
:105C70001A4020921E4202D01A9B02331A938423A8
:105C800032001A4021921E4220D1189B1A9A9C1A67
:105C9000002C1BDD39002D9B524822932E9A013394
:105CA00008313860102C00DD19E37C60A4180F0067
:105CB0002E942D93072B09DD0B990A982CAA02F03C
:105CC000E5FE002801D000F060FE2FAF1B231EAAC6
:105CD0009B181A78002A17D03B6001232E9A7B600C
:105CE000130001332E932D9B0837229301332D93FC
:105CF000072B09DD0B990A982CAA02F0C7FE002891
:105D000001D000F042FE2FAF209B002B19D02E9B1C
:105D1000209325AB3B6002237B60209B0837023336
:105D20002E932D9B209301332D93072B09DD0B9987
:105D30000A982CAA02F0AAFE002801D000F025FE45
:105D40002FAF219B802B20D1189B1A9A9C1A002CD4
:105D50001BDD39002D9B244820932E9A01330831F6
:105D60003860102C00DDCDE27C60A4180F002E946A
:105D70002D93072B09DD0B990A982CAA02F086FEB9
:105D8000002801D000F001FE2FAF199B099A9C1A40
:105D9000002C2BDD39002D9B134819932E9A0133CB
:105DA00008313860102C00DDBFE2A2187C602E9212
:105DB0000F002D93072B19DD0B990A982CAA02F0DE
:105DC00065FE002801D000F0E0FD2FAF0EE0C046D8
:105DD00038DC020849DC0208000030400000E03FE7
:105DE000FFFBFFFF5CDC02086CDC02082E9B1993B2
:105DF000F30500D5B2E2099A089B94463B60099BE3
:105E00007B60199B63442E932D9B089301332D9344
:105E1000072B00DD93E30837E7E2089B0C9305E6C8
:105E20000623F2E50E9300230FE6187079E618704A
:105E30000133CA1AFBD5209A0023013201DB209BD3
:105E400001330E9AD318239379E60E9A20993020C5
:105E50000E9B5118EDE7109A0323099C462A06D0A1
:105E60001400453C62425441099A013B14192AAA84
:105E7000049227AA039226AA029200932A000E9B5C
:105E80000A98019400F09CFE109B0890472B03D1C8
:105E9000F30701D42A9B53E6089B1B191193109B0F
:105EA000462B13D1089B1B78302B0AD100220023EC
:105EB00028000E99DAF7D4FA002802D101231C1B1E
:105EC0002694269A119B9446634411930022002342
:105ED00028000E99DAF7C4FA002801D0119B2A9302
:105EE00030222A9B11999942D4D9591C2A911A70AF
:105EF000F7E7109B462B00D033E6012233000999C7
:105F000013400B43002D1CDD002B46D00A00169BCE
:105F1000EB18D318099366230F9323E01C78013301
:105F20000C7001315CE62A221EABD218002804D185
:105F300030232B228B701EABD2183034531C1470BC
:105F40005DE6002B2BD0169B099A0133E1E70E9BEF
:105F50009D4215DB672309950F93F30702D5169B26
:105F6000EB18099380233200DB001A4011920022C3
:105F700010921E4200D15EE6954232DC11925AE642
:105F8000169A0E9B94466344099367230F93002D42
:105F9000E8DC099B581B431CE3E70995BBE7662334
:105FA00009920F93DEE7AB420EDAED1A129B5B7893
:105FB000002B12D0119B01331193129B01331293CA
:105FC000129B1B78FF2BEED1109A119B9B181B9AEA
:105FD0005343099A9B1809932DE6109B01331093A4
:105FE000EEE7109B1193EBE7231D0D93B30609D544
:105FF0002368179A1A60D2175A60139B0D9C089356
:10600000FFF700FBF30603D52368179A1A60F4E73D
:10601000730603D52368179A1A80EEE7B305F3D504
:106020002368179A1A70E8E710231E4320233000D4
:1060300018401E420FD0193B07349C43220018CA57
:10604000069307940D92C24B1E4000231B221EA9EB
:106050005218002124E4220008CA31000D921022B7
:106060001140164202D006930790ECE74022300020
:106070001040164203D09BB206930791E3E78022BB
:106080003100920011401642F6D0DBB2EBE723005C
:1060900004CB25A9069230220D9300230A704832C2
:1060A0004A70AC49079302331E431F910F92CDE70C
:1060B000230004CB00240D931B2308921EAA9B18D7
:1060C0001C70099B01330ED02100099A089802F038
:1060D0000DF80C90A04200D1FEE0089A831A0993B3
:1060E00023000C9441E40898DAF718F80990F7E7D0
:1060F00010231E432023300018401E4209D0193BB4
:1061000007349C43220018CA069307940D9201237A
:106110009CE7220008CA31000D921022114016425D
:1061200002D006930790F2E740223000104016425A
:1061300003D09BB206930791E9E7802231009200D9
:1061400011401642F6D0DBB2EBE7834B30001F93D1
:10615000202318401E421AD0193B07349C432200CA
:1061600018CA069307940D92F3070AD5069B079A5F
:10617000134306D0302225AB1A700F9A5A700223AF
:106180001E43734B1E40022360E7724BDEE7220082
:1061900008CA31000D9210221140164202D0069317
:1061A0000790E1E7402230001040164203D09BB236
:1061B00006930791D8E780223100920011401642E1
:1061C000F6D0DBB2EBE7079B002B0BD1069B092B2C
:1061D00008D8E7201EABC018069B30330370089028
:1061E00000F030FC80240023E4000E9358A82C40DB
:1061F000431E08930A22069807990023DAF7A2F9AA
:10620000089B30321A700E9B01330E93002C1DD068
:10621000129B0E9A1B789A4218D1FF2A16D0079B20
:10622000002B02D1069B092B10D9089B1B9A1D99A4
:106230009B1A18000893FEF786FA0022129B0E9212
:106240005B785A1E9341129AD31812930023069832
:1062500007990A22DAF776F9079B002B03D1069BF0
:10626000092B00D8EEE3069007910898C0E70F20AD
:1062700058AB0893089B1F9A013B0893069B034069
:10628000D35C089A1370079B1907069B1A09079B92
:1062900011431B0907930B00079A06911343E9D199
:1062A000D0E358AA0892002B00D0CBE3F30700D428
:1062B000C8E3E7201EABC01830238FE70F9B002BED
:1062C00000D183E31B223FA8037000231EA95218AC
:1062D00013700D94FFF7BFFA0C9BFFF746FB1020DD
:1062E000121878602E922D93072B08DD0B990A98CF
:1062F0002CAA02F0CBFB002800D046E32FA90F0008
:10630000103CC7E41020121878602E922D93072BB2
:1063100008DD0B990A982CAA02F0B8FB002800D0DF
:1063200033E32FA90F00103C13E5102012187860FA
:106330002E922D93072B08DD0B990A982CAA02F0B8
:10634000A5FB002800D020E32FA90F00103C21E579
:10635000FFFBFFFF38DC020849DC02080F9B652BBE
:1063600000DC57E21498159900220023DAF778F838
:1063700000287CD0804B3B6001237B60199B083751
:1063800001332E932D9B089301332D93072B08DDAA
:106390000B990A982CAA02F079FB002800D0F4E2AD
:1063A0002FAF269B0E9A934201DBF3071DD5169A59
:1063B0001C9B94463B60169B7B602E9B0837634476
:1063C0002E932D9B089301332D93072B08DD0B99FA
:1063D0000A982CAA02F05AFB002800D0D5E22FAF71
:1063E0000E9B10255C1E002C2FDC730700D5AEE23F
:1063F000189B1A9A934200DA1300179AD31817932E
:106400002E9B0893002B07D00B990A982CAA02F018
:106410003DFB002800D0B8E200232D930C9B002BFD
:1064200000D0CEE22FAFE8E510327D602E922D93A2
:10643000072B08DD0B990A982CAA02F027FB0028ED
:1064400000D0A2E22FA90F00103C39002D9B4B4831
:1064500008932E9A013308313860102CE4DC7C60FC
:10646000A4180F002E942D93072BBEDD67E0269B0A
:10647000002B00DD84E0404B3B6001237B60199BD7
:10648000083701332E932D9B099301332D93072B4E
:1064900008DD0B990A982CAA02F0F8FA002800D01F
:1064A00073E22FAF26990E9B2E9A0B4301213140A8
:1064B0000B439AD01C9B3B60169B7B609A182D9BCC
:1064C0002E92099301332D930837072B08DD0B9982
:1064D0000A982CAA02F0DAFA002800D055E22FAF71
:1064E000269C002C1ADA3900102564422D9B2E9828
:1064F00009935A1C214B08370B60102C29DC4C6087
:1065000024182E942D92072A08DD0B990A982CAA9C
:1065100002F0BCFA002800D037E22FAF089B3B60A6
:106520000E9B7B602E9B1A000E9B9C462D9B62440B
:106530002E925A1C08932D92072A00DC6BE40B99CB
:106540000A982CAA02F0A2FA002800D01DE22FAF70
:106550004BE710304D602E902D92072A08DD0B99E5
:106560000A982CAA02F092FA002800D00DE22FAF70
:106570003900103CBAE7C0465ADC02086CDC02085D
:106580000E9B2C009D4200DD1C00002C15DD089B9D
:106590007C603B60199B0837E3182E932D9B099371
:1065A00001332D93072B08DD0B990A982CAA02F0D2
:1065B0006DFA002800D0E8E12FAFE343DB171C4061
:1065C0002C1B002C1ADD39002D9BCA4809932E9AEA
:1065D000013308313860102C00DD89E07C60A4189C
:1065E0000F002E942D93072B08DD0B990A982CAAE7
:1065F00002F04CFA002800D0C7E12FAF089B5D19CC
:1066000073050DD5119B002B00D084E0109B002B4F
:1066100000D083E0089B0E9A9B189D4200D91D0074
:10662000269B0E9A934201DBF30718D5169A1C9B02
:1066300094463B60169B7B602E9B083763442E93E9
:106640002D9B099301332D93072B08DD0B990A9895
:106650002CAA02F01BFA002800D096E12FAF0E9B67
:1066600008989C46269A6044401B9C1A844200DD90
:106670000400002C14DD2E9B3D601B192E932D9BD6
:106680007C60089301332D930837072B08DD0B99A5
:106690000A982CAA02F0FAF9002800D075E12FAF71
:1066A000E343DB171C40269A0E9B10259B1A1C1BEC
:1066B000002C00DC99E639002D9B8E4808932E9A19
:1066C000013308313860102C00DCC8E610327D60E0
:1066D0002E922D93072B08DD0B990A982CAA02F015
:1066E000D5F9002800D050E12FA90F00103CE2E7B7
:1066F0001020121878602E922D93072B08DD0B992D
:106700000A982CAA02F0C2F9002800D03DE12FA976
:106710000F00103C57E7109B002B61D0109B013BF2
:1067200010931B9A1D9B94463B601B9B7B602E9B8A
:10673000083763442E932D9B099301332D93072B28
:1067400008DD0B990A982CAA02F0A0F9002800D0C5
:106750001BE12FAF0E9A089B9B18129A5B1B1478B3
:106760009C4200DD1C00002C14DD2E9B3D60E318D4
:106770002E932D9B7C60099301332D930837072BB3
:1067800008DD0B990A982CAA02F080F9002800D0A5
:10679000FBE02FAFE343DB171C40129B1B781C1B55
:1067A000002C19DD39002D9B524809932E9A013394
:1067B00008313860102C1ADC7C6014190F002E94FC
:1067C0002D93072B08DD0B990A982CAA02F05EF98D
:1067D000002800D0D9E02FAF129B1B78ED1811E7ED
:1067E000129B013B1293119B013B119399E71020DF
:1067F000121878602E922D93072B08DD0B990A98BA
:106800002CAA02F043F9002800D0BEE02FA90F0007
:10681000103CC7E73C002D9B19990E9A0993013152
:1068200001330834012A03DC0122164200D189E039
:10683000089A2E913A6001222D937A60072B08DD89
:106840000B990A982CAA02F021F9002800D09CE0AC
:106850002FAC169A1C9B94462360169B63602E9B5C
:10686000083463442E932D9B099301332D93072BFA
:1068700008DD0B990A982CAA02F008F9002800D02C
:1068800083E02FAC0E9B0022149815995D1E002307
:10689000D9F7E6FD00282FD12E9B089809932D9B50
:1068A0000E9A591C0F93099B0130013B9B182060E5
:1068B00065602E932D910834072907DD0B990A98FE
:1068C0002CAA02F0E3F800285FD12FAC1E9A28AB67
:1068D000944623601E9B63602E9B63442E932D9BE6
:1068E000089301332D93072B00DD28E60834270099
:1068F0007BE5C0466CDC02081027002DE6DD210098
:106900002D9B574808932E9A013308312060102D93
:1069100007DC65600C00AD182E952D93072BD5DD97
:10692000CCE7103267602E922D93072B07DD0B9971
:106930000A982CAA02F0AAF8002826D12FA90C0048
:10694000103DDCE708982E9105C72D93E6E7189BCC
:106950001A9A10259C1A002C00DC49E52D9B414910
:1069600008932E9A01333960102C19DC7C60A4182E
:106970002E942D93072B00DC3AE50B990A982CAA4C
:1069800002F084F8002800D132E50C9B002B01D1E5
:10699000FFF727F819000A9800F060FFFFF721F8C9
:1069A00010327D602E922D930837072B07DD0B994F
:1069B0000A982CAA02F06AF80028E6D12FAF103C02
:1069C000CCE70C990A9800F049FF2BE52E9B069323
:1069D000002B01D1FFF705F80B990A982CAA02F0B9
:1069E00055F8FEF7FEFF3500002A01D1FEF76DFFD6
:1069F000012B01D1FFF7E7FB022B00D137E407267B
:106A000058AB0893089A1300013B0893069B08991A
:106A1000334030330B7007994C070699C808079923
:106A20000443C90807912100079806940143E9D15E
:106A3000E90707D5302B05D03023089801380370BB
:106A4000931E0893099B089A199358AB9B1A0993B4
:106A500000232E000C931D0010931193FFF7F7F8FD
:106A60006CDC02085CDC0208802310B55B0108289E
:106A700004D000F085FE16230360173B180010BDFC
:106A8000034B10B5002B02D0024800F005F810BDF2
:106A9000000000008D770208002310B501001A00E5
:106AA000180002F081F810BDF0B506000B693269DC
:106AB00087B0002003919A4265DB013B9C00009364
:106AC0000B00143305931B19049333001433029302
:106AD0001C19049B27681B6838005D1C2900019362
:106AE000D9F738FB0190AF4224D30025AC46029879
:106AF000059F08CF019A99B251431B0C5343491982
:106B00000A0C9B18026889B292B26244521A016858
:106B10001D0C090C9BB2CB1A11145B18191492B2FC
:106B20001B041A43049B8C4604C0BB42E1D2236879
:106B3000002B30D03000039901F076FD002821DBD6
:106B400030000024019B0399013301931430143168
:106B5000036820C99AB21419AAB2A21A1B0C2D0CF0
:106B600014145B1B1B191C1492B21B04134308C0A2
:106B7000049B8B42ECD2009B029A9B00D3181A68AC
:106B8000002A15D0019807B0F0BD2368002B06D16C
:106B9000009B013B0093029B043CA342F5D3009B66
:106BA0003361C7E71A68002A06D1009A013A0092B9
:106BB000029A043B9A42F5D3009B3361E2E700005E
:106BC000F0B514001D00016C9DB008940995259E38
:106BD0000490002909D00123426C93404A608B60E5
:106BE00001F0CAFA0023049A1364002D1EDA01236F
:106BF00033606B005B080993099FB64BB54A3B4075
:106C0000934216D1249AB44B13603A03120B1443E7
:106C100001D100F09EFDB148269B0690002B02D0CA
:106C2000AF4B269A136006981DB0F0BD0023336069
:106C3000E2E7089A099B109211931098119900228B
:106C40000023D9F70DFC061E09D00123249A1360F6
:106C5000A44B0693269B002BE5D0A34BE1E71AAB90
:106C600001931BAB00930498109A119B01F004FE52
:106C70007B0005905B0D00D17CE010981199119A72
:106C80009A4C1203120B14432100994A17969F182D
:106C90000022984BDBF788FB974A984BDBF718F9F3
:106CA000974A984BDAF7D6F9040038000D00DBF765
:106CB00061FF954A954BDBF70BF902000B002000B2
:106CC0002900DAF7C7F904000D00DBF71DFF0022E9
:106CD0000390002320002900D9F7C8FB00280BD01F
:106CE0000398DBF747FF2B002200D9F7B9FB43429B
:106CF0005841039B1B1A039301231593039B162BE7
:106D00000FD810981199DA00814B9B181A685B68AC
:106D1000D9F7ACFB002849D0039B013B0393002328
:106D200015931A9BDF1B00230A933B00013B0C9336
:106D300004D50123DB1B0A9300230C93039B002B38
:106D400036DB039A0C9B944663440C930023149205
:106D50000D93229B0124092B67D8052B02DD00240B
:106D6000043B2293229B981E032867D8D9F7DEF9AB
:106D70002938365B1A9B1B9A9E18664BF218202AFC
:106D80000FDD402338009B1A9840634BF318DC401A
:106D90002043DBF71FFF0123604C771E091917936F
:106DA00076E7202320009B1A9840F2E71590B8E779
:106DB0000A9B039A9B1A0A9353420D930023149340
:106DC000C7E700230F93239B0B930793002B13DC40
:106DD00001231A000B93079323920DE00123F1E79F
:106DE0000023239A0F939446039B63440B93013330
:106DF0000793002B00DC0123002204994A6404322B
:106E0000100004991430496C98421BD9049801F081
:106E10008BF9069000281AD1D5210200404B490079
:106E2000404801F003FF0123DBE700230F94229386
:106E3000013B0B93079300221333CDE701230F93FC
:106E4000023BF6E70498013141645200D8E7049B05
:106E5000069A1A64079B0E2B00D9DEE0002C00D1A5
:106E6000DBE0039B002B61DD1A000F21284B0A4059
:106E7000D2009B181D685E68039B02271C11DB056E
:106E80000AD5294B0C401A6A5B6A10981199DAF7F7
:106E90001DFC089009910137234B0E93002C08D15B
:106EA000089809992A003300DAF710FC0890099134
:106EB00057E001231C4209D0FF180E9B28001A68D6
:106EC0005B683100DBF704F805000E000E9B6410D0
:106ED0000833E2E70000F07F0F2700007CDC0208A7
:106EE0007FDC02085ADC02085BDC02080000F03F8D
:106EF00001FCFFFF0000F83F61436F63A787D23FAB
:106F0000B3C8608B288AC63FFB799F501344D33F98
:106F1000F8DD02083204000012040000000010FE38
:106F200089DC02089ADC0208D0DD0208039B0227F4
:106F3000002B16D0109811995C420F23D44A23409D
:106F4000DB00D3181A685B68DAF7C2FF012600235A
:106F500008900991CF4D2411002C00D08DE0002B1A
:106F6000A4D1159B002B00D192E0089C099D002222
:106F700020002900C84BD9F779FA002800D187E012
:106F8000079B002B00D183E00B9B002B41DD039B73
:106F90000022013B0E9320002900C04BDAF798FF36
:106FA000089009910B9E01373800089C099DDBF77A
:106FB000E1FD22002B00DAF78BFF0022B84BDAF755
:106FC00049F812901391129A139B08920993139BFC
:106FD000B44A9F180997002E5ED100222000290094
:106FE000B14BDBF7E1F93B00089A04000D00D9F73B
:106FF00051FA002800D0A3E2AC48139984466144BA
:107000000B0020002900089AD9F730FA002800D098
:1070100094E2109B119C089309941B9B002B00DAAF
:107020006AE1039A0E2A00DD66E1994BD2009B18B3
:107030001E685F68239B002B00DBD7E0079B002BBB
:1070400000DDD3E000D078E2002230003900964B1A
:10705000DAF73EFF089A099BD9F726FA079E370010
:10706000002800D04FE2069B069A01330893312393
:107070001370039B013303934AE2344205D02A681C
:107080006B68DAF725FF330001376410083563E7D2
:10709000039B079E0E9387E77D4B721ED2000F99CC
:1070A0009B181A685B6800294ED000208049DAF7E7
:1070B0000DFB089A099BDBF777F9069B1290139159
:1070C0001693F318199320002900DBF71DFD189083
:1070D000DBF750FD02000B0020002900DBF764F90C
:1070E000169B189C01330893169B30341C70129A1F
:1070F000139B06000F00D9F7B9F900286CD13200B4
:107100003B0000206449DBF74FF9129A139BD9F733
:10711000ADF9002800D0CFE0199B089A934200D126
:1071200077E71298139900225C4BDAF7D1FE5B4B9C
:1071300012901391002230003900DAF7C9FE089B43
:1071400004000D001693BEE708980999DAF7C0FE0F
:10715000069F12901391BB19169329002000DBF7AC
:10716000D3FC0890DBF706FD0B000200290020008D
:10717000DBF71AF9089B040030333B70169B01378C
:107180000D009F422BD112981399069B00229B1948
:107190000893474BD9F75EFF02000B00200029003F
:1071A000D9F778F9002800D086E0129A139B0020C6
:1071B0003F49DBF7F9F802000B0020002900D9F75E
:1071C00055F9002800D124E7089B1A00013A0892DB
:1071D0001278302AF8D008930E9B039346E00022E1
:1071E0002E4BDAF775FE04000D00B6E7069B069AF3
:1071F0000A93079B089C099D013B9B180B93320047
:107200003B0020002900DAF761FADBF77DFC0790EC
:10721000DBF7B0FC32003B00DAF75AFE02000B004D
:1072200020002900DBF7C0F80A9B1A0001320A92FD
:107230000892079A30321A700B9A9A424FD1020084
:107240000B00D9F707FF32003B0004000D00D9F70F
:1072500021F900282ED132003B0020002900D9F767
:10726000FFF8002802D0079BDB0723D40498059978
:1072700000F082FF0023089A03981370249B0130CA
:107280001860269B002B00D1CDE41A60CBE4C046E9
:10729000F8DD0208D0DD02080000F03F00002440C5
:1072A00000001C400000C0FC000014400000C07C36
:1072B0000000E03F039B0E93089B0893013B1A7864
:1072C000392A08D1069A9A42F7D10E9A06990132C4
:1072D0000E9230220A701A7801321A707CE700226E
:1072E000A74BDAF7F5FD0022002304000D00D9F7C3
:1072F000B7F8002883D0B9E70F9F0D9D0A9C002F97
:1073000012D0229A012A6EDC179A002A65D09D4A73
:107310009B180A9A0121D2180A920C9A0498D31841
:107320000C9301F00BF80700002C0EDD0C9B002BDA
:107330000BDD0C9A2300944200DD13000A9AE41A34
:10734000D21A0A920C9AD31A0C930D9B002B1ED0C2
:107350000F9B002B5CD0002D10DD39002A00049813
:1073600001F0B2F8059A01000700049800F0FCFF54
:1073700006000599049800F0FFFE05960D9B5A1B28
:10738000AB4204D00599049801F09EF805900121C4
:10739000049800F0D3FF149B0600002B3ADD1A007E
:1073A0000100049801F090F8229B06000025012BB3
:1073B00038DC0025089BAB4230D1099B1B03AB4254
:1073C0002CD1714B099A134228D00A9B0135013305
:1073D0000A930C9B01330C9320E036231A9A0D9DDF
:1073E0000A9C9B1A95E7079B5D1E0D9BAB4207DB32
:1073F0005D1B079B0A9C002B8BDAE41A002388E7AD
:107400000D9B149AEB1AD3180D9514930025F0E7F1
:107410000D9AB7E7229B0025012BCADD149B0120A2
:10742000002B08D0336903339B00F318586800F031
:107430003DFF2023181A0C9B1F221818030013402D
:10744000104246D00132D21A042A3FDD1C22D31A40
:107450000A9AE418D2180A920C9AD3180C930A9B31
:10746000002B05DD1A000599049801F06FF80590CE
:107470000C9B002B05DD31001A00049801F066F822
:107480000600159B002B26D03100059801F0CCF8A2
:10749000002820DA039B0A22013B0393059900236D
:1074A000049800F073FE0F9B0590002B00D15AE169
:1074B000002339000A22049800F068FE0B9B0700A5
:1074C000002B47DC229B022B0DDC43E0042AC6D0B4
:1074D00013001C33BCE7079B002B35DC229B022BDF
:1074E00032DD079B0B930B9B002B0CD13100052247
:1074F000049800F04BFE06000100059801F094F896
:10750000002800DDAFE5239BDB430393069B089334
:1075100000253100049800F02FFE002F00D1A5E6D1
:10752000002D05D0BD4203D02900049800F024FEB0
:107530003900049800F020FE98E600263700E2E7C4
:107540000E9B370003938EE50F9B002B00D1C2E00A
:10755000079B0B93002C05DD39002200049800F0F6
:10756000F5FF07003800002D21D07968049800F05D
:10757000DBFD041E0ED10200044B054950E4C04659
:1075800000002440330400000000F07F89DC020882
:10759000EA02000039003B690C319A1C92000C3061
:1075A000FCF782FE01222100049800F0CFFF069B29
:1075B0000B9A0793013B9B1801223D0007000E9395
:1075C000089B13400D9331000598FFF76DFA2900D1
:1075D00004000B90059801F027F83A000C90310058
:1075E000049801F03DF8C36830340F9301230A93E7
:1075F0000F9B0890002B04D10100059801F014F8AE
:107600000A900899049800F0B7FD079B0A9A013385
:107610000893229B13430D9A134309D1392C22D08E
:107620000C9B002B01DD0B9C3134079B1C7070E719
:107630000C9B002B04DB229A13430D9A13431ED19B
:107640000A9B002BF1DD05990122049800F07EFFD2
:107650003100059000F0E8FF002802DCE5D1E307E7
:10766000E3D5392CDFD13923079A1370089B08938F
:10767000013B1A78392A63D001321A7049E70A9B14
:10768000002B03DD392CEED00134CEE7079B079A9F
:107690001C700E9B93423ED000230A220599049849
:1076A00000F074FD002305900A2229000498BD42D1
:1076B00006D100F06BFD05000700089B079382E7E9
:1076C00000F064FD3900050000230A22049800F050
:1076D0005DFD0700F1E7079B0B930025310005983E
:1076E000FFF7E2F9069B303058550B9B013504003B
:1076F000AB4207DD00230A220599049800F046FDFD
:107700000590EBE70B9B0120002B00DD1800002506
:10771000069B1B18089305990122049800F016FF98
:107720003100059000F080FF00289FDC01D1E307C5
:107730009CD4089B0893013B1A78302AFAD0E8E6DB
:10774000069A9A4293D1039B01330393312313701A
:10775000DFE6094B269A0693084B002A01D0FFF773
:1077600060FAFFF760FA0B9B002BB6DC229B022B22
:1077700000DDB8E6B1E7C04680DC020888DC02081C
:10778000014B18687047C0466C03002070B5074D68
:10779000074C641BA410002C02D102F067FE70BDE0
:1077A000013CA300EB589847F5E7C04638DF0208D4
:1077B0003CDF0208F7B5040008200D00FFF754F97C
:1077C00006002000FCF782FD0322214F3100BB6838
:1077D0005B689343581B113880190193D8F7BAFCA2
:1077E000451E7543AE4204DD2000FCF777FD002006
:1077F000FEBD00212000FCF73FFFBB68019A9B18EB
:107800009842F1D120006942FCF736FF431C10D1A9
:1078100000212000FCF730FFBA68811A0F29E3DD50
:107820000C4B1B68C01A0C4B186001230B435360B0
:10783000DAE70126019BBA685B1B33435360064BB2
:1078400020001A68551B1D60FCF748FD3000CFE78B
:1078500098070020A00B002058AD0120F7B50D1EA1
:1078600001902DD0FCF732FD012329009C460839F8
:107870004F6862463B0066469343C818456802322B
:1078800095434A4A3740966886421AD15B19002FC1
:1078900006D10868091A8D681B18C868E8608560F9
:1078A0000120184348609160414A12689A4204D806
:1078B000404B01981968FFF77DFF0198FCF70EFD1A
:1078C000F7BD00264560B74209D10F683A4CC91B85
:1078D000DB198F68A7422CD0CC68FC60A7604719E1
:1078E0007C6801273C420BD15B198568002E22D1B0
:1078F000314CA5421FD13E0051611161CD608D60B8
:107900000125280018434860CB50002ED5D1802097
:107910008000834213D2D8085B099D405368C000A1
:107920001D43556082189368CA608B609160D9606E
:10793000C3E76646D3E7C068E8608560E0E75D0AB4
:10794000042D12D898093830C600B618B568032738
:10795000AE4225D101238010834050680343536019
:10796000CE608D60B160E960A7E7142D02D82800D1
:107970005B30E9E7542D02D8180B6E30E4E7AA20FB
:107980004000854202D8D80B7730DDE70B4E7E20D1
:10799000B542D9D8980C7C30D6E7AD68AE4203D05A
:1079A0006A68BA439A42F8D8EE68D9E79807002087
:1079B000A40B002088AD0120A00700205405000082
:1079C0000200F0B504691432130085B04F11BC42B7
:1079D00031DDBB00D3181F2601930B00A5003340F7
:1079E0005519029331420CD1160001998D4238D8B5
:1079F0000199002303398D4201D3E31B9B00D31867
:107A000019E02021029B019ECB1A039302CE029B18
:107A10009446D9400091B54216D8019E0023013604
:107A2000B54202D3E31B9B00043B0099D3181960B5
:107A3000002900D00433991A89100161934201D1C1
:107A40000023436105B0F0BD336803998B40009972
:107A50001943634602C39C4602CE029BD940009163
:107A6000D9E708C908C6C1E70200303A0300092A6D
:107A700002D8203BD8B270470200613A052A01D8EB
:107A8000473BF7E71A00413A0020052AF3D8273B85
:107A9000F0E70000F0B58DB00A93BF4B05901B686E
:107AA0000991180002920793D8F738FB0222079B2E
:107AB00052421B18013B1B7803900B93099B1968DA
:107AC0008B1C521AD118019308910199013308783F
:107AD0003028F7D0FFF7C8FF00231C00049398421A
:107AE0001FD1039A07990198FCF71BFE0700A042DB
:107AF00000D06BE0019B039A985C9D18FFF7B4FFE0
:107B000001230493A04230D00195019B18783028BE
:107B100009D0FFF7A9FF4242424101232C00049201
:107B20000893019D04E0019B01330193EDE70135CA
:107B30002878FFF799FF071EF9D12800039A0799C3
:107B4000FCF7EFFD00280ED1002C07D1039BED18A8
:107B50002C002878FFF788FF002802D1641BA700BB
:107B600003E00135F5E7002CF8D120222B782E0018
:107B70009343502B1DD16B782B2B2CD02D2B2ED03B
:107B800000236E1C06933078FFF76EFF431EDBB2B6
:107B9000182B2BD8103804007078FFF765FF431EB0
:107BA000DBB20136182B1CD9069B002B00D0644297
:107BB0003F19099B1E60049B002B19D00026089BCF
:107BC000B34200D1063630000DB0F0BD01230027CE
:107BD000019D0493C9E700230693AE1CD3E701235C
:107BE000FAE70A235C432418103CD5E72E00E0E7AF
:107BF000019B0499EB1A013B072B0ADC059800F066
:107C000093FA041E08D10200DE21644B644801F09F
:107C10000DF801315B10EFE703001433049309936F
:107C200000231E000693019BAB4240D3099D049B99
:107C300040C5ED1AAD103000256100F037FB029B06
:107C40006D011B682E1A01939E425ADDF61A31000F
:107C5000200000F0BFFE051E16D001251F212800C0
:107C6000731E1940884001005A110498920012585E
:107C70000A4209D0AB4206DD2000B11E00F0AAFE88
:107C80000235002800D1022531002000FFF798FEC0
:107C9000BF19029B9B680393BB4242DA21000598FF
:107CA00000F06AFA0023129AA32613608BE76B1E7A
:107CB00008930B9A1B78934214D0069B202B04D177
:107CC000099B40C3002609930696089B1878FFF786
:107CD000CBFE0F231840069B089D984004330643B3
:107CE0000693A0E70123039A9D1A089B5D19019B47
:107CF0009D42E2D328000799FCF713FD0028DCD150
:107D000091E7019B00259E42C3DA9E1B21003200B1
:107D1000059800F01BFC030014330400BF1B049300
:107D2000B7E7029B5E68BE4271DD019BF61BB34262
:107D300038DC029BDB68022B26D0032B28D0012BDA
:107D400019D1019BB34216D1012B0DD1029B6226A2
:107D50005B680193019A0A9B1A600123049A2361CC
:107D60001360129B1C602EE701992000013900F07E
:107D700031FE0028EAD12100059800F0FDF900232A
:107D8000129A502613601EE7139B002BF3D1DDE7F8
:107D9000139B002BDAD1EEE75CDD020889DC0208D8
:107DA000F5DC0208771E002D2FD1002F04D03900FA
:107DB000200000F00FFE05001F237A111F401E3B1C
:107DC000BB400499920052581A4201D002231D432D
:107DD000019B31009B1B022620000193FFF7F0FD61
:107DE000029B5F68002D41D0029BDB68022B10D004
:107DF000032B12D0012B06D1AA0704D5049A1068D0
:107E000005431D420CD110232FE00125D4E70126A4
:107E1000E8E70123139A9B1A1393139B002BF2D0CC
:107E20002369002003939B0004932300049A1433D6
:107E300099181A68551C1ED001321A602300143399
:107E4000022E40D1029A01991268013A8A420BD15E
:107E50004A111F21019892000140012005008D4028
:107E6000D3582B4200D0012620231E43129B1C60B6
:107E70000A9B1F60A7E601C39942DAD8039BA26858
:107E8000934217DB63680598591C00F04DF9051EF5
:107E900003D1020084211C4BB8E6210023690C3178
:107EA0009A1C92000C30FCF7FFF92100059800F0B5
:107EB00063F92C0023695A1C2261012204339B00C0
:107EC000E3185A60BAE7226903998A4209DD012161
:107ED0002000FFF775FD029B01379B68BB42C2DAA9
:107EE000DCE61F22019D0199012615401142BBD0FD
:107EF000049A9B18043B186800F0D8F920235D1BF6
:107F0000A842E4DBB0E7C04689DC0208082370B56C
:107F100020259A1A9200AD1A436806681C00AC40EE
:107F2000D34034430460436004308842F4D370BDCE
:107F300030B503680C780133002C02D103600120B6
:107F400030BD1A781500413D192D00D8203201317D
:107F5000A242EFD00020F3E7F0B50B688BB001929E
:107F600001995A1192008A18029219001F22114099
:107F700008900691134202D0029B04330293029BA5
:107F800000251E1F37003400089B35601B680795CD
:107F900005930395059B01330993059B5B78049337
:107FA000002B28D00498FFF75FFD002854D1049BD4
:107FB000202B19D8039B079A934212DDBC4206D2AC
:107FC000072D04DC2A0039002000FFF79FFF019BEA
:107FD00008259C4205D9271F00253C00039B3D60D6
:107FE0000793099B0593D5E7049B292B59D1059B42
:107FF000089A02331360039B002B52D0BC4206D276
:10800000072D04DC2A0039002000FFF77FFF019BC9
:108010009C4235D91A00230002CB02C29E42FBD2F9
:10802000029B611CDA1E0423914205D8029B043B8B
:108030001B1B9B0801339B00019AD318002204C329
:108040009E42FCD23368002B04D1019B9E4226D174
:1080500001233360052025E0039B013501330393A1
:10806000082D06DD019B9C42BBD900230125043C61
:1080700023600F22236810401B0118432060B0E7E3
:10808000069B002BDED02021069A029B891A012232
:108090005242CA40043B19680A401A60D2E7043EC3
:1080A000D0E704200BB0F0BD9423024A5B00D05C03
:1080B0007047C046B00B002000487047A00C00205D
:1080C000704770477047704782B0002900D101A9FE
:1080D000101E06D0002B06D013780B601078431EBC
:1080E000984102B0704702204042FAE7C9B28218B4
:1080F000904201D10020704703788B42FBD00130C1
:10810000F6E710B5884202D98B18984203D30023B2
:1081100007E08B5C8354013AFBD210BDCC5CC454A5
:1081200001339A42FAD1F8E7C36C70B506000C002F
:10813000002B12D0F26CA300D3181868002815D1B8
:1081400001210D00A5406A1D3000920000F08CFD59
:10815000002809D0446085600AE02122042100F053
:1081600083FDF0640028E5D1002070BD02681A602C
:1081700000230361C360F8E7002906D04B689A002A
:10818000C36C9B181A680A6019607047F7B50E0037
:1081900001900C001D0000200F6914363368013077
:1081A00099B251431B0C534349190D0C5B191D0C1B
:1081B00089B21B045B1808C68742EFDC002D22D071
:1081C000A368BB4219DC63680198591CFFF7ACFF38
:1081D000061E05D10200B5210C4B0D4800F026FD0E
:1081E000210023690C319A1C92000C30FCF75CF8DA
:1081F00021000198FFF7C0FF34003B1D9B00E318EE
:108200005D607B1C23612000FEBDC04689DC020846
:1082100070DD0208F7B5060018000C0008300921CF
:1082200001931500D8F720F80123002183420ADBCF
:108230003000FFF779FF011E08D10200194B1A48E0
:10824000CE3100F0F3FC5B000131EFE7089B4361A6
:1082500001230361092D18DD230009331F0000935A
:1082600064193B780A223000303BFFF78FFF01375B
:108270000100A742F5D12C00009B083C1C192F00DF
:10828000019B9F4204DB0800FEBD09250A34F6E786
:10829000631BDB5D0A223000303BFFF777FF0137BD
:1082A0000100EDE789DC020870DD02080300020C22
:1082B0000020824201D11B0410301A0E01D1083077
:1082C0001B021A0F01D104301B019A0F01D1023099
:1082D0009B00002B03DB01305B0000D420207047A3
:1082E000036802000721180008400B420DD0063930
:1082F00000200B4205D10230034203D0CB400800DE
:10830000136070479B081360FBE799B2002901D105
:1083100010201B0CD9B2002901D108301B0A190703
:1083200001D104301B09990701D102309B08D907FC
:10833000E9D401305B08E6D12020E2E710B50C005B
:108340000121FFF7F1FE002806D1A0210200044B15
:108350000448490000F06AFC01234461036110BD38
:1083600089DC020870DD0208F0B50B69140012699F
:108370000D0089B0934201DA25000C002F692669AF
:108380006968BB190293AB68BA19934200DA0131EC
:10839000FFF7CAFE0190002806D15E210200484B7B
:1083A0004848FF3100F042FC019B002214339C46F8
:1083B000BB199B0063440393634603998B422CD300
:1083C0002B0022001433BF0014320693B600DB19D1
:1083D000049393190793042305932B0004991533F1
:1083E0000092994205D34B1B153B9B0801339B0020
:1083F0000593079B009A9A4211D3029B002B06DD3E
:10840000039B043B03931B680093002B53D0019BF9
:10841000029A18001A6109B0F0BD04C3CDE7009BB1
:108420001B6898B200281BD067460024069E02CE27
:108430003A688BB2434392B29B181B190C0C44430D
:108440003A68110C61181C0C09190C0C9BB2090438
:108450000B4308C7049BB342E9D86346059A9C5076
:10846000009B1B681E0C20D063462C006046002732
:108470001B68143422689BB291B271430268120CDB
:108480008918CF1939040B43036002CC4368090CE7
:1084900071439BB23F0CCB18049ADB191F0C0430BC
:1084A000A242E7D8624605995350009B04330093DB
:1084B00004239C449DE7029B013B02939DE7C04639
:1084C00089DC020870DD0208F7B5032315000700F8
:1084D0000E001A401D4208D01A49013A9200525823
:1084E00000233100FFF752FE0600AD1027D0BC6C10
:1084F000002C07D138001449FFF720FF00230400A7
:10850000B864036001231D420AD031002200380004
:10851000FFF72AFF310001903800FFF72DFE019E82
:108520006D100CD02068002807D1220021003800EF
:10853000FFF71AFF0023206003600400E2E7300029
:10854000FEBDC046C0DE020871020000F0B50C009E
:1085500017002369551187B0EB180293013301937B
:108560004968A3680490019A934210DB0498FFF7CE
:10857000DBFD0023020006001900143298420CD1E2
:10858000DA210200264B2748FF3100F04FFB013172
:108590005B00E8E7980011500133AB42FADBEB4394
:1085A000DB171D401F2123003800AD00551922693B
:1085B00014339200084084469A180F422AD00131A1
:1085C000091A05910021039567461868B8400143D0
:1085D000039802C002CB03900598C1409A42F3D899
:1085E000200015300423824204D3131B153B9B0843
:1085F00001339B00E950002902D0029B0233019312
:10860000019B0498013B21003361FFF7B5FD300069
:1086100007B0F0BD02CB02C59A42FBD8F0E7C046D6
:1086200089DC020870DD020802690B6930B50400BC
:10863000D01A9A420DD19B0014341431E218C91893
:10864000043A043915680B689D4203D001209D420D
:1086500003D330BD9442F3D3FBE74042F9E7000077
:10866000F0B50E0007001100300087B01400FFF7CE
:10867000DBFF051E10D101003800FFF755FD021E7B
:1086800004D1404B4049414800F0D0FA01234561F4
:108690000361100007B0F0BD01230193002804DB43
:1086A000230034001E000023019338006168FFF7A7
:1086B0003BFD021E03D19021324B8900E3E7019B71
:1086C0000027C360206914340194019B84001B19A6
:1086D0003400029333691434990063180393130030
:1086E00014339C460593019B0493049B02CC20CB3E
:1086F0000493ABB2DF198BB2FB1A090C2D0C6D1A67
:1087000019146D1861462F149BB22D042B4308C118
:10871000039B8C46A342E8D83100039C1531042307
:108720008C4204D3A31B153B9B0801339B0001998A
:10873000CC1805992600CB189C4602998E4210D37E
:10874000029EE11E00258E4204D3310003310C1B32
:10875000A408A5005B19043B196800290FD010611B
:1087600097E702CE8DB2ED190F0C291479180F146A
:10877000ADB209040D43614620C18C46DDE70138E6
:10878000E9E7C04689DC02083202000070DD020819
:108790000F4B19400F4BC918002904DD00220B00B4
:1087A00010001900704749420022002309151329BF
:1087B00004DC8020000308410300F1E714390120A4
:1087C0001E2902DC80200006C8400200E8E7C046FF
:1087D0000000F07F0000C0FCF7B506000369143606
:1087E0009B00F3181D1F2C680F0020000193FFF75A
:1087F0005DFD20231B1A1F493B600A2816DC0B2352
:1088000027001B1ADF4039439C460B000021AE4273
:1088100002D2019908390968153084406046C14088
:108820000C4322001000190003B0F0BD0027AE4237
:1088300002D2019D083D2F680B235B429C46844475
:108840000B2813D0634620209C40C01A3B00C34035
:108850001C4321430B000021B54201D9043D296886
:108860006446C140A7400F433A00DBE721430B00B9
:10887000FAE7C0460000F03FF7B5012114001E00E2
:10888000089FFFF751FC051E05D10200264B274922
:10889000274800F0CBF9330376001B0B760D24D16B
:1088A0000193002C27D068460094FFF719FD009C27
:1088B00000281ED0019B20211A00091A8A40C340BB
:1088C00022436A610193019CAC61631E9C410134A7
:1088D0002C61002E18D0174BF61835233618181AAD
:1088E000099B3E6018602800FEBD8022520313439E
:1088F000D6E76C61E7E701A8FFF7F2FC0124019BD2
:108900002C616B612030E4E70B4BC0180B4B3860D7
:10891000E3189B00EB185869FFF7C8FC6401099B3A
:10892000241A1C60DFE7C04689DC02080A03000045
:1089300070DD0208CDFBFFFFCEFBFFFFFFFFFF3F17
:10894000F0B587B00F0004A90600FFF745FF0090BF
:108950000191009C019D380005A9FFF73DFF0290A1
:108960000391029A039B31693869059E081A04999C
:108970004001891B41180805002907DD01994518A8
:1089800020002900D8F7A2FE07B0F0BD03990B1A0A
:10899000F6E770B51400050001391369491101317A
:1089A000890014349B004118E318A3420DD8140029
:1089B000113400259C4203D89B1A113B9B089D0053
:1089C00000234019814203D870BD40CC40C5ECE77C
:1089D00008C0F7E70200006910B514324B11984245
:1089E00013DB0CDD1F2408002040214207D0990032
:1089F0008C582100C140814001208C4204D19B0051
:108A0000D318934203D8002010BD0300F7E7043BBE
:108A100019680029F5D00120F6E7000070B51400B0
:108A200000252560104D4B000A005B08AB421ADCA4
:108A30001D00054317D00D4D294209D100220C4BD2
:108A4000D9F746FA36250A004B006D425B082560CF
:108A5000084D1B155B192568EB182360064B1A405F
:108A6000064B1343190070BDFFFFEF7F0000F07F3E
:108A70000000504302FCFFFFFFFF0F800000E03FBB
:108A8000002001497047C0460000F87FF0B59368A8
:108A900087B00C0017000290002B65D01368039379
:108AA000002305930193019B002B2DD0A6689E42C5
:108AB00049D89023A289DB001A4241D003202169C2
:108AC00023685B1A049363694343DD0FED18049B2D
:108AD000019801331B186D10AB4200D91D005305DE
:108AE00046D529000298FBF7CDF9061E16D10C23B6
:108AF000029A012013604023A28940421343A381BC
:108B00000023BB607B6031E0039B1B680593039BE4
:108B10005B680193039B08330393C4E7049A2169BC
:108B2000FBF7C2FBA389184A1A4080231343A38191
:108B3000049B2661F61826606561019EED1AA5600A
:108B4000019B9E4200D9019E320005992068FFF7E3
:108B5000D8FAA368019A9B1BA36023689E19BB687F
:108B600026609B1ABB60CFD10020786007B0F0BDB3
:108B70002A000298FBF7DEFB061ED9D12169029874
:108B8000FEF76CFEB3E7C0467FFBFFFF0300081E45
:108B900005D0FF2A04D98A2201201A60404270477A
:108BA00001200A70FBE70000F7B51E4F040038688B
:108BB000160000910193FFF785FA1B4B19680B0013
:108BC000FC33DA6C002A03D10A004D32FF32DA643A
:108BD000536838681F2B04DDFFF775FA0120404207
:108BE000FEBD002C14D0990051180F0088373E604C
:108BF000012716009F408536FF367568FC313D43DE
:108C00007560019DCD60022C02D1B1680F43B76041
:108C1000591C5160023300999B009950FFF753FA99
:108C20000020DDE7A80B0020D4DB020830B51400DB
:108C30001A00094B05001B6885B0D868074B002C4B
:108C400001D1074B1C00019300912B0005490294B0
:108C500000F05AF800F036FE6C030020CCDE02086B
:108C600007DF0208D9DE0208F8B500250E000C0C5B
:108C7000130CAC4233D1AB4221D1B6B291B27143A5
:108C8000FBF700F9041E33D00300083B5A680323A6
:108C90009A43043A242A32D80300132A0AD90560D9
:108CA000456008331B2A05D98560C560242A21D078
:108CB0000300103300221A605A609A6018E01C1CEE
:108CC000311CB6B292B289B27243A3B24B43110CBB
:108CD0005B18190C07D1190492B21143D0E7002B8D
:108CE00001D1111CEDE7FEF74BFD0C2300240360BE
:108CF0002000F8BD0300056118334561DAE7002163
:108D0000FBF7DBFAF4E700000EB403B5010003AB98
:108D1000044804CB0068019300F03AF802B008BCA4
:108D200003B018476C030020F0B585B0019090683F
:108D30000D001400002802D1506005B0F0BD4B6E4C
:108D40009B0421D5176800263B6802937B6800933B
:108D50009B080393039BB3420BDC03230098083763
:108D60009843A368181AA060EDD10023A360636044
:108D7000E3E70299B300C9582A00019800F020FFE8
:108D8000431CF2D00136E5E7019800F043FFECE721
:108D9000F0B5C3B00F001C001E000690079200281B
:108DA00005D0836B0393002B01D100F0A1FE7B6EF5
:108DB000DB0705D4BB899B0502D4B86DFFF782F9A8
:108DC0000C23FA5E80239B011A4205D11343BB8119
:108DD0007A6EA34B13407B66BB891B0702D53B69A8
:108DE000002B15D13900069800F008FD00280FD09F
:108DF0007B6EDB0705D501235B420893089843B0DF
:108E0000F0BDBB899B05F6D4B86DFFF75CF9F2E7BE
:108E10001A23BA8913400A2B13D10E217B5E002B33
:108E20000FDB7B6EDB0704D4930502D4B86DFFF72C
:108E30004AF923003900079A069800F09BFC089035
:108E4000DCE7002319AA16921893179303920C9348
:108E50000D930E930F930893079C2378002B02D059
:108E6000252B00D089E0079BE51A9C4211D0039B7B
:108E7000079A24C3189B5B191893179B049301331B
:108E80001793072B7BDC039B08330393089B5B1929
:108E900008932378002B01D100F029FC002214A9AB
:108EA000CA700121631C0A251400494205910992E8
:108EB0005A1C1B780792180020385A2800D976E3EC
:108EC000D7F73EF9A20075037503AB007503750370
:108ED0007503870075037503AD00B5007503B30016
:108EE000B9007503DD00DF00DF00DF00DF00DF0019
:108EF000DF00DF00DF00DF00750375037503750316
:108F0000750375037503750375030701F90175038F
:108F10007503750375037503750375037503750391
:108F20007503570275037503750398027503B10243
:108F300075037503EC0275037503750375037503FB
:108F4000750375037503750375030701FB0175034D
:108F500075037503F000FB0103017503FC00750345
:108F60003A0259028802030175039802A900B3026C
:108F70007503750367007503A90001346DE73900B7
:108F8000069816AAFFF7D0FE002800D08EE319AB92
:108F90007BE7344A20000C9220221040144200D17A
:108FA0007EE2193A07369643300006C800910192D6
:108FB0000490E20709D5009A01990A4305D015AA41
:108FC00030215370022311701C43274B1C40022395
:108FD000E1E10698FFF770F8436818000F93D7F7A0
:108FE0009DF80E900698FFF767F883680D930E9B27
:108FF000002B10D00D9B002B0DD01B78002B0AD01E
:109000008023DB001C4306E014ABDA780333002A2C
:1090100001D120321A70079B4AE70123F2E708CEFC
:109020000993002BF7DA5B4209930423EAE72B222A
:1090300014ABDA70EFE7079B5A1C1B782A2B15D06C
:1090400000210591190030390792092900D932E72A
:10905000059868434318059313780132F2E7C04638
:10906000FFDFFFFF38DC0208FFFBFFFF08CE0593A0
:10907000002B02DA01235B4205930792CBE78023A2
:10908000C0E70021079A09910999303B69435B18B1
:10909000099313001B78013219003039079209290E
:1090A000F2D908E7079B1B78682B05D1079B013392
:1090B000079380239B00A5E74023A3E7079B1B782A
:1090C0006C2B04D1079B0133079320239AE71023CD
:1090D00098E73200002608CA29AD2B7014ABDE7069
:1090E0000123049205930B960B9B059A0A939342D6
:1090F00000DA0A9214AB03331B785A1E93410A9A82
:10910000D3180A93220002231A4010921C4202D064
:109110000A9B02330A93842322001A4011921C42B4
:1091200022D1099B0A9A9E1A002E1DDD189B0399D5
:109130009C46D048179B039A129308310133106064
:10914000102E00DD40E25660664418961793039196
:10915000072B09DD3900069816AAFFF7E5FD002860
:1091600000D0A3E219AB039314ABDA1CDB78002B1D
:1091700012D00399189B0A60012212934A60179B30
:10918000129A13930132013318921793072B00DDC3
:109190002DE20B0008330393109B002B13D003998F
:1091A00015AA0A600222189B4A601093109A179B16
:1091B00002321293013318921793072B00DD1FE23E
:1091C0000B0008330393119B802B22D1099B0A9A31
:1091D0009E1A002E1DDD189B03999C46A648179BDE
:1091E000039A1093083101331060102E00DD10E255
:1091F00056606644189617930391072B09DD3900D2
:10920000069816AAFFF790FD002800D04EE219AB91
:1092100003930B9B059A9E1A002E1DDD189B039944
:109220009C469548179B039A0B93083101331060B5
:10923000102E00DD00E256606644189617930391E5
:10924000072B09DD3900069816AAFFF76DFD0028E7
:1092500000D02BE219AB0393039B059A1D605A6063
:10926000189B10009C460B93179B60440593013399
:1092700018901793072B00DDF1E1039B0833620779
:1092800000D5F5E1099B0A9A934200DA1300089A87
:10929000D3180893189B0393002B07D03900069826
:1092A00016AAFFF741FD002800D0FFE10023179325
:1092B00019AB039349E010231C43A3062BD50723C6
:1092C00007369E4331000CC9009201930491019A24
:1092D0000123002A09DA009D019E00226942B24161
:1092E000009101922D2114AAD1700199009A0A438C
:1092F0000599013100D109E28021200088430A90BC
:10930000002A00D006E2059A002A00D143E1012B91
:1093100000D002E2E6E0320008CA0492E20603D579
:109320000093DB170193D2E7620601D51BB2F7E782
:10933000A205F5D55BB2F3E7331D0493A30606D56A
:109340003368089A1A60D2175A60049E84E5E306CF
:1093500003D53368089A1A60F7E7630603D53368C4
:10936000089A1A80F1E7A305F3D53368089A1A70B2
:10937000EBE710231C432023200018401C420DD093
:10938000193B07369E4331000CC9009201930491AA
:109390003A4B1C400023002114AAA5E7320008CA5A
:1093A0002100049210221140144202D00093019037
:1093B000EEE7402220001040144203D09BB20093FD
:1093C0000191E5E780222100920011401442F6D07D
:1093D000DBB2EBE73300302104CB0493002300928F
:1093E00015AA117048315170254A019302331C436C
:1093F0000C92D0E73300002620CB049314ABDE7030
:10940000059B01330AD031002800059AFEF76EFE55
:109410000B90B04200D167E6431B63E62800D6F705
:109420007DFE05905FE610231C432023200018409A
:109430001C4209D0193B07369E4331000CC90092EB
:10944000019304910123A6E7330004CB2100049388
:10945000102319401C4203D0009201900F3B9AE761
:109460004023200018401C420CD093B2009301917D
:10947000E8E7C04608DF020818DF0208FFFBFFFF2D
:1094800038DC0208802321009B0019401C4203D0D5
:10949000D3B200930190D5E70092E8E7B34A79E5AB
:1094A000310004C92500049110210D400C4202D066
:1094B000009201907DE54021200008400C4203D03D
:1094C00092B20092019574E58021250089000D403B
:1094D0000C42F6D0D2B2EBE7019B002B09D1009BE6
:1094E000092B06D8B72514ABED18009B30332B7031
:1094F00034E1802600240A9BF60042AD1E400A2279
:10950000009801990023D7F71DF8013D30322A70E9
:109510000134002E1AD00D9B1B78A34216D1FF2CCC
:1095200014D0019B002B02D1009B092B0ED90E9B5E
:109530000F99ED1A1A002800FBF705F90D9B00247E
:109540005B785A1E93410D9AD3180D93002300980F
:1095500001990A22D6F7F6FF019B002B03D1009B4D
:10956000092B00D8FAE000900191C8E70F20009B7A
:109570000C9A0340D35C013D2B70019B1907009BA3
:109580001A09019B11431B0901930B00019A0091D9
:109590001343ECD1E2E042AD002B00D0DEE0E30764
:1095A00000D4DBE0B72514ABED1830239FE7002B88
:1095B00000D19CE029AD2B70002314AAD3700122A6
:1095C000049605920B938FE51020506062461218A6
:1095D00018921793072B07DD3900069816AAFFF794
:1095E000A3FB002862D119A9103E03919EE5390022
:1095F000069816AAFFF798FB002857D119ABCAE5C1
:109600003900069816AAFFF78FFB00284ED119AB38
:10961000D8E5102050606246121818921793072B55
:1096200007DD3900069816AAFFF77EFB00283DD11A
:1096300019A9103E0391CEE5102050606246121821
:1096400018921793072B07DD3900069816AAFFF723
:109650006BFB00282AD119A9103E0391DEE53900E1
:10966000069816AAFFF760FB00281FD119AB06E683
:10967000099A0A991025541A002C00DC02E6179A60
:109680003B480392189901321860102C1EDC5C6074
:10969000641818941792072A00DCF3E5390006983D
:1096A00016AAFFF741FB002800D1EBE57B6EDB0734
:1096B00005D4BB899B0502D4B86DFEF704FDBB89B8
:1096C0005B0601D4FFF79AFBFFF795FB10315D6055
:1096D000189117920833072A07DD3900069816AA51
:1096E000FFF722FB0028E1D119AB103CC7E7189B1C
:1096F0000093002B02D100231793D7E73900069877
:1097000016AAFFF711FB0028F5D0CFE70A94002A2C
:1097100000D1FCE5012B00D1DEE642AD022B00D1E9
:1097200024E707260199009B4C0700993340C8089D
:1097300001990443C9080191210001982A0030339E
:10974000013D2B7000940143ECD10A99C90705D55E
:10975000302B03D03023013D2B70951E059B0A9CB6
:109760000B9342AB5B1B0593BEE4C04649DC020889
:1097700008DF0208F0B5150002221E4C1F008B897D
:10978000A54493436A4693814B6E06001993CB8997
:1097900016A8D381CB690C0007934B6A09931AABC7
:1097A000009304938023DB00029305930023069328
:1097B000FEF786FC2A003B0069463000FFF7E8FA16
:1097C000051E07DB6946300000F01CF9002801D0B7
:1097D00001256D426B469A8940231A4202D0A28924
:1097E0001343A3811698FEF76CFC2800024B9D449E
:1097F000F0BDC04694FBFFFF6C040000304B70B519
:10980000050018680C00002804D0836B002B01D1E0
:1098100000F06EF90C23E25E93B2110723D4D9064F
:1098200007D4092301202B6037331343A38140421F
:1098300070BD5B0713D5216B002908D0230040338E
:10984000994202D02800FEF709F80023236324225E
:10985000A3899343A38100236360236923600823C2
:10986000A2891343A3812369002B0BD1A02180225D
:10987000A389890092000B40934203D02100280065
:1098800000F084FB0C22A35E01201A0099B2024072
:1098900003420FD00022A26062695242A2610020FE
:1098A00022698242C4D10A06C2D540221343A38151
:1098B0000138BDE7880700D46269A260EFE7C046BF
:1098C0006C030020062010B500F0D0FB012000F052
:1098D000C5FD0000F7B50C23CA5E0C00050091B26F
:1098E000130767D480231B0113436268A381002AF6
:1098F00004DCE26B002A01DC0020FEBDA76A002F19
:10990000FAD0002280212E682A601A0049010A40FC
:109910000B4238D0206DA3895B0706D56368C01A57
:10992000236B002B01D0E36BC01A0200E169002316
:109930002800A76AB847A189431C06D12B681D2BB4
:1099400035D82E4ADA40D30731D500222C4B62603D
:109950000B4022691BB2A3812260DB0405D5431CA6
:1099600002D12B68002B00D12065216B2E600029CD
:10997000C2D023004033994202D02800FDF76EFF89
:1099800000202063B9E701232800E169B847431CA0
:10999000C1D12B68002BBED01D2B01D0162B01D1BD
:1099A0002E60A9E74023A2891343A381A5E74023A2
:1099B0000B43FAE72769002F9ED023682760DB1B43
:1099C000019300238A0700D16369A360019B002BE8
:1099D00000DC91E73A002800019BE169666AB04724
:1099E000002806DC40230120A28940421343A381C2
:1099F00083E7019B3F181B1A0193E7E70100402012
:109A0000FFF7FFFF70B505000C00002804D0836B42
:109A1000002B01D100F06CF80C22A35E1E1E15D0A5
:109A2000626ED20704D49B0502D4A06DFEF74AFBF8
:109A300021002800FFF74EFF636E0600DB0705D408
:109A4000A3899B0502D4A06DFEF73DFB300070BDDD
:109A5000002310B504000360436083608181436686
:109A60001900C28103610822436183615C30FAF707
:109A700024FC2000064BE4612362064B58306362ED
:109A8000054BA362054BE362FEF71AFB10BDC0460F
:109A9000ADA00208D5A002080DA1020839A1020854
:109AA00010B5024900F01EFA10BDC04665A20208BA
:109AB00010B50248FEF706FB10BDC0468EAD012072
:109AC00010B50248FEF7FFFA10BDC0468EAD01206A
:109AD00010B50248FEF7F6FA10BDC0468FAD012062
:109AE00010B50248FEF7EFFA10BDC0468FAD012059
:109AF00010B50400FFF7ECFFA26B002A02D0FFF7BD
:109B0000EFFF10BD0E4B0321E363B8239B00E2502F
:109B10000433E1500833E118043BE150606804214C
:109B2000FFF796FF01220921A068FFF791FF0222AB
:109B30001221E068FFF78CFF0123A363DFE7C04633
:109B4000A19A0208F0B585B00E0015000190FEF74D
:109B5000ABFA0400012819D1731EFE2B16D802ABF4
:109B60001E710027A74220D003ABD95DAB68013B33
:109B7000AB60002B04DAAA69934219DB0A2917D0DB
:109B80002B685A1C2A6019700137EBE72B00320052
:109B900001985C3303A900F027FB0400431CE0D1CB
:109BA00040230600AA891343AB81300005B0F0BD05
:109BB0002A00019800F0C6FA431CE5D10600F4E73C
:109BC000536E70B505000E001400DB0705D49389B1
:109BD0009B0502D4906DFEF775FA0C23E25E80239C
:109BE0009B011A4204D11A43A281626E1343636639
:109BF000280022003100FFF7A5FF636E0500DB0798
:109C000005D4A3899B0502D4A06DFEF75CFA280059
:109C100070BD0000F0B5936887B00C00170003908A
:109C2000002B02D1002007B0F0BD8B891B0759D54E
:109C30000B69002B56D03B6802220293A3891800BF
:109C40001040134275D1012201211A400B4200D16C
:109C5000ADE0060001900490049B002B00D116E1BA
:109C600000280CD11A000A213000FEF73FFA049BAD
:109C700001330193002802D00130831B0193019B23
:109C8000049A0593934200D905922068226963697A
:109C9000904200D804E1A2689D18059AAA4200DC0F
:109CA000FEE031002A00FEF72CFA236821005B1940
:109CB00003982360FFF7A6FE002873D1019B0120C3
:109CC0005B1B019305D121000398FFF79BFE002841
:109CD00068D1049B76195B1B0493BB685D1BBD6058
:109CE000BAD19FE721000398FFF788FD0028A2D092
:109CF0000120404297E7029B1B680193029B5D682D
:109D000008330293002DF6D0724A2B00954200D9F9
:109D10001300019AE1690398666AB047002841DDA3
:109D2000019B2D1A1B180193BB68181AB860E9D162
:109D300078E700231D000193E4E7029B1B6804936E
:109D4000029B5B680193029B08330293019B002BEB
:109D5000F3D08023A2899B002068A5681A4264D0B2
:109D6000019B9D4238D89023DB001A4234D02169F0
:109D7000431A0320059363695843059BC60F3618A1
:109D8000019801331B187610B34200D91E00530509
:109D90003CD531000398FAF775F8051E0AD10C235B
:109DA000039A13604023A2891343A381A0E704927E
:109DB0000192CBE7059A2169FAF776FAA389464A18
:109DC0001A4080231343A381059B2561ED1825606C
:109DD0006661019DF61AA660019EB54200D9350064
:109DE0002A0004992068FEF78CF9A3685B1BA36026
:109DF00023685D192560049B9B190493019B9B1BA1
:109E00000193BB689E1BBE60A0D10BE73200039894
:109E1000FAF790FA051ED7D121690398FDF71EFDC8
:109E20008022A3899343A381B9E72369834203D3A3
:109E30006669019B9E4217D9019B9D4200D91D0076
:109E40002A000499FEF75DF9A36822685B1B52198A
:109E50002E00A3602260002BCDD121000398FFF7D4
:109E6000D1FD0028C7D09DE7019A1C4B10009A42F3
:109E700000D91B483100D6F7F7F93300049A434361
:109E8000E1690398656AA847061EB4DC8AE7029B6D
:109E900000201E685B680493029B08330293DBE694
:109EA000059A934208DC656A3200E1690398A84785
:109EB000051E00DD02E775E7059A3100FEF721F97E
:109EC000059AA36815009B1AA36023689B1823605A
:109ED000F4E6C04600FCFF7F7FFBFFFFFEFFFF7F35
:109EE000FFFFFF7FB823F7B5060000279B00019115
:109EF000C4186368A5680093009B013B009304D5D8
:109F00002468002CF5D13800FEBDAB89012B08D99F
:109F10000E22AB5E013304D029003000019B98472C
:109F200007436835E8E7000070B50E001D000E23FA
:109F3000C95E140096B000290CDA0C23F15E802271
:109F4000002308002B601040114217D18023DB0052
:109F5000236016E06A4600F0E5F90028EDDBF02307
:109F600001991B021940084B8020C9184B425941E6
:109F70008023DB0029600001236002E040221800FA
:109F8000226016B070BDC04600E0FFFFF7B50226A4
:109F90008B8905000C00334206D023004333236035
:109FA000236101236361F7BD6A4601ABFFF7BCFF84
:109FB000009907002800F9F765FF002808D10C2256
:109FC000A35E9A05EFD4032293431E43A681E4E7E0
:109FD0000F4BEB638023A28920601343A381009B76
:109FE00020616361019B002B0DD028000E23E15EF0
:109FF00000F0AAF9002806D00322A38993431A008F
:10A0000001231343A381A0890743A781CBE7C0465F
:10A01000A19A020870B504000D001F2904D9162367
:10A0200003600120404270BDB7239B00C358002B42
:10A0300004D08A009B181A68002A08D1200000F07A
:10A0400031F82A000100200000F01AF8EBE70020A8
:10A05000012AE8D0511C03D1162301302360E2E726
:10A06000002428001C6090472000DCE710B5034B5B
:10A0700001001868FFF7CEFF10BDC0466C0300203A
:10A08000002370B5064D0400080011002B6000F09D
:10A09000B5F9431C03D12B68002B00D0236070BDA1
:10A0A00090AD012010B500F099F910BD70B50C000D
:10A0B0000E25495F00F06EF9002803DB236D1B18A5
:10A0C000236570BDA389024A1340A381F9E7C04606
:10A0D000FFEFFFFFF8B51F008B8905000C0016008D
:10A0E000DB0505D50E23C95E0022022300F03EF9F0
:10A0F000A389054A28001340A38132000E23E15EA4
:10A100003B0000F089F8F8BDFFEFFFFF70B50C00D1
:10A110000E25495F00F02AF9A389421C03D1054AA4
:10A120001340A38170BD802252011343A381206597
:10A13000F8E7C046FFEFFFFF10B50E23C95E00F041
:10A140007FF810BDF8B506000D001400002804D0FB
:10A15000836B002B01D1FFF7CBFCA369A360A3891C
:10A160001B072ED52369002B2BD00C23E25E802306
:10A170009B01EFB2EDB21A422CD023682269981AE3
:10A180006369834205DC21003000FFF73BFC0028B7
:10A190001DD1A3680130013BA36023685A1C2260D3
:10A1A0001F706369834204D0A389DB0707D50A2D9A
:10A1B00005D121003000FFF725FC002807D1280039
:10A1C000F8BD21003000FFF719FB0028CDD0012594
:10A1D0006D42F4E71343A381626E024B1340636642
:10A1E000CBE7C046FFDFFFFF7FB51D00094B040032
:10A1F000E0331E682B00002901D10A0001A92000CC
:10A20000B047431C03D100232B608A33236004B082
:10A2100070BDC046B00B002070B5040008001100EE
:10A220001A000023054D2B6000F010F9431C03D1E8
:10A230002B68002B00D0236070BDC04690AD01207C
:10A24000002370B5064D040008002B6000F0B6F83E
:10A25000431C03D12B68002B00D0236070BDC04687
:10A2600090AD012070B505000C1E02D10026300013
:10A2700070BD002804D0836B002B01D1FFF738FCA0
:10A28000636EDB0705D4A3899B0502D4A06DFDF79F
:10A2900019FF0C22A35E002B09D1626E0133160058
:10A2A0001E401A42E2D1A06DFDF70DFFDFE721004D
:10A2B0002800FFF70FFBE36A0600002B06D02800FA
:10A2C000E1699847002801DA01267642A3891B0636
:10A2D00003D528002169FDF7C1FA216B002908D0B8
:10A2E00023004033994202D02800FDF7B7FA00233B
:10A2F0002363616C002904D02800FDF7AFFA002326
:10A300006364FFF7D5FB0023A381636EDB0702D4F0
:10A31000A06DFDF7D8FEA06DFDF7D3FEFFF7D0FBD3
:10A32000A5E70000002370B5064D040008001100E9
:10A330002B6000F04BF8431C03D12B68002B00D09E
:10A34000236070BD90AD0120002370B5064D040060
:10A3500008002B6000F04AF8431C03D12B68002B47
:10A3600000D0236070BDC04690AD012070B50400E0
:10A37000080011001A000023054D2B6000F046F87C
:10A38000431C03D12B68002B00D0236070BDC04656
:10A3900090AD012070B50400080011001A000023E0
:10A3A000054D2B6000F03AF8431C03D12B68002BBD
:10A3B00000D0236070BDC04690AD0120582201201E
:10A3C000014B40421A60704790AD01205822012095
:10A3D000014B40421A60704790AD01205822012085
:10A3E000014B40421A60704790AD01205822024B49
:10A3F00000201A607047C04690AD0120582201200D
:10A40000014B40421A60704790AD01205822012054
:10A41000014B40421A60704790AD01205822012044
:10A42000014B40421A60704790AD0120054A03007D
:10A430001168002901D1044911601068C318136024
:10A440007047C04694AD012098AD012058220120EC
:10A45000014B40421A60704790AD0120FEE70000BA
:10A46000F8B5C046F8BC08BC9E467047F8B5C04673
:10A47000F8BC08BC9E46704701B40248844601BC43
:08A48000604700BF1D0D002024
:10A48800081C3044586C8000000000000000483070
:10A49800315230005030315230004832335230009F
:10A4A8004832335231004832335233004830375241
:10A4B8003300483038523600503038523600483071
:10A4C800395230004830395239004831425236004A
:10A4D8004831325230004831335237004830465202
:10A4E800310048304652360048304652370048312D
:10A4F800415232004830415239004831445231000B
:10A5080048314452350048304252340048313852BC
:10A518003000483236523000483135523000483128
:10A5280030523400483241523300483431523600F8
:10A538004833425236004831385231004831465289
:10A5480035004833425232004832315232004831E5
:10A5580037523100483135523800483242523000C3
:10A568004830355230004833425237004832425260
:10A5780031004830375238004830385237004831B7
:10A588003652360000000000000000000000000005
:10A598006D650000616C6C0069660000666F720092
:10A5A8004A616E00466562004D617200417072003A
:10A5B8004D6179004A756E004A756C0041756700F7
:10A5C800536570004F6374004E6F760044656300F6
:10A5D8004D6F6E646179000054756573646179002C
:10A5E8005765646E6573646179000000546875721C
:10A5F8007364617900000000467269646179000043
:10A6080053617475726461790000000053756E645B
:10A61800617900000A0D54686973206D6F64756C68
:10A62800652077696C6C20626520666F726365646B
:10A6380020696E746F20626F6F746C6F61646572ED
:10A64800206D6F64652E0A0D506C65617365207509
:10A65800736520746865202253544D20466C6173DD
:10A6680068204C6F616465722044656D6F6E737409
:10A678007261746F72222009090909090909092000
:10A68800207574696C69747920746F2075706461C1
:10A69800746520746865206669726D776172652ECD
:10A6A8000A0D0A092A2A2A20496D706F7274616E90
:10A6B80074202A2A2A0A0D49662074686973206D55
:10A6C8006F64756C6520697320636F6E6E65637463
:10A6D8006564206469726563746C7920746F2050B6
:10A6E8004320706C6561736520636C6F73652074BB
:10A6F80068697320706F72742066697273742E0AA9
:10A708000D0000000A0D4D6F64756C6520256420EE
:10A7180077696C6C20626520666F72636564206976
:10A728006E746F20626F6F746C6F61646572206DF8
:10A738006F64652E000000000A0D52656D6F746528
:10A748002075706461746520766961206D6F647529
:10A758006C652025642C20706F727420502564204D
:10A7680077696C6C206265207472696767657265C9
:10A77800642E00000A0D506C656173652075736561
:10A7880020746865202253544D20466C61736820FC
:10A798004C6F616465722044656D6F6E737472618D
:10A7A800746F7222207574696C69747920746F20D3
:10A7B80075706461746520746865206669726D7768
:10A7C8006172652E09090909090909090909092098
:10A7D80020200A0D0A092A2A2A20496D706F7274EE
:10A7E800616E74202A2A2A0A0D2D20496620746871
:10A7F8006973206D6F64756C6520697320636F6E73
:10A808006E6563746564206469726563746C79202D
:10A81800746F20504320706C6561736520636C6FA2
:10A828007365207468697320706F7274206669722A
:10A8380073742E0A0D090909090909090909090981
:10A848002020202D20596F75206D75737420706F2E
:10A85800776572206379636C652074686520656E1E
:10A8680074697265206172726179206166746572BB
:10A87800207468652075706461746520697320664A
:10A88800696E69736865642E0A0D00000D0A424FEF
:10A89800532E726573706F6E73653A20616C6C2C01
:10A8A800206D6573736167652C20636C692C206E5D
:10A8B8006F6E650D0A0000000D0A424F532E747228
:10A8C8006163653A20616C6C2C206D6573736167F8
:10A8D800652C20726573706F6E73652C206E6F6EB9
:10A8E800650D0A00424F532E636C6962617564728C
:10A8F8006174653A20434C492062617564726174E1
:10A90800652E2044656661756C7420697320393240
:10A91800313630302E20546869732061666665636D
:10A92800747320616C6C20706F7274732E2049668A
:10A9380020796F75206368616E6765207468697334
:10A948002076616C75652C20202020202020202076
:10A95800202020796F75206D75737420636F6E6E7B
:10A9680065637420746F206120434C4920706F72B6
:10A9780074206F6E206561636820737461727475EA
:10A988007020746F20726573746F7265206F7468BD
:10A99800657220617272617920706F7274732069B8
:10A9A8006E746F2064656661756C7420626175648D
:10A9B800726174650D0A0000424F532E6465626F20
:10A9C800756E63653A2031202E2E2E2E2E2E2E2EB9
:10A9D8002E2E2E2E203635353336206D7365630DB9
:10A9E8000A000000424F532E73696E676C65636CF2
:10A9F80069636B74696D653A2031202E2E2E2E2ED8
:10AA0800203635353336206D7365630D0A00000036
:10AA1800424F532E6D696E696E746572636C69631B
:10AA28006B74696D653A2031202E2E2E2032353513
:10AA3800206D7365630D0A00424F532E6D6178696E
:10AA48006E746572636C69636B74696D653A203105
:10AA5800202E2E2E20323535206D7365630D0A00A9
:10AA68003D0000003E0000003C0000003E3D0000AC
:10AA78003C3D0000213D0000000000000A0D284D6B
:10AA88006F64756C653A506F72742909090000008B
:10AA980050256409000000000A0A0D004D6F647516
:10AAA8006C652025643A0900090000002564090046
:10AAB80025643A25640900000A0D00000A00000018
:10AAC8000A0D546865736520706F72747320617223
:10AAD800652072657665727365643A000A0D4D6F7C
:10AAE80064756C65202564203A20502564000000B8
:10AAF8000A0A0D416C6C206F7468657220706F7261
:10AB0800747320617265206E6F726D616C0A0D003E
:10AB18000A0D2A2A2A204D6F64756C652025642049
:10AB2800537461747573202A2A2A0A000A0D436F28
:10AB38006E6E65637465642076696120706F7274E7
:10AB48003A205025640A0D000A0D4669726D776136
:10AB580072652076657273696F6E3A2025642E25BA
:10AB6800642E2564000000004A756C2020362032CF
:10AB7800303234000A0D4669726D7761726520645F
:10AB88006174653A202020202573000031333A3162
:10AB9800393A3533000000000A0D4669726D776155
:10ABA80072652074696D653A2020202025730A0D8E
:10ABB800000000000A0D506F7274732053746174A2
:10ABC80075733A0A0A0D00005025643A2000000007
:10ABD800467265650A0D0000526563656976696E9F
:10ABE80067206D657373616765730A0D0000000067
:10ABF80053747265616D696E670A0D00526563650D
:10AC08006976696E67207573657220636F6D6D6113
:10AC18006E64730A0D000000436F6E6E65637465A1
:10AC28006420746F206120627574746F6E2F73775F
:10AC3800697463680A0D00000A0D444D412053747D
:10AC48007265616D73205374617475733A0A0D00EF
:10AC58000A0D53747265616D696E6720444D412019
:10AC68002564206973206672656500000A0D5374B7
:10AC78007265616D696E6720444D412025642069C5
:10AC8800732073747265616D696E672066726F6D8B
:10AC98002050256420746F20502564000A0D5468E4
:10ACA80065736520706F72747320617265207265B8
:10ACB8007665727365643A200000000050256420B0
:10ACC800000000004E6F6E6500000000C24E0008D4
:10ACD800D04E0008DE4E0008EC4E0008FA4E000880
:10ACE8006D650000616C6C00E85900086456000846
:10ACF800805600089E560008CC560008FA560008F0
:10AD08003A5700087A57000864560008EC590008BA
:10AD1800345800085458000876580008A858000805
:10AD2800DA5800081E5900087459000834580008F9
:10AD3800257320253032642F253032642F25303496
:10AD480064000000253032643A253032643A2530F8
:10AD580032640000081C3044586C80000A0D0A0D4B
:10AD68003D3D3D3D3D3D3D3D3D3D3D3D3D3D3D3D0B
:10AD78003D3D3D3D3D3D3D3D3D3D3D3D3D3D3D3DFB
:10AD88003D3D3D3D3D3D3D3D3D3D3D3D3D3D3D3DEB
:10AD98003D3D3D3D0920202020200A0D3D3D3D3D03
:10ADA8003D3D3D3D3D3D3D3D3D3D3D3D3D3D3D3DCB
:10ADB8003D3D3D3D3D3D3D3D3D3D3D3D3D3D3D3DBB
:10ADC8003D3D3D3D3D3D3D3D3D3D3D3D3D3D3D3DAB
:10ADD8000920202020200A0D7C7C202020202020F3
:10ADE80020202020202057656C636F6D6520746FCC
:10ADF800204269747A4F5320434C49212020202057
:10AE0800202020202020202020207C7C0909200AC6
:10AE18000D7C7C2020202020202028432920434FFF
:10AE28005059524947485420484558414249545A74
:10AE380020323031372D323032342E20202020205D
:10AE48002020207C7C0920202020200A0D7C7C20CA
:10AE580020202020202020202020202020202020EA
:10AE680020202020202020202020202020202020DA
:10AE78002020202020202020202020202020207C6E
:10AE88007C0909200A0D7C7C202020202020506C81
:10AE98006561736520636865636B207468652070FD
:10AEA800726F6A656374207765627369746520617F
:10AEB80074202020202020207C7C0909200A0D7C79
:10AEC8007C20202020202020202020202020687482
:10AED80074703A2F2F686578616269747A2E636F8F
:10AEE8006D2F2020202020202020202020202020FE
:10AEF800207C7C0920202020200A0D7C7C2020201A
:10AF08002020202020202020202020202020202039
:10AF18002020202020202020202020202020202029
:10AF2800202020202020202020202020207C7C0978
:10AF380020202020200A0D7C7C2020205479706558
:10AF48002068656C7020666F722061206C6973746C
:10AF5800206F6620617661696C61626C6520636F41
:10AF68006D6D616E64732E20207C7C09202020206A
:10AF7800200A0D3D3D3D3D3D3D3D3D3D3D3D3D3D79
:10AF88003D3D3D3D3D3D3D3D3D3D3D3D3D3D3D3DE9
:10AF98003D3D3D3D3D3D3D3D3D3D3D3D3D3D3D3DD9
:10AFA8003D3D3D3D3D3D3D0920202020200A0D3DF1
:10AFB8003D3D3D3D3D3D3D3D3D3D3D3D3D3D3D3DB9
:10AFC8003D3D3D3D3D3D3D3D3D3D3D3D3D3D3D3DA9
:10AFD8003D3D3D3D3D3D3D3D3D3D3D3D3D3D3D3D99
:10AFE8003D3D3D0920202020200A0A0D00000000D8
:10AFF8000D0A00000D0A5B507265737320454E54AC
:10B00800455220746F20657865637574652074688F
:10B01800652070726576696F757320636F6D6D61F9
:10B028006E6420616761696E5D0D0A3E0000000074
:10B03800436F6E6E656374656420746F206D6F6412
:10B04800756C6520256420282573292C20706F7263
:10B0580074205025642E0A0A0D3E000069662000FF
:10B068000A43616E6E6F742073746F7265206D6F22
:10B07800726520436F6D6D616E6420536E697070E8
:10B088006574732E20506C656173652064656C650A
:10B098007465206578697374696E67206F6E65736F
:10B0A80020616E642074727920616761696E2E0A6E
:10B0B8000D000000656E6420696600000000000055
:10B0C8000A436F6E646974696F6E616C2073746192
:10B0D80074656D656E742061636365707465642062
:10B0E800616E6420616464656420746F20436F6DD1
:10B0F8006D616E6420536E6970706574732E0A0DED
:10B1080000000000626F730057726F6E67206D6FEA
:10B1180064756C65206E616D652120506C65617386
:10B12800652074727920616761696E2E0A0D0000CE
:10B1380057726F6E67206D6F64756C652049442186
:10B1480020506C656173652074727920616761694C
:10B158006E2E0A0D00000000436F6D6D616E642055
:10B1680062726F616463617374656420746F2061D7
:10B178006C6C0A0D0000000025734D756C746963D2
:10B1880061737420436F6D6D616E6420666F7277B2
:10B19800617264656420746F2067726F7570202512
:10B1A800730A0D007570646174650000436F6D6DFE
:10B1B800616E6420666F7277617264656420746F73
:10B1C800204D6F64756C652025640A0D0000000031
:10B1D80025734D6F64756C65202564206973206E36
:10B1E8006F7420726561636861626C652E0A0D0078
:10B1F800636C69636B656400646F75626C6520637A
:10B208006C69636B656400007072657373656420B4
:10B21800666F72200000000072656C65617365647A
:10B2280020666F72200000002000000006700008F1
:10B23800646F0008786F00088C6F0008AE6F000814
:10B24800C26F0008E46F0008081C3044586C800086
:10B258003D3D003E00003C00003E3D003C3D0021DD
:10B268003D00000072756E2D74696D652D737461F3
:10B278007473000072756E2D74696D652D73746139
:10B2880074733A0D0A20446973706C6179206120E7
:10B298007461626C652073686F77696E6720686F88
:10B2A80077206D7563682070726F63657373696E5C
:10B2B800672074696D6520656163682046726565FD
:10B2C80052544F53207461736B20686173207573F7
:10B2D80065640D0A0D0A00006CB202087CB202080F
:10B2E8000D730008000000007461736B2D737461A6
:10B2F800747300007461736B2D73746174733A0D09
:10B308000A20446973706C61792061207461626CF1
:10B31800652073686F77696E672074686520737439
:10B32800617465206F662065616368204672656593
:10B3380052544F53207461736B0D0A0D0A000000BC
:10B34800F0B20208FCB20208CD720008000000004A
:10B3580070696E670000000070696E673A0D0A2018
:10B3680050696E672061206D6F64756C650D0A0DFC
:10B378000A00000058B3020860B302084D730008C1
:10B388000000000075706461746500007570646188
:10B3980074653A0D0A2050757420746865206D6FC5
:10B3A80064756C6520696E20666163746F727920BC
:10B3B800626F6F746C6F61646572206D6F64652075
:10B3C800746F207570646174652069747320666990
:10B3D800726D776172652E0D0A0A09090909090952
:10B3E80020202D205573652027236E2E75706461EB
:10B3F80074652720746F20757064617465207265A8
:10B408006D6F7465206D6F64756C65206E2E204DB0
:10B41800616B652073757265207468652070726F42
:10B428006772616D6D696E6720706F7274206973E1
:10B438002074686520696E636F6D696E6720706F30
:10B448007274206F662074686973206D6F64756C00
:10B45800652E0D0A09090909090920202D205573AF
:10B468006520277570646174652076696120236E94
:10B478002070782720746F207573652074686520A4
:10B48800535420466C617368204C6F616465722068
:10B49800746F6F6C2077697468206D6F64756C6564
:10B4A800206E2C20706F7274207820746F20757055
:10B4B800646174652061206E65696768626F7220D7
:10B4C8006D6F64756C652E205468697320697320EC
:10B4D80075736566756C206966200909090909098B
:10B4E80009746172676574206D6F64756C65206995
:10B4F80073206E6F742070617274206F6620746898
:10B508006520746F706F6C6F6779206F7220696641
:10B518002070726F6772616D6D696E6720706F72EF
:10B5280074206973206E6F7420696E2074686520BA
:10B5380073686F7274657374207061746820746FB7
:10B5480020746172676574206D6F64756C652E0D6B
:10B558000A0D0A008CB3020894B30208E9730008C4
:10B56800FF00000072657365740000007265736502
:10B57800743A0D0A20526573657420746865206DED
:10B588006F64756C650D0A0D0A0000006CB5020841
:10B5980074B50208E5750008000000006E616D656D
:10B5A800000000006E616D653A0D0A204E616D6500
:10B5B80020746865206D6F64756C652077697468A0
:10B5C80020616E20616C696173202831737420706A
:10B5D80061722E290D0A0D0A00000000A4B50208A8
:10B5E800ACB50208F57500080100000067726F75B8
:10B5F8007000000067726F75703A0D0A2047726F0D
:10B608007570206D756C7469706C65206D6F6475EC
:10B618006C65732028326E642B207061722E29208D
:10B62800696E746F2061206E6577206F722065786F
:10B63800697374696E672067726F7570202831733B
:10B6480074207061722E290D0A0D0A00F4B50208E3
:10B65800FCB50208DD760008FF0000007374617411
:10B66800757300007374617475733A0D0A20446928
:10B6780073706C6179206D6F64756C65207374618B
:10B688007475730D0A0D0A0064B602086CB60208D8
:10B69800D979000800000000696E666F000000009C
:10B6A800696E666F3A0D0A20446973706C6179207F
:10B6B800617272617920696E666F726D6174696F0B
:10B6C8006E0D0A0D0A000000A0B60208A8B602080E
:10B6D800F5790008000000007363617374000000CE
:10B6E80073636173743A0D0A205374617274206134
:10B6F8002073696E676C652D6361737420444D41D6
:10B708002073747265616D2E20536F7572636520A6
:10B71800706F72742028317374207061722E292C16
:10B7280020736F75726365206D6F64756C65202872
:10B73800326E64207061722E292C206465737469DE
:10B748006E6174696F6E20706F7274202833726432
:10B75800207061722E292C202020202020202020DB
:10B7680020202020202020202020202020646573F5
:10B7780074696E6174696F6E206D6F64756C652095
:10B7880028347468207061722E292C2064697265CF
:10B798006374696F6E202827666F727761726427F9
:10B7A8002C20276261636B77617264272C202762E3
:10B7B80069646972656374696F6E616C27292028F2
:10B7C800357468207061722E292C207472616E7332
:10B7D80066657220636F756E74202862797465736C
:10B7E800292028367468207061722E292C207472E2
:10B7F800616E736665722074696D656F7574202853
:10B808006D73292028377468207061722E290D0AFB
:10B818000D0A0000E0B60208E8B60208F17A00084E
:10B82800070000006164642D627574746F6E000017
:10B838006164642D627574746F6E3A0D0A204465F4
:10B8480066696E65206120627574746F6E2061741C
:10B85800206F6E65206F6620746865206172726162
:10B868007920706F7274732E20427574746F6E2015
:10B87800747970652028276D6F6D656E74617279B3
:10B888002D6E6F272C20276D6F6D656E7461727930
:10B898002D6E63272C20276F6E6F66662D6E6F27BF
:10B8A8002C20276F6E6F66662D6E632729283173EB
:10B8B80074207061722E292C20427574746F6E206A
:10B8C800706F72742028326E64207061722E290D98
:10B8D8000A0D0A002CB8020838B80208CD7D000805
:10B8E8000200000072656D6F76652D627574746F65
:10B8F8006E00000072656D6F76652D627574746FE9
:10B908006E3A0D0A2052656D6F766520612062756A
:10B9180074746F6E2074686174207761732070721C
:10B928006576696F75736C7920646566696E6564A0
:10B93800206174207468697320706F7274202831D4
:10B948007374207061722E290D0A0D0A0000000020
:10B95800ECB80208FCB802081D7F000801000000CE
:10B96800736574007365743A0D0A20536574206119
:10B9780020706172616D657465722028317374205E
:10B988007061722E29207769746820612067697652
:10B99800656E2076616C75652028326E6420706152
:10B9A800722E290D0A0D0A0068B902086CB902083E
:10B9B800B17F0008FF000000676574006765743A8E
:10B9C8000D0A204765742074686520637572726576
:10B9D8006E742076616C7565206F662061207061D9
:10B9E80072616D657465722028317374207061729C
:10B9F8002E290D0A0D0A0000C0B90208C4B90208B0
:10BA0800A98B0008FF00000064656661756C74000E
:10BA180064656661756C743A0D0A20547970652006
:10BA28002764656661756C7420706172616D732737
:10BA380020746F2073657420616C6C207061726172
:10BA48006D657465727320746F2064656661756CCA
:10BA5800742076616C7565730D0A205479706520C1
:10BA68002764656661756C7420617272617927203C
:10BA7800746F2072656D6F76652063757272656E7E
:10BA88007420746F706F6C6F67790D0A0D0A00006F
:10BA980010BA020818BA02085D8F000801000000F9
:10BAA80074696D650000000074696D653A0D0A20BF
:10BAB800446973706C61792063757272656E742065
:10BAC80074696D6520696E2048483A4D4D3A535364
:10BAD8002D6D73656320666F726D61740D0A0D0AB2
:10BAE80000000000A8BA0208B0BA02085190000885
:10BAF8000000000064617465000000006461746502
:10BB08003A0D0A20446973706C617920637572720A
:10BB1800656E74206461746520696E205765656B75
:10BB2800646179204D4D2F44442F59595959206645
:10BB38006F726D61740D0A0D0A000000FCBA0208EC
:10BB480004BB020829910008000000007365742DE9
:10BB58006261756472617465000000007365742D1C
:10BB680062617564726174653A0D0A2053657420C8
:10BB7800554152542062617564726174650D0A09F9
:10BB88002831737420706172616D65746572293A29
:10BB980020503120746F2050360D0A0928326E6407
:10BBA80020706172616D65746572293A20626175F1
:10BBB80064726174650D0A0D0A00000054BB020826
:10BBC80064BB02085D910008020000007575696495
:10BBD80000000000757569643A0D0A2044697370A5
:10BBE8006C6179204D435520756E697175652055D6
:10BBF80049440D0A0D0A0000D4BB0208DCBB020848
:10BC08001D920008000000006964636F646500000D
:10BC18006964636F64653A0D0A20446973706C61E6
:10BC280079204D4355204944434F444520284445F5
:10BC3800565F494420616E64205245565F49442945
:10BC48000D0A0D0A0000000010BC020818BC02080A
:10BC58008D92000800000000666C6173682D73699E
:10BC68007A650000666C6173682D73697A653A0DB0
:10BC78000A20446973706C6179204D435520466CE5
:10BC88006173682073697A6520696E204B627974E4
:10BC980065730D0A0D0A000060BC02086CBC02083E
:10BCA8006D93000800000000736E697000000000CA
:10BCB800736E69703A0D0A20446973706C6179205B
:10BCC80061206C697374206F662073746F72656489
:10BCD80020436F6D6D616E6420536E69707065747A
:10BCE8007320746F2065646974206F722064656CBA
:10BCF8006574650D0A0D0A00B0BC0208B8BC0208DC
:10BD0800A1930008000000006163742D736E6970D0
:10BD1800000000006163742D736E69703A0D0A208B
:10BD28004163746976617465206120436F6D6D614C
:10BD38006E6420536E69707065740D0A0D0A0000F8
:10BD480010BD02081CBD02084D9700080100000044
:10BD580070617573652D736E69700000706175731D
:10BD6800652D736E69703A0D0A20506175736520F0
:10BD78006120436F6D6D616E6420536E69707065EC
:10BD8800740D0A0D0A00000058BD020864BD0208BF
:10BD9800059800080100000064656C2D736E6970D9
:10BDA8000000000064656C2D736E69703A0D0A20FE
:10BDB80044656C657465206120436F6D6D616E64C8
:10BDC80020536E69707065740D0A0D0A000000003A
:10BDD800A0BD0208ACBD0208BD9800080100000023
:10BDE80062726964676500006272696467653A0D2A
:10BDF8000A204272696467652074776F20617272E5
:10BE0800617920706F7274730D0A0D0A00000000CA
:10BE1800E8BD0208F0BD0208919A0008020000007F
:10BE2800756E62726964676500000000756E627203
:10BE3800696467653A0D0A20556E2D6272696467F8
:10BE4800652074776F20617272617920706F7274E7
:10BE5800730D0A0D0A00000028BE020834BE02084D
:10BE6800AD9B000802000000746573742D706F723A
:10BE780074000000746573742D706F72743A0D0A43
:10BE8800207465737420706F72742066756E6374A5
:10BE9800696F6E616C6974792E20796F75206361A2
:10BEA8006E2063686F6F73652065697468657220BA
:10BEB800746F2074657374206F6E6520737065638A
:10BEC8006966696320706F7274206F7220746F20C6
:10BED8007465737420616C6C20706F7274732E209B
:10BEE800706C65617365207479706520507820776F
:10BEF800686572652078207374616E647320666F5C
:10BF08007220746865206E756D626572206F662098
:10BF1800706F7274206F722074797065203C616C48
:10BF28006C3E20746F207465737420616C6C207093
:10BF38006F72740D0A0D0A0070BE02087CBE0208FA
:10BF4800C99C000801000000726561642D6164638A
:10BF580000000000726561642D6164633A0D0A2077
:10BF680052656164204144432056616C75652066C2
:10BF7800726F6D20506F72742032206F7220506F74
:10BF88007274203320616E642063686F6F7365205C
:10BF98007468652073696465207768657265617384
:10BFA80020746F70206F7220626F74746F6D0D0A49
:10BFB8000D0A000050BF02085CBF0208B19F0008CC
:10BFC80002000000726561642D74656D70000000E8
:10BFD800726561642D74656D703A0D0A2052656151
:10BFE8006420696E7465726E616C2074656D70652D
:10BFF8007261747572650D0A0D0A0000CCBF0208E3
:10C00800D8BF0208E5A0000800000000726561645E
:10C018002D76726566000000726561642D76726522
:10C02800663A0D0A205265616420696E7465726E05
:10C03800616C207265666572656E636520566F6C0B
:10C04800746167650D0A0D0A0000000014C002083B
:10C0580020C0020839A10008000000007265616470
:10C068002D6164632D70657263656E746167650028
:10C07800726561642D6164632D70657263656E74A9
:10C088006167653A0D0A20476574207065726365BB
:10C098006E746167652076616C75652066726F6D78
:10C0A80020706F72742032206F7220706F7274204B
:10C0B800330D0A0D0A00000064C0020878C00208A7
:10C0C8008DA10008010000005461736B2053746156
:10C0D8007465205072696F72697479205374616352
:10C0E8006B20230D0A2A2A2A2A2A2A2A2A2A2A2AB5
:10C0F8002A2A2A2A2A2A2A2A2A2A2A2A2A2A2A2A98
:10C108002A2A2A2A2A2A2A2A2A2A2A2A2A2A2A2A87
:10C118002A2A2A2A2A0D0A005461736B2041627365
:10C128002054696D6520252054696D650D0A2A2AF9
:10C138002A2A2A2A2A2A2A2A2A2A2A2A2A2A2A2A57
:10C148002A2A2A2A2A2A2A2A2A2A2A2A2A2A2A2A47
:10C158002A2A2A2A2A2A0D0A000000007669610084
:10C168004D6F64756C6573205B0000002C20000027
:10C178000A0D4E756D626572206F66206D6F64756D
:10C188006C65733A2025640A000000000A0D4172AC
:10C1980072617920746F706F6C6F67793A0A00006A
:10C1A800436F756C64206E6F7420726561642070D3
:10C1B8006F72747320646972656374696F6E206648
:10C1C8006F7220736F6D65206D6F64756C65732178
:10C1D80020506C65617365207472792061676169AC
:10C1E8006E0A0D0020000000666F727761726400AD
:10C1F8006261636B77617264000000006269646960
:10C2080072656374696F6E616C0000006D6F6D65B7
:10C218006E746172792D6E6F000000006D6F6D6530
:10C228006E746172792D6E63000000006F6E6F6628
:10C23800662D6E6F000000006F6E6F66662D6E6370
:10C2480000000000626F732E0000000072657370BA
:10C258006F6E736500000000616C6C006D65737330
:10C2680061676500636C69006E6F6E6500000000B1
:10C278007472616365000000636C69626175647261
:10C28800617465006465626F756E63650000000027
:10C2980073696E676C65636C69636B74696D65005F
:10C2A8006D696E696E746572636C69636B74696DD0
:10C2B800650000006D6178696E746572636C69630E
:10C2C8006B74696D65000000616D0000706D0000A1
:10C2D8006D6F6E64617900007475657364617900CF
:10C2E8007765646E657364617900000074687572BF
:10C2F8007364617900000000667269646179000006
:10C3080073617475726461790000000073756E64FE
:10C31800617900006A616E756172790031200000F0
:10C328006665627275617279000000003220000053
:10C338006D617263680000003320000061707269EB
:10C348006C000000342000006D6179003520000089
:10C358006A756E6500000000362000006A756C7909
:10C3680000000000372000006175677573740000D5
:10C378003820000073657074656D62657200000096
:10C38800392000006F63746F6265720031300000FD
:10C398006E6F76656D6265720000000031310000D5
:10C3A800646563656D6265720000000031320000EB
:10C3B8006D73670025640A0D0000000025732325AE
:10C3C800640A0D00706172616D73000061727261C0
:10C3D80079000000414D0000504D00002573000019
:10C3E8000D0A000053544D333246303378000000B4
:10C3F80053544D33324630347800000053544D3393
:10C40800324630357800000053544D3332463037C9
:10C418007800000053544D3332463039780000001C
:10C42800554E4B4E4F574E00E292000812930008AB
:10C438000293000812930008C2920008D2920008E2
:10C448001293000812930008F29200085061757365
:10C458006564004163746976650000004800000067
:10C46800746F7000626F74746F6D00004144435FB5
:10C4780056616C75653D2575200D0A00696E7465F9
:10C48800726E616C2074656D706572617475726529
:10C4980020697320252E326643200D0A0000000013
:10C4A800696E7465726E616C207265666572656E20
:10C4B800636520766F6C746167652069733D252E0E
:10C4C800326656200D0A00004144432076616C759F
:10C4D800652070657263656E746167652069733D78
:10C4E800252E3266252520250D0A0000486920667C
:10C4F800726F6D206D6F64756C652025640D0A0080
:10C5080048692066726F6D206D6F64756C652025B3
:10C518006420282573290D0A000000005570646105
:10C528007465206669726D7761726520666F722026
:10C538006D6F64756C652025640A0D0057726F6E07
:10C54800672076616C7565210A0D00004D6F647572
:10C558006C65202564206973206E616D65642025F3
:10C56800730A0D0025732069732061207265736555
:10C578007276656420424F53206B6579776F7264D9
:10C588002120506C65617365207573652061206496
:10C598006966666572656E7420616C6961730A0DFF
:10C5A80000000000257320697320616C7265616466
:10C5B8007920757365642120506C656173652075F9
:10C5C8007365206120646966666572656E742061B2
:10C5D8006C6961730A0D0000257320697320616E10
:10C5E800206578697374696E6720434C4920636FCE
:10C5F8006D6D616E642120506C6561736520757383
:10C6080065206120646966666572656E7420616C78
:10C618006961730A0D000000257320697320612089
:10C6280077726F6E67206D6F64756C652049442062
:10C638006F7220616C6961730A0D0000506C65614E
:10C64800736520656E74657220736F6D65206D6FFC
:10C6580064756C652049447320746F20616464209C
:10C66800746F2025730A0D005D2061646465642081
:10C67800746F206E65772067726F75702025730A56
:10C688000D0000005D20616464656420746F20659E
:10C6980078697374696E672067726F757020257387
:10C6A8000A0D000041637469766174696E672061E0
:10C6B8002025732073696E676C652D636173742020
:10C6C800444D412073747265616D2066726F6D20F0
:10C6D80050256420696E206D6F64756C6520257324
:10C6E80020746F2050256420696E206D6F64756C0E
:10C6F800652025732E205468652073747265616DFA
:10C708002077696C6C20646561637469766174650F
:10C7180020616674657220256420627974657320CF
:10C728006F72202564206D730A0D000041206E652C
:10C738007720257320627574746F6E206E616D6545
:10C7480064204225642077617320646566696E659C
:10C758006420617420706F7274205025640A0D0083
:10C76800427574746F6E204225642077617320725D
:10C77800656D6F7665642066726F6D20706F727478
:10C78800205025640A0D00002573207761732073FB
:10C79800657420746F2025730A0D00000A596F759F
:10C7A800206D757374207265737461727420746F70
:10C7B80020656E61626C6520746865206E657720FF
:10C7C80062617564726174652E0A0D00546869733C
:10C7D800206166666563747320616C6C20706F728B
:10C7E80074732E20496620796F75206368616E67BF
:10C7F8006520746869732076616C75652066726F50
:10C808006D2064656661756C742C20090909090935
:10C8180009090909090909202020796F75206D7512
:10C82800737420636F6E6E65637420746F2061206B
:10C83800434C4920706F7274206F6E206561636885
:10C84800207374617274757020746F2072657374CC
:10C858006F7265206F7468657220617272617920E9
:10C86800706F72747320696E746F20646566617589
:10C878006C742062617564726174650A0D00000051
:10C8880057726F6E6720706172616D657465722191
:10C898000A0D000025730A0D0000000025732067AB
:10C8A800726F757020646F6573206E6F7420657881
:10C8B800697374210A0D000047726F757020257323
:10C8C800206D656D626572733A0A0D0025732069E3
:10C8D800732073657420746F20612077726F6E67A0
:10C8E8002076616C7565210A0D000000416C6C2092
:10C8F800706172616D6574657273207365742074FC
:10C908006F2064656661756C742076616C756573FB
:10C918000A0D000043757272656E7420617272614F
:10C928007920746F706F6C6F6779207761732072EC
:10C93800656D6F7665642E20506C65617365207235
:10C9480065626F6F7420616C6C206D6F64756C65C7
:10C95800730A0D0043757272656E742074696D6593
:10C9680020697320253032643A253032643A253004
:10C9780032642D253033640A0D000000437572724D
:10C98800656E742074696D65206973202530326482
:10C998003A253032643A253032642D25303364200C
:10C9A80025730A0D0000000043757272656E7420CD
:10C9B800646174652069732025730A0D0000000006
:10C9C80057726F6E6720706172616D657465722150
:10C9D8000D0A0000426175647261746520666F72A9
:10C9E80020706F72742050256420776173207365FE
:10C9F8007420746F2025640D0A0000004D435520F3
:10CA0800555549442069730A0D0000004D435520CF
:10CA18004445565F49442069732025730A0D000078
:10CA280025734D4355205245565F4944206973206C
:10CA380025642E300A0D00004D435520466C617365
:10CA4800682073697A65206973202564204B6279B0
:10CA58007465730A0D00000054686520666F6C6C7D
:10CA68006F77696E6720436F6D6D616E6420536EDA
:10CA7800697070657473206172652073746F726574
:10CA88006420696E206D656D6F72793A0A0A0D002F
:10CA98005B253032645D2025730A0D0025736966B5
:10CAA800206225642E636C69636B65640000000076
:10CAB80025736966206225642E646F75626C652033
:10CAC800636C69636B65640025736966206225641D
:10CAD8002E7072657373656420666F72202564001A
:10CAE80025736966206225642E72656C65617365BD
:10CAF8006420666F72202564000000002573696653
:10CB080020257320257320252E31660025730A0DF4
:10CB1800092573000A0D656E642069660A0A0D000E
:10CB2800546F2064656C657465206120536E69706C
:10CB38007065742C20747970653A2064656C2D7367
:10CB48006E697020780A0D546F206163746976618C
:10CB58007465206120536E69707065742C20747937
:10CB680070653A2009090909090909090909090922
:10CB780009096163742D736E697020780A0D546F0A
:10CB8800207061757365206120536E6970706574DB
:10CB98002C20747970653A2070617573652D736EF9
:10CBA800697020780A0A0D776865726520782069AF
:10CBB800732074686520536E6970706574206E7593
:10CBC8006D6265722066726F6D20746865206C698D
:10CBD80073740A0D00000000536E6970706574204C
:10CBE800776173206163746976617465642E20547B
:10CBF80079706520736E697020746F207669657727
:10CC08002075706461746564206C6973740A0D0022
:10CC180054686520536E6970706574206E756D6216
:10CC2800657220776173206E6F7420666F756E640D
:10CC38000A0D0000536E6970706574207761732067
:10CC48007061757365642E205479706520736E6900
:10CC58007020746F207669657720757064617465DB
:10CC680064206C6973740A0D00000000536E6970CB
:10CC7800706574207761732064656C657465642ED3
:10CC8800205479706520736E697020746F207669FE
:10CC980065772075706461746564206C6973740AC3
:10CCA8000D00000050256420616E6420502564202A
:10CCB800617265206272696467656420746F676574
:10CCC800746865720A0D000057726F6E6720737979
:10CCD8006E7461780A0D0000506F72742062726978
:10CCE8006467696E67206661696C65640A0D000097
:10CCF80050256420616E642050256420617265208F
:10CD0800756E2D627269646765640A0D0000000023
:10CD1800506F727420756E6272696467696E6720FD
:10CD28006661696C65640A0D000000005025642086
:10CD3800697320776F726B696E6720636F727265B3
:10CD480063746C790A0D000050256420746573744F
:10CD5800206661696C65640A0D000000506C6561AD
:10CD680073652073686F7274656E20746865206ED1
:10CD780065787420706F727420616E6420707265BB
:10CD8800737320616E79206B657920746F20636FEF
:10CD98006E74696E75652074657374696E67207446
:10CDA8006865206E657874206F6E650A0D0A0D003F
:10CDB80074686520706F7274206E756D626572207C
:10CDC80069732077726F6E670A0D000057726F6E75
:10CDD8006720506172616D657465720A0D0000000C
:10CDE80057726F6E6720506F7274206E756D626532
:10CDF80072200A0D00000000081C3044586C8000A6
:10CE080044656661756C745461736B004261636B51
:10CE1800456E645461736B00557365725461736B2E
:10CE280000000000436C695461736B0050324D730D
:10CE3800675461736B00000050334D73675461731E
:10CE48006B00000050344D73675461736B00000031
:10CE580050354D73675461736B00000050364D7345
:10CE6800675461736B000000081C3044586C8000E4
:10CE780053747265616D54696D657200A2AF0008E4
:10CE8800A2AF000852AF000862AF000872AF0008F6
:10CE980082AF000892AF0008081C3044586C80002C
:10CEA80048692066726F6D206D6F64756C6520250A
:10CEB800640D0A0048692066726F6D206D6F647595
:10CEC8006C6520256420282573290D0A00000000C0
:10CED800746F7000626F74746F6D0000DA1301086C
:10CEE800F2C900082ACA0008A8CA0008F8CA000837
:10CEF8000CCB00084813010848130108481301081F
:10CF08004813010820CB000806CC00084813010884
:10CF18004813010808D100084CD40008CAD10008F9
:10CF280098D200084813010870D3000884D3000879
:10CF3800F8D500080AD600081ED600088AD70008C7
:10CF480088D800089ED8000834D900083CE10008B9
:10CF58004813010848E300080AEB000840F20008FB
:10CF68006803010840F2000892030108F003010871
:10CF78004813010848130108481301086608010806
:10CF88000409010804090108100901087C0A0108BC
:10CF9800860A0108900A0108F2EA000830E400084D
:10CFA80054E400087AE40008B2E40008FCE400084D
:10CFB8004AE5000898E5000830E40008F8EA0008A7
:10CFC800D0E60008F4E600081AE7000852E700086F
:10CFD8008AE70008D8E7000826E80008D0E6000835
:10CFE80004EB00084EE9000872E9000898E9000817
:10CFF800D0E9000808EA000856EA0008A4EA000890
:10D008004EE900087CEB000884EB0008C4EB00083C
:10D0180028EC00088EEC0008F4EC000898ED0008F5
:10D028003CEE000884EB000828F2000816EF000820
:10D038004AEF000880EF0008E8EF000842F0000817
:10D04800E4F0000886F1000816EF00081EFB00084F
:10D05800F6F20008F2F30008D8F40008E8F5000832
:10D0680008F700085AF80008ACF90008F6F20008BA
:10D078002400010800FD00082EFD00085EFD0008E0
:10D08800B8FD000830FE0008D0FE000870FF000858
:10D0980000FD0008120301089E0001089E00010817
:10D0A800EC000108EC0001086001010860010108BA
:10D0B800340201089E000108C40A0108BC0B0108DB
:10D0C800640C0108CA0C0108FC0D0108940E010843
:10D0D800700F010844100108100B0108081C3044A7
:10D0E800586C80000000000073747265616D737481
:10D0F8006172740073747265616D73746172743AED
:10D108000D0A206469676974616C20617564696FD0
:10D1180020646174612077696C6C20626520726597
:10D12800717565737465642066726F6D2053442051
:10D1380043617264206D6F64756C65206F72206145
:10D148006E6F74686572206D6F64756C65206861B8
:10D158007320617564696F20646174612E2057685B
:10D16800656E20746865206D6F64756C65207374D6
:10D17800617274732075702C2073746172742073DB
:10D18800747265616D2077696C6C206265206361DB
:10D198006C6C6564206175746F6D61746963616C32
:10D1A8006C792E0D0A200000F0D00208FCD002088D
:10D1B8009121010800000000636F64656364616386
:10D1C8006761696E00000000636F64656364616392
:10D1D8006761696E3A0D0A20636F6E74726F6C2016
:10D1E8007769746820646163206761696E200D0A3D
:10D1F80074686520706172616D6574657273206909
:10D2080073203A20444143206C6576656C20676141
:10D21800696E203A207365742074686973207061A0
:10D2280072616D657465722066726F6D203020289A
:10D238006869676829206576656E20313520286C15
:10D248006F772920696620796F75206C697374651A
:10D258006E2073617475726174696F6E20696E20D7
:10D2680074686520617564696F206D616B652074F1
:10D278006869732076616C7565206C6F77206576B8
:10D28800656E20617564696F2062652073756974C5
:10D2980061626C652E0D0A0D0A000000C0D10208FB
:10D2A800D0D10208F121010801000000636F646514
:10D2B80063617564696F6C766C000000636F646508
:10D2C80063617564696F6C766C3A0D0A20636F6EE2
:10D2D80074726F6C207769746820617564696F2057
:10D2E8006C6576656C20746F20626F7468206C655D
:10D2F80066742F7269676874206368616E6E656C06
:10D30800730D0A74686520706172616D6574657269
:10D318007320617265203A0D0A726967687420612A
:10D328007564696F206C6576656C203A2073657446
:10D3380020746869732076616C75652066726F6DFC
:10D34800203020286869676829206576656E203254
:10D358003820286C6F77292E0D0A6C656674206159
:10D368007564696F206C6576656C203A2073657406
:10D3780020746869732076616C75652066726F6DBC
:10D38800203020286869676829206576656E203214
:10D398003820286C6F77292E0D0A0D0A000000002E
:10D3A800B4D20208C4D202088D220108020000008B
:10D3B800636F6465636D757465000000636F646511
:10D3C800636D7574653A0D0A20617564696F206D27
:10D3D800757465206F6E2074686520436F6465639B
:10D3E8002773206F7574707574207768657265206F
:10D3F8003A203020666F722064697361626C652020
:10D408006D75746520616E64203120666F722065C9
:10D418006E61626C65206D7574652E0D0A0D0A00CB
:10D42800B8D30208C4D302088D2301080100000004
:10D43800636F64656373687574000000636F646587
:10D4480063736875743A0D0A2073687574646F772E
:10D458006E20436F646563207768657265203A20A3
:10D468003020666F722064697361626C652073682E
:10D478007574646F776E20616E64203120666F72F8
:10D4880020656E61626C652073687574646F776E71
:10D49800202E3A0D0A0D0A0038D4020844D4020896
:10D4A8002924010801000000616D706761696E0040
:10D4B800616D706761696E3A0D0A207365747469ED
:10D4C8006E6720616D706C69666965722067616955
:10D4D8006E2074686572652069732035206C6576E6
:10D4E800656C732073746172742066726F6D20317D
:10D4F800200D0A0D0A000000B0D40208B8D40208B2
:10D50800C524010801000000616D706D7574650027
:10D51800616D706D7574653A0D0A20416D706C69A6
:10D5280066696572206D7574652077686572652017
:10D538003A203020666F722064697361626C6520DE
:10D54800616E64203120666F7220656E61626C6561
:10D55800200D0A0D0A00000010D5020818D502088F
:10D568006125010801000000616D70736875740021
:10D57800616D70736875743A0D0A20416D706C693D
:10D58800666965722073687574646F776E20776852
:10D59800657265203A203020666F72206469736175
:10D5A800626C6520616E64203120666F7220656E42
:10D5B80061626C65200D0A0D0A00000070D5020832
:10D5C80078D502081926010801000000021D01088B
:10D5D800F81D0108081D01082E1D0108921D0108EB
:10D5E8009A1D0108A21D0108AA1D0108B21D010803
:10D5F800D81D0108E01D0108E81D0108F01D0108FB
:10D608004F6B0A0D000000004572726F72210A0DFF
:10D6180000000000081C3044586C8000224A0108B1
:10D62800624A0108E6490108044A0108A24A0108B9
:10D63800E44A0108264B0108684B0108CC4B010855
:10D648000A4C0108626F74746F6D0000746F70008B
:10D65800081C3044586C8000526573746172746998
:10D668006E672E2E2E0D0A00486172644661756C35
:10D6780074204572726F720D0A0000005374616362
:10D688006B204F766572666C6F770D0A000000009C
:10D69800486561702073697A65206578636565649B
:10D6A80065640D0A00000000081C3044586C8000B6
:10D6B8004A756C20203620323032340031333A310A
:10D6C800393A323900000000081C3044586C800098
:10D6D8000676010806760108F2750108F675010854
:10D6E800FA750108FE75010802760108081C304425
:10D6F800586C8000000000000000000000000000DE
:10D708000000000000000000000000000000000011
:10D7180000000000010000000200000003000000FB
:10D7280004000000060000000700000008000000D8
:10D7380009000000000000000000000000000000D8
:10D7480000000000010000000200000003000000CB
:10D7580004000000081C3044586C800068656C7038
:10D76800000000000D0A68656C703A0D0A204C69CB
:10D7780073747320616C6C207468652072656769C6
:10D7880073746572656420636F6D6D616E64732E6A
:10D798002054797065202768656C7020706172610B
:10D7A8006D732720746F206C6973742061766169CA
:10D7B8006C61626C6520706172616D65746572730D
:10D7C80020616E6420746865697220706F73736974
:10D7D800626C652076616C7565730D0A0D0A000030
:10D7E80064D702086CD70208F9870108FF00000017
:10D7F800496E636F727265637420636F6D6D616EDD
:10D808006420706172616D657465722873292E20B9
:10D8180020456E746572202268656C702220746FD2
:10D8280020766965772061206C697374206F6620A3
:10D83800617661696C61626C6520636F6D6D616EA4
:10D8480064732E0D0A0D0A00436F6D6D616E6420BE
:10D858006E6F74207265636F676E697365642E20DE
:10D8680020456E746572202268656C702220746F82
:10D8780020766965772061206C697374206F662053
:10D88800617661696C61626C6520636F6D6D616E54
:10D8980064732E0D0A0D0A00706172616D730000C9
:10D8A80049444C45000000000925630925750925F0
:10D8B800750925750D0A000008AD010812AD0108AB
:10D8C8001CAD010826AD010830AD01080925750910
:10D8D80009257525250D0A0009257509093C3125F5
:10D8E800250D0A003AB00108FCAF01080AB001088A
:10D8F80016B001081EB0010842B1010804B10108C0
:10D9080012B101081EB1010826B10108546D722038
:10D9180053766300BCB60108BCB60108BCB6010862
:10D9280020B7010834B7010864B70108BCB601087C
:10D93800BCB6010820B7010834B70108546D72510C
:10D9480000000000081C3044586C80009603020850
:10D95800DAFB01084CFC010896030208BEFC01082A
:10D968009603020896030208960302089603020823
:10D978009603020896030208960302089603020813
:10D988009603020896030208960302088AFD010816
:10D9980096030208960302089603020896030208F3
:10D9A80096030208960302089603020896030208E3
:10D9B80096030208960302089603020896030208D3
:10D9C800960302089603020896030208E2FE01087D
:10D9D800081C3044586C8000010002000400060056
:10D9E80008000A000C001000200040008000000120
:10D9F800081C3044586C8000010101030701000035
:10DA080008040204080101018C0A00085C0A0008E5
:10DA18005C0A00085A0A0008600A0008600A000840
:10DA2800A80B00085A0A0008600A0008A80B00089A
:10DA3800600A00085A0A0008540B0008540B000832
:10DA4800540B0008E40B0008A817000896170008F4
:10DA5800741700089E17000874170008761A000843
:10DA6800741700089E1700089617000896170008F4
:10DA7800761A00089E17000860170008601700084B
:10DA880060170008EC1A0008B61F0008741F000889
:10DA9800741F0008701F00087A1F00087A1F00080A
:10DAA80086220008701F00087A1F000886220008D6
:10DAB8007A1F0008701F00081A2200081A2200089E
:10DAC8001A220008F0220008002020202020202010
:10DAD8002020282828282820202020202020202016
:10DAE8002020202020202020208810101010101026
:10DAF8001010101010101010100404040404040472
:10DB0800040404101010101010104141414141410B
:10DB180001010101010101010101010101010101ED
:10DB280001010101101010101010424242424242FD
:10DB380002020202020202020202020202020202BD
:10DB48000202020210101010200000000000000065
:10DB580000000000000000000000000000000000BD
:10DB680000000000000000000000000000000000AD
:10DB7800000000000000000000000000000000009D
:10DB8800000000000000000000000000000000008D
:10DB9800000000000000000000000000000000007D
:10DBA800000000000000000000000000000000006D
:10DBB800000000000000000000000000000000005D
:10DBC80000000000000000000000000070030020BA
:10DBD80035000000CEFBFFFFCB0300000100000072
:10DBE8000000000034000000CEFBFFFFCB03000064
:10DBF8000100000000000000BC89D897B2D29C3C0C
:10DC080033A7A8D523F649393DA7F444FD0FA5321B
:10DC18009D978CCF08BA5B25436FAC6428066811C2
:10DC2800494E4600696E66004E414E006E616E00B8
:10DC3800303132333435363738396162636465667A
:10DC48000030313233343536373839414243444570
:10DC580046003000202020202020202020202020C6
:10DC680020202020303030303030303030303030EC
:10DC7800303030304E614E00496E66696E69747995
:10DC88000042616C6C6F63207375636365656465DE
:10DC980064002F6275696C642F676E752D746F6FE1
:10DCA8006C732D666F722D73746D33325F31302E45
:10DCB800332D323032312E31302E32303231313153
:10DCC80030352D313130302F7372632F6E65776C9C
:10DCD80069622F6E65776C69622F6C6962632F7356
:10DCE80074646C69622F64746F612E63002F6275AF
:10DCF800696C642F676E752D746F6F6C732D666F0A
:10DD0800722D73746D33325F31302E332D323032D1
:10DD1800312E31302E32303231313130352D3131F2
:10DD280030302F7372632F6E65776C69622F6E6562
:10DD3800776C69622F6C6962632F7374646C6962B3
:10DD48002F6764746F612D6765746865782E63004A
:10DD58002E00000058DD020807DF0208AC0B002087
:10DD68004300504F534958002F6275696C642F6700
:10DD78006E752D746F6F6C732D666F722D73746D65
:10DD880033325F31302E332D323032312E31302E56
:10DD980032303231313130352D313130302F7372EC
:10DDA800632F6E65776C69622F6E65776C69622F79
:10DDB8006C6962632F7374646C69622F6D7072652D
:10DDC800632E6300000000000080E03779C3414300
:10DDD800176E05B5B5B89346F5F93FE9034F384DC9
:10DDE800321D30F94877825A3CBF737FDD4F157575
:10DDF800000000000000F03F000000000000244088
:10DE080000000000000059400000000000408F4062
:10DE1800000000000088C34000000000006AF840CD
:10DE28000000000080842E4100000000D0126341F1
:10DE38000000000084D797410000000065CDCD4167
:10DE4800000000205FA00242000000E87648374248
:10DE5800000000A2941A6D42000040E59C30A242E6
:10DE68000000901EC4BCD64200003426F56B0C435B
:10DE78000080E03779C3414300A0D8855734764302
:10DE880000C84E676DC1AB43003D9160E458E14363
:10DE9800408CB5781DAF154450EFE2D6E41A4B44D8
:10DEA80092D54D06CFF08044F64AE1C7022DB5441D
:10DEB800B49DD9794378EA440500000019000000B0
:10DEC8007D0000002C2066756E6374696F6E3A20C1
:10DED80000617373657274696F6E20222573222046
:10DEE8006661696C65643A2066696C6520222573F1
:10DEF800222C206C696E65202564257325730A0021
:10DF08002020202020202020202020202020202009
:10DF180030303030303030303030303030303030F9
:08DF2800C827FD7F0100000085
:08DF3000816A0208E900000803
:04DF3800C10000081C
:10DF3C00010012000000000000000000000027009B
:10DF4C000000090000001A0000000000010014008D
:10DF5C000000000000000000000000001E00320065
:10DF6C0005FA000000100E00001800000000000070
:10DF7C000000000000000000600000000000010034
:10DF8C0027000000A8A50208ACA50208B0A502084D
:10DF9C00B4A50208B8A50208BCA50208C0A50208D1
:10DFAC00C4A50208C8A50208CCA50208D0A5020881
:10DFBC00D4A50208D8A50208E0A50208E8A5020825
:10DFCC00F4A5020800A6020808A6020814A6020876
:10DFDC001CA602080CA7020840A702087CA702088E
:10DFEC000302FF0194A80208C0A80208ECA80208CA
:10DFFC00C0A90208ECA9020818AA020840AA020843
:10E00C0001001200000000000000000000002700CA
:10E01C000000090000001A000000000001001400BC
:10E02C0000000000000000000000000064AD0208C9
:10E03C00F8AF0208FCAF020801001200000000005B
:10E04C0000000000000027000000090000001A007A
:10E05C00000000000100140000000000000000009F
:10E06C0000000000F4C4020808C5020824C5020818
:10E07C0044C5020854C502086CC50208ACC50208A8
:10E08C00E0C5020820C6020844C6020870C6020891
:10E09C008CC602086CC50208ACC50208E0C50208B3
:10E0AC00ACC6020834C7020868C7020890C7020849
:10E0BC00A4C70208D4C7020888C8020844C50208CD
:10E0CC009CC80208A4C80208C0C8020888C8020874
:10E0DC00D4C80208F4C802081CC9020844C50208C6
:10E0EC005CC9020884C90208B0C90208C8C9020880
:10E0FC00DCC9020804CA020814CA020828CA0208A9
:10E10C0040CA020860CA020898CA0208A4CA0208D7
:10E11C00B8CA0208D0CA0208E8CA020804CB02082E
:10E12C0014CB02081CCB020828CB0208E0CB020857
:10E13C0018CC02083CCC020818CC020874CC02089B
:10E14C0018CC0208ACCC0208D0CC0208E0CC0208F7
:10E15C00F8CC0208D0CC020818CD020834CD020845
:10E16C0050CD020864CD0208B8CD0208D0CC02080C
:10E17C00D4CD0208E8CD0208E8CD02080100120057
:10E18C000000000000000000000027000000090053
:10E19C0000001A0000000000010014000000000044
:10E1AC000000000000000000010012000000000050
:10E1BC0000000000000027000000090000001A0009
:10E1CC00000000000100140000000000000000002E
:10E1DC00000000000000000007000000ECD0020866
:10E1EC000200000008D6020810D6020808D6020861
:10E1FC0010D6020808D6020810D6020808D6020863
:10E20C0010D6020808D6020810D6020808D6020852
:10E21C0010D6020808D6020810D6020808D6020842
:10E22C0010D60208010012000000000000000000DF
:10E23C00000027000000090000001A000000000088
:10E24C0001001400000000000000000000000100AC
:10E25C0060D602080024F400010012000000000047
:10E26C0000000000000027000000090000001A0058
:10E27C00000000000100140000000000000000007D
:10E28C0000000000E8D70208000000005403002042
:10E29C00AAAAAAAA04000000010000007003002032
:10E2AC00000000005C060020C40600202C070020A3
:10E2BC000000000000000000000000000000000052
:10E2CC000000000000000000000000000000000042
:10E2DC000000000000000000000000000000000032
:10E2EC000000000000000000000000000000000022
:10E2FC000000000000000000000000000000000012
:10E30C000000000000000000000000000000000001
:10E31C0000000000000000000000000000000000F1
:10E32C0000000000000000000000000000000000E1
:10E33C0000000000000000000000000000000000D1
:10E34C0000000000000000000100000000000000C0
:10E35C000E33CDAB34126DE6ECDE05000B00000085
:10E36C0000000000000000000000000000000000A1
:10E37C000000000000000000000000000000000091
:10E38C000000000000000000000000000000000081
:10E39C000000000000000000000000000000000071
:10E3AC000000000000000000000000000000000061
:10E3BC000000000000000000000000000000000051
:10E3CC000000000000000000000000000000000041
:10E3DC000000000000000000000000000000000031
:10E3EC000000000000000000000000000000000021
:10E3FC000000000000000000000000000000000011
:10E40C000000000000000000000000000000000000
:10E41C0000000000000000000000000000000000F0
:10E42C0000000000000000000000000000000000E0
:10E43C0000000000000000000000000000000000D0
:10E44C0000000000000000000000000000000000C0
:10E45C0000000000000000000000000000000000B0
:10E46C0000000000000000000000000000000000A0
:10E47C000000000000000000000000000000000090
:10E48C000000000000000000000000000000000080
:10E49C000000000000000000000000000000000070
:10E4AC000000000000000000000000000000000060
:10E4BC000000000000000000000000000000000050
:10E4CC000000000000000000000000000000000040
:10E4DC000000000000000000000000000000000030
:10E4EC000000000000000000000000000000000020
:10E4FC000000000000000000000000000000000010
:10E50C0000000000000000000000000000000000FF
:10E51C0000000000000000000000000000000000EF
:10E52C0000000000000000000000000000000000DF
:10E53C0000000000000000000000000000000000CF
:10E54C0000000000000000000000000000000000BF
:10E55C0000000000000000000000000000000000AF
:10E56C00000000000000000000000000000000009F
:10E57C00000000000000000000000000000000008F
:10E58C00000000000000000000000000000000007F
:10E59C00000000000000000000000000000000006F
:10E5AC00000000000000000000000000000000005F
:10E5BC00000000000000000000000000000000004F
:10E5CC00000000000000000000000000000000003F
:10E5DC00000000000000000000000000000000002F
:10E5EC00000000000000000000000000000000001F
:10E5FC00000000000000000000000000000000000F
:10E60C0000000000000000000000000000000000FE
:10E61C0000000000000000000000000000000000EE
:10E62C0000000000000000000000000000000000DE
:10E63C0000000000000000000000000000000000CE
:10E64C0000000000000000000000000000000000BE
:10E65C0000000000000000000000000000000000AE
:10E66C00000000000000000000000000000000009E
:10E67C00000000000000000000000000000000008E
:10E68C00000000000000000000000000000000007E
:10E69C00000000000000000000000000000000006E
:10E6AC00000000000000000000000000000000005E
:10E6BC00000000000000000000000000000000004E
:10E6CC00000000000000000000000000000000003E
:10E6DC009807002098070020A0070020A007002022
:10E6EC00A8070020A8070020B0070020B0070020D2
:10E6FC00B8070020B8070020C0070020C007002082
:10E70C00C8070020C8070020D0070020D007002031
:10E71C00D8070020D8070020E0070020E0070020E1
:10E72C00E8070020E8070020F0070020F007002091
:10E73C00F8070020F807002000080020000800203F
:10E74C0008080020080800201008002010080020ED
:10E75C00180800201808002020080020200800209D
:10E76C00280800202808002030080020300800204D
:10E77C0038080020380800204008002040080020FD
:10E78C0048080020480800205008002050080020AD
:10E79C00580800205808002060080020600800205D
:10E7AC00680800206808002070080020700800200D
:10E7BC0078080020780800208008002080080020BD
:10E7CC00880800208808002090080020900800206D
:10E7DC009808002098080020A0080020A00800201D
:10E7EC00A8080020A8080020B0080020B0080020CD
:10E7FC00B8080020B8080020C0080020C00800207D
:10E80C00C8080020C8080020D0080020D00800202C
:10E81C00D8080020D8080020E0080020E0080020DC
:10E82C00E8080020E8080020F0080020F00800208C
:10E83C00F8080020F808002000090020000900203A
:10E84C0008090020080900201009002010090020E8
:10E85C001809002018090020200900202009002098
:10E86C002809002028090020300900203009002048
:10E87C0038090020380900204009002040090020F8
:10E88C0048090020480900205009002050090020A8
:10E89C005809002058090020600900206009002058
:10E8AC006809002068090020700900207009002008
:10E8BC0078090020780900208009002080090020B8
:10E8CC008809002088090020900900209009002068
:10E8DC009809002098090020A0090020A009002018
:10E8EC00A8090020A8090020B0090020B0090020C8
:10E8FC00B8090020B8090020C0090020C009002078
:10E90C00C8090020C8090020D0090020D009002027
:10E91C00D8090020D8090020E0090020E0090020D7
:10E92C00E8090020E8090020F0090020F009002087
:10E93C00F8090020F8090020000A0020000A002035
:10E94C00080A0020080A0020100A0020100A0020E3
:10E95C00180A0020180A0020200A0020200A002093
:10E96C00280A0020280A0020300A0020300A002043
:10E97C00380A0020380A0020400A0020400A0020F3
:10E98C00480A0020480A0020500A0020500A0020A3
:10E99C00580A0020580A0020600A0020600A002053
:10E9AC00680A0020680A0020700A0020700A002003
:10E9BC00780A0020780A0020800A0020800A0020B3
:10E9CC00880A0020880A0020900A0020900A002063
:10E9DC00980A0020980A0020A00A0020A00A002013
:10E9EC00A80A0020A80A0020B00A0020B00A0020C3
:10E9FC00B80A0020B80A0020C00A0020C00A002073
:10EA0C00C80A0020C80A0020D00A0020D00A002022
:10EA1C00D80A0020D80A0020E00A0020E00A0020D2
:10EA2C00E80A0020E80A0020F00A0020F00A002082
:10EA3C00F80A0020F80A0020000B0020000B002030
:10EA4C00080B0020080B0020100B0020100B0020DE
:10EA5C00180B0020180B0020200B0020200B00208E
:10EA6C00280B0020280B0020300B0020300B00203E
:10EA7C00380B0020380B0020400B0020400B0020EE
:10EA8C00480B0020480B0020500B0020500B00209E
:10EA9C00580B0020580B0020600B0020600B00204E
:10EAAC00680B0020680B0020700B0020700B0020FE
:10EABC00780B0020780B0020800B0020800B0020AE
:10EACC00880B0020880B0020900B0020900B00205E
:10EADC00FFFFFFFF000002008CAD0120FF000000D3
:10EAEC0043000000000000000000000000000000D7
:10EAFC00000000000000000000000000000000000A
:10EB0C0043000000000000000000000000000000B6
:10EB1C0000000000000000000000000000000000E9
:10EB2C004300000000000000000000000000000096
:10EB3C0000000000000000000000000000000000C9
:10EB4C004300000000000000000000000000000076
:10EB5C0000000000000000000000000000000000A9
:10EB6C004300000000000000000000000000000056
:10EB7C000000000000000000000000000000000089
:10EB8C004300000000000000000000000000000036
:10EB9C000000000000000000000000000000000069
:10EBAC004300000000000000000000000000000016
:10EBBC000000000000000000000000000000000049
:10EBCC008D8B0208C980020800000000D0DA020810
:10EBDC0058DD020807DF020807DF020807DF02081A
:10EBEC0007DF020807DF020807DF020807DF020859
:10EBFC0007DF020807DF0208FFFFFFFFFFFFFFFF31
:10EC0C00FFFFFFFFFFFF0000010041534349490094
:10EC1C0000000000000000000000000000000000E8
:10EC2C00000000000000000000004153434949006F
:10EC3C0000000000000000000000000000000000C8
:10EC4C0000000000000000000000000080B588B04B
:10EC5C0000AF786039601F23FB1800221A707B68A4
:10EC6C00BB613B687B611A4B5A69194B8021C90205
:10EC7C000A435A61EFF31083FB60FB683B6172B689
:10EC8C00C0460FE07A69BB6912681A607B6904336D
:10EC9C007B61BB690433BB611F217B181A787B181D
:10ECAC0001321A701F23FB181B783F2BEAD9C04680
:10ECBC00074B1A69C0239B021340F9D13B69BB6017
:10ECCC00BB6883F31088C046C046BD4608B080BD03
:04ECDC0000200240D2
:06ECE0000000000000002E
:040000050801782155
:00000001FF
